{"type":"FeatureCollection","crs":{"type":"name","properties":{"name":"EPSG:26985"}},"features":[{"type":"Feature","id":1,"geometry":{"type":"Polygon","coordinates":[[[397919.15380000323,137122.45149999857],[397920.13480000198,137122.48360000178],[397921.11169999838,137122.57979999855],[397922.0802000016,137122.73970000073],[397923.03610000014,137122.9626000002],[397923.97540000081,137123.24749999866],[397924.89410000294,137123.59329999983],[397925.78809999675,137123.99839999899],[397926.65380000323,137124.46110000089],[397927.48740000278,137124.97949999943],[397928.28519999981,137125.55119999871],[397929.04399999976,137126.17390000075],[397929.76039999723,137126.84490000084],[397930.43140000105,137127.56129999831],[397931.05409999937,137128.32009999827],[397931.62579999864,137129.11789999902],[397932.14419999719,137129.95149999857],[397932.60689999908,137130.81720000133],[397933.01200000197,137131.71119999886],[397933.35779999942,137132.62990000099],[397933.6427000016,137133.56920000166],[397933.86559999734,137134.5251000002],[397934.02549999952,137135.4935999997],[397934.12169999629,137136.47049999982],[397934.15370000154,137137.40900000185],[397934.15990000218,137139.59750000015],[397934.15999999642,137139.6400000006],[397934.14899999648,137140.21429999918],[397933.25900000334,137163.44429999962],[397933.23789999634,137163.85099999979],[397933.14169999957,137164.82789999992],[397932.98179999739,137165.79639999941],[397932.91700000316,137166.10509999841],[397931.994599998,137170.28130000085],[397931.94990000129,137183.77959999815],[397931.92279999703,137184.63259999827],[397931.82050000131,137186.32959999889],[397929.48279999942,137231.43549999967],[397929.47079999745,137231.64009999856],[397929.37460000068,137232.61699999869],[397929.2146999985,137233.58549999818],[397928.99180000275,137234.54140000045],[397928.70690000057,137235.48070000112],[397928.36110000312,137236.39939999953],[397927.95600000024,137237.29340000078],[397927.49329999834,137238.15909999982],[397926.9748999998,137238.99269999936],[397926.40320000052,137239.79050000012],[397925.78050000221,137240.54930000007],[397925.10949999839,137241.26570000127],[397924.39310000092,137241.93670000136],[397923.63430000097,137242.55939999968],[397922.83649999648,137243.13109999895],[397922.00289999694,137243.64950000122],[397921.1371999979,137244.11219999939],[397920.24319999665,137244.51729999855],[397919.32450000197,137244.86309999973],[397918.3852000013,137245.14799999818],[397917.42930000275,137245.37090000138],[397916.46079999954,137245.53079999983],[397915.48390000314,137245.62700000033],[397914.50289999694,137245.65909999982],[397913.52189999819,137245.62700000033],[397912.54500000179,137245.53079999983],[397911.57649999857,137245.37090000138],[397910.62060000002,137245.14799999818],[397909.68129999936,137244.86309999973],[397908.76259999722,137244.51729999855],[397907.86860000342,137244.11219999939],[397907.00289999694,137243.64950000122],[397906.16929999739,137243.13109999895],[397905.37150000036,137242.55939999968],[397904.61270000041,137241.93670000136],[397903.89630000293,137241.26570000127],[397903.22529999912,137240.54930000007],[397902.6026000008,137239.79050000012],[397902.03090000153,137238.99269999936],[397901.51250000298,137238.15909999982],[397901.04980000108,137237.29340000078],[397900.6446999982,137236.39939999953],[397900.29890000075,137235.48070000112],[397900.01399999857,137234.54140000045],[397899.79110000283,137233.58549999818],[397899.63120000064,137232.61699999869],[397899.53499999642,137231.64009999856],[397899.50289999694,137230.65909999982],[397899.52300000191,137229.88269999996],[397901.86400000006,137184.7137000002],[397901.87110000104,137184.58749999851],[397901.95149999857,137183.25349999964],[397902.00010000169,137168.57039999962],[397902.03209999949,137167.63899999857],[397902.12830000371,137166.66209999844],[397902.28819999844,137165.69359999895],[397902.35300000012,137165.38489999995],[397903.33259999752,137160.94999999925],[397904.15919999778,137139.3740000017],[397904.15389999747,137137.49399999902],[397904.15380000323,137137.45149999857],[397904.18590000272,137136.47049999982],[397904.28209999949,137135.4935999997],[397904.44200000167,137134.5251000002],[397904.66489999741,137133.56920000166],[397904.94979999959,137132.62990000099],[397905.29559999704,137131.71119999886],[397905.70069999993,137130.81720000133],[397906.16340000182,137129.95149999857],[397906.68180000037,137129.11789999902],[397907.25349999964,137128.32009999827],[397907.87619999796,137127.56129999831],[397908.54720000178,137126.84490000084],[397909.26359999925,137126.17390000075],[397910.0223999992,137125.55119999871],[397910.82020000368,137124.97949999943],[397911.65380000323,137124.46110000089],[397912.51950000226,137123.99839999899],[397913.41350000352,137123.59329999983],[397914.3321999982,137123.24749999866],[397915.27149999887,137122.9626000002],[397916.22739999741,137122.73970000073],[397917.19590000063,137122.57979999855],[397918.17279999703,137122.48360000178],[397919.15380000323,137122.45149999857]]]},"properties":{"OBJECTID":1,"ROUTEID":"11000902","FROMMEASURE":1384.6342,"TOMEASURE":1478.0614,"ROUTENAME":"9TH ST NW","CORRIDORID":"11000902_1","FROMSTREET":"9TH ST SW","TOSTREET":"Driveway-58015862","LENGTH_MI":2.0825962900000001,"TIER_1":0,"TIER_2":0,"TIER_3":1,"GIS_ID":"HIN_CorridorsLn_2","SE_ANNO_CAD_DATA":null,"BUFF_DIST":15,"ORIG_FID":2,"SHAPE_Length":281.06456433201777,"SHAPE_Area":3508.9916954476844}},{"type":"Feature","id":3,"geometry":{"type":"Polygon","coordinates":[[[399215.03000000119,143511.51000000164],[399216.01099999994,143511.54210000113],[399216.98789999634,143511.63830000162],[399217.95639999956,143511.79820000008],[399218.9122999981,143512.02109999955],[399219.85159999877,143512.30600000173],[399220.77030000091,143512.65179999918],[399221.66430000216,143513.05689999834],[399222.53000000119,143513.51960000023],[399223.36360000074,143514.03799999878],[399224.16139999777,143514.60970000178],[399224.92019999772,143515.2324000001],[399225.63660000265,143515.90340000018],[399226.30759999901,143516.61980000138],[399226.93029999733,143517.37860000134],[399227.5019999966,143518.17639999837],[399228.0204000026,143519.01000000164],[399228.48309999704,143519.87570000067],[399228.88819999993,143520.7696999982],[399229.23399999738,143521.68840000033],[399229.51889999956,143522.627700001],[399229.74180000275,143523.58359999955],[399229.90169999748,143524.55209999904],[399229.9979000017,143525.52899999917],[399230.03000000119,143526.51000000164],[399229.9979000017,143527.49100000039],[399229.90169999748,143528.46790000051],[399229.86810000241,143528.70780000091],[399229.78809999675,143529.2479000017],[399229.72739999741,143529.62440000102],[399229.45740000159,143531.17430000007],[399229.39180000126,143531.52639999986],[399229.38870000094,143531.54170000181],[399229.07869999856,143533.09169999883],[399229.02160000056,143533.36389999837],[399228.68159999698,143534.91389999911],[399228.51889999956,143535.58229999989],[399228.44759999961,143535.83920000121],[399227.56139999628,143538.92590000108],[399226.30680000037,143543.32669999823],[399225.01539999992,143548.23020000011],[399224.99889999628,143548.29230000079],[399224.99400000274,143548.31060000136],[399223.63400000334,143553.36059999838],[399223.60809999704,143553.45540000126],[399222.21809999645,143558.48539999872],[399222.19579999894,143558.56529999897],[399220.77579999715,143563.59530000016],[399220.74099999666,143563.71669999883],[399219.28100000322,143568.72670000046],[399219.26539999992,143568.77959999815],[399217.78540000319,143573.78959999979],[399217.75150000304,143573.90289999917],[399216.23149999976,143578.90289999917],[399216.20489999652,143578.98950000107],[399214.6548999995,143583.97960000113],[399214.62759999931,143584.06639999896],[399213.0476000011,143589.04630000144],[399213.01200000197,143589.15720000118],[399212.43609999865,143590.92460000142],[399211.49430000037,143593.83229999989],[399210.02889999747,143598.98970000073],[399210.00360000134,143599.07770000026],[399208.43360000104,143604.47769999877],[399208.41920000315,143604.52679999918],[399206.82919999957,143609.92680000141],[399206.8219999969,143609.95129999891],[399205.22200000286,143615.35130000114],[399205.19780000299,143615.43200000003],[399203.56780000031,143620.82200000063],[399203.55070000142,143620.87819999829],[399201.90070000291,143626.25820000097],[399201.88340000063,143626.31439999864],[399200.21339999884,143631.68439999968],[399200.19820000231,143631.73290000111],[399198.50819999725,143637.10289999843],[399198.49040000141,143637.15909999982],[399196.78040000051,143642.51909999922],[399196.7648999989,143642.56740000099],[399195.03490000218,143647.92740000039],[399194.96400000155,143648.1416000016],[399194.90929999948,143648.29960000142],[399193.26929999888,143652.95960000157],[399193.19460000098,143653.16699999943],[399191.48460000008,143657.80700000003],[399191.39289999753,143658.04940000176],[399189.60289999843,143662.65940000117],[399189.5177000016,143662.8740000017],[399187.65770000219,143667.45399999991],[399187.61819999665,143667.55029999837],[399187.56229999661,143667.68329999968],[399185.6622999981,143672.14829999954],[399185.56960000098,143672.36149999872],[399183.52960000187,143676.95650000125],[399183.42509999871,143677.18670000136],[399181.3451000005,143681.66670000181],[399181.23430000246,143681.9001000002],[399179.07429999858,143686.35009999946],[399179.03310000151,143686.43430000171],[399178.9782000035,143686.54450000077],[399176.75819999725,143690.95459999889],[399176.61649999768,143691.22899999842],[399176.09210000187,143692.21950000152],[399174.34749999642,143695.55009999871],[399174.06030000001,143696.0727000013],[399170.10029999912,143702.95270000026],[399170.0904000029,143702.96999999881],[399169.9319999963,143703.23790000007],[399158.41200000048,143722.26790000126],[399158.21500000358,143722.58430000022],[399138.12960000336,143753.97590000182],[399106.02149999887,143804.83630000055],[399106.00609999895,143804.86070000008],[399091.30370000005,143828.05110000074],[399091.10719999671,143828.35300000012],[399090.53549999744,143829.15080000088],[399089.91279999912,143829.90960000083],[399089.5345999971,143830.32490000129],[399082.43940000236,143837.82899999991],[399082.14660000056,143838.13010000065],[399081.43020000309,143838.80110000074],[399080.67140000314,143839.42379999906],[399079.87359999865,143839.99549999833],[399079.03999999911,143840.5139000006],[399078.17430000007,143840.97659999877],[399077.28029999882,143841.38170000166],[399076.36159999669,143841.72749999911],[399075.42230000347,143842.01240000129],[399074.46639999747,143842.23530000076],[399073.4979000017,143842.39519999921],[399072.52099999785,143842.49139999971],[399071.53999999911,143842.5234999992],[399070.55900000036,143842.49139999971],[399069.58209999651,143842.39519999921],[399068.61360000074,143842.23530000076],[399067.65770000219,143842.01240000129],[399066.71840000153,143841.72749999911],[399065.79969999939,143841.38170000166],[399064.90569999814,143840.97659999877],[399064.03999999911,143840.5139000006],[399063.20639999956,143839.99549999833],[399062.40860000253,143839.42379999906],[399061.64980000257,143838.80110000074],[399060.93339999765,143838.13010000065],[399060.26240000129,143837.41369999945],[399059.63970000297,143836.6548999995],[399059.0680000037,143835.85709999874],[399058.5495999977,143835.0234999992],[399058.08690000325,143834.15780000016],[399057.68180000037,143833.26379999891],[399057.33600000292,143832.3451000005],[399057.05110000074,143831.40579999983],[399056.82819999754,143830.44990000129],[399056.66830000281,143829.48140000179],[399056.57209999859,143828.50450000167],[399056.53999999911,143827.5234999992],[399056.57209999859,143826.54250000045],[399056.66830000281,143825.56560000032],[399056.82819999754,143824.59710000083],[399057.05110000074,143823.64119999856],[399057.33600000292,143822.70190000162],[399057.68180000037,143821.78319999948],[399058.08690000325,143820.88919999823],[399058.5495999977,143820.0234999992],[399059.0680000037,143819.18989999965],[399059.63970000297,143818.39209999889],[399060.26240000129,143817.63329999894],[399060.6406000033,143817.21799999848],[399066.74149999768,143810.76550000161],[399080.66130000353,143788.80950000137],[399112.78610000014,143737.92269999906],[399112.83500000089,143737.84569999948],[399132.84449999779,143706.57259999961],[399144.18230000138,143687.84369999915],[399147.91089999676,143681.36569999903],[399149.53249999881,143678.26990000159],[399149.56350000203,143678.21110000089],[399150.03119999915,143677.32770000026],[399152.13300000131,143673.15239999816],[399154.18930000067,143668.91620000079],[399156.16160000116,143664.66800000146],[399158.1032000035,143660.29470000044],[399159.90910000354,143656.05090000108],[399161.67890000343,143651.69299999997],[399163.38019999862,143647.31140000001],[399165.00729999691,143642.8964000009],[399166.5455000028,143638.52569999918],[399168.20729999989,143633.37680000067],[399169.90070000291,143628.06899999827],[399171.57419999689,143622.75129999965],[399173.22789999843,143617.433699999],[399174.86069999635,143612.10990000144],[399176.46999999881,143606.78830000013],[399178.054399997,143601.44090000167],[399179.63359999657,143596.07770000026],[399181.18360000104,143590.746199999],[399182.71109999716,143585.37029999867],[399182.86990000308,143584.84789999947],[399183.89989999682,143581.66789999977],[399183.90799999982,143581.64279999956],[399184.46999999881,143579.91820000112],[399186.01860000193,143575.03720000014],[399187.54169999808,143570.13379999995],[399189.03130000085,143565.23369999975],[399190.48669999838,143560.30680000037],[399191.92140000314,143555.38390000165],[399193.31289999932,143550.45459999889],[399194.67880000174,143545.51199999824],[399196.01519999653,143540.54949999973],[399197.33460000157,143535.53979999945],[399197.35109999776,143535.47769999877],[399197.41480000317,143535.24749999866],[399198.71480000019,143530.6875],[399198.72240000218,143530.66079999879],[399199.48070000112,143528.0196999982],[399199.68860000372,143527.07189999893],[399199.93460000306,143525.84149999917],[399200.13979999721,143524.66360000148],[399200.19189999998,143524.31219999865],[399200.31819999963,143523.58359999955],[399200.54110000283,143522.627700001],[399200.82599999756,143521.68840000033],[399201.17180000246,143520.7696999982],[399201.57689999789,143519.87570000067],[399202.03959999979,143519.01000000164],[399202.55799999833,143518.17639999837],[399203.1296999976,143517.37860000134],[399203.75240000337,143516.61980000138],[399204.42339999974,143515.90340000018],[399205.13979999721,143515.2324000001],[399205.89859999716,143514.60970000178],[399206.69640000165,143514.03799999878],[399207.53000000119,143513.51960000023],[399208.39570000023,143513.05689999834],[399209.28970000148,143512.65179999918],[399210.20840000361,143512.30600000173],[399211.14769999683,143512.02109999955],[399212.10360000283,143511.79820000008],[399213.07209999859,143511.63830000162],[399214.04900000244,143511.54210000113],[399215.03000000119,143511.51000000164]]]},"properties":{"OBJECTID":3,"ROUTEID":"11016382","FROMMEASURE":0,"TOMEASURE":336.67259999999999,"ROUTENAME":"BLAIR RD NW","CORRIDORID":"11016382_1","FROMSTREET":"MCDONALD PL NE/NORTH CAPITOL ST BN","TOSTREET":"17TH ST NW","LENGTH_MI":1.70502047,"TIER_1":1,"TIER_2":0,"TIER_3":0,"GIS_ID":"HIN_CorridorsLn_6","SE_ANNO_CAD_DATA":null,"BUFF_DIST":15,"ORIG_FID":6,"SHAPE_Length":767.56621709598744,"SHAPE_Area":10806.447242221109}},{"type":"Feature","id":5,"geometry":{"type":"Polygon","coordinates":[[[396824.65879999846,137670.28510000184],[396827.63939999789,137670.28510000184],[396827.755400002,137670.28550000116],[396831.57580000162,137670.31509999931],[396834.25419999659,137670.30959999934],[396834.2846999988,137670.30959999934],[396836.38570000231,137670.30959999934],[396837.15370000154,137670.32930000126],[396839.05939999968,137670.42700000107],[396839.2723999992,137670.43939999864],[396840.24930000305,137670.53559999913],[396840.94110000134,137670.64319999889],[396842.84669999778,137670.98519999906],[396843.12340000272,137671.03750000149],[396843.83529999852,137671.19720000029],[396847.35339999944,137672.07679999992],[396847.59740000218,137672.1400000006],[396848.53670000285,137672.42489999905],[396849.22230000049,137672.67650000006],[396851.07909999788,137673.40940000117],[396851.31220000237,137673.50360000134],[396851.60180000216,137673.6270999983],[396853.60509999841,137674.50659999996],[396854.12900000066,137674.74879999831],[396855.79819999635,137675.55959999934],[396858.00460000336,137676.6147999987],[396858.16730000079,137676.69379999861],[396858.93760000169,137677.10190000013],[396860.74549999833,137678.12810000032],[396860.84089999646,137678.1827000007],[396861.47230000049,137678.56830000132],[396862.9870999977,137679.54549999908],[396863.18930000067,137679.67830000073],[396863.6202000007,137679.97720000148],[396866.06329999864,137681.73620000109],[396866.43020000309,137682.00899999961],[396866.98820000142,137682.45870000124],[396868.25859999657,137683.53370000049],[396868.45939999819,137683.70670000091],[396868.60339999944,137683.83469999954],[396871.51030000299,137686.45080000162],[396872.08269999921,137686.99379999936],[396872.75370000303,137687.71020000055],[396873.37640000135,137688.46900000051],[396873.94810000062,137689.26680000126],[396874.01659999788,137689.37029999867],[396875.96490000188,137692.33900000155],[396876.41480000317,137693.06909999996],[396876.70560000092,137693.59690000117],[396877.46890000254,137695.05090000108],[396877.64079999924,137695.38879999891],[396877.82970000058,137695.78649999946],[396878.41130000353,137697.058699999],[396878.62749999762,137697.5549999997],[396878.79439999908,137697.97580000013],[396879.19420000166,137699.0298999995],[396879.37309999764,137699.5278000012],[396879.65799999982,137700.46709999815],[396879.74000000209,137700.78709999844],[396880.1398999989,137702.42280000076],[396880.28079999983,137703.058699999],[396880.43590000272,137703.99089999869],[396880.66089999676,137705.66829999909],[396880.6657000035,137705.70459999889],[396880.76190000027,137706.68149999902],[396880.79399999976,137707.66250000149],[396880.79399999976,137709.83080000058],[396880.76190000027,137710.81179999933],[396880.6657000035,137711.78869999945],[396880.57590000331,137712.37939999998],[396880.08309999853,137715.23770000041],[396880.01299999654,137715.61549999937],[396879.7901000008,137716.57140000165],[396879.74390000105,137716.73990000039],[396878.98830000311,137719.43389999866],[396878.74960000068,137720.20470000058],[396878.40380000323,137721.12339999899],[396878.39819999784,137721.13690000027],[396877.51120000333,137723.2723999992],[396877.22150000185,137723.92550000176],[396875.46480000019,137727.64429999888],[396875.35499999672,137727.87170000002],[396874.89230000228,137728.73739999905],[396874.37389999628,137729.5709999986],[396873.80219999701,137730.36879999936],[396873.59359999746,137730.63439999893],[396869.43060000241,137735.81399999931],[396869.01650000364,137736.30719999969],[396868.34549999982,137737.02360000089],[396868.06030000001,137737.3013000004],[396866.02220000327,137739.2340000011],[396865.59099999815,137739.62730000168],[396864.8321999982,137740.25],[396864.54599999636,137740.46429999918],[396862.33200000226,137742.08080000058],[396861.82039999962,137742.43820000067],[396860.98680000007,137742.95659999922],[396860.61100000143,137743.16640000045],[396858.39720000327,137744.36120000109],[396857.90730000287,137744.61410000175],[396857.69439999759,137744.71700000018],[396855.69139999896,137745.66580000147],[396855.01030000299,137745.96799999848],[396854.19730000198,137746.27739999816],[396852.58079999685,137746.83960000053],[396852.47510000318,137746.8759999983],[396851.53580000252,137747.16090000048],[396851.02650000155,137747.28779999912],[396849.19919999689,137747.70949999988],[396848.75259999931,137747.80550000072],[396847.94730000198,137747.94299999997],[396845.97940000147,137748.22410000116],[396845.81620000303,137748.24650000036],[396845.12489999831,137748.32119999826],[396843.05160000175,137748.49689999968],[396842.76600000262,137748.51839999855],[396842.7092999965,137748.52199999988],[396841.03930000216,137748.62510000169],[396840.67769999802,137748.64299999923],[396832.20970000327,137748.96090000123],[396831.78019999713,137748.97089999914],[396830.82320000231,137748.97940000147],[396830.68999999762,137748.98000000045],[396830.65349999815,137748.98000000045],[396824.93879999965,137748.96609999985],[396824.17300000042,137748.94460000098],[396822.2424999997,137748.84120000154],[396822.06379999965,137748.83060000092],[396821.18450000137,137748.74689999968],[396819.25389999896,137748.50560000166],[396819.15630000085,137748.49309999868],[396818.99289999902,137748.47060000151],[396817.30380000174,137748.22929999977],[396816.9980000034,137748.18239999935],[396814.89509999752,137747.8376000002],[396814.39580000192,137747.74709999934],[396813.79500000179,137747.61470000073],[396811.6576000005,137747.09760000184],[396811.30250000209,137747.00710000098],[396810.36320000142,137746.7221999988],[396810.02109999955,137746.60139999911],[396807.95269999653,137745.84299999848],[396807.37610000372,137745.61800000072],[396806.49379999936,137745.21869999915],[396804.32190000266,137744.14999999851],[396804.31019999832,137744.14420000091],[396803.44449999928,137743.68149999902],[396803.08320000023,137743.46609999985],[396801.73879999667,137742.63879999891],[396801.26650000364,137742.33579999954],[396800.46869999915,137741.76410000026],[396800.44250000268,137741.74390000105],[396798.78779999912,137740.46840000153],[396798.05520000309,137739.86589999869],[396797.63210000098,137739.4803000018],[396796.30150000006,137738.22040000185],[396796.00819999725,137737.93499999866],[396795.33720000088,137737.21860000119],[396795.21500000358,137737.0775000006],[396790.85559999943,137731.98000000045],[396790.35509999841,137731.36230000108],[396789.78339999914,137730.56450000033],[396789.2650000006,137729.73090000078],[396789.17499999702,137729.57279999927],[396786.30089999735,137724.45230000094],[396786.11860000342,137724.1174999997],[396785.61599999666,137723.16620000079],[396785.42559999973,137722.79340000078],[396785.02049999684,137721.89939999953],[396784.95189999789,137721.73079999909],[396784.50490000099,137720.61349999905],[396784.22770000249,137719.86340000108],[396784.20109999925,137719.78429999948],[396783.88830000162,137718.84569999948],[396783.65519999713,137718.07829999924],[396783.24679999799,137716.59230000153],[396783.22160000354,137716.49949999899],[396783.12489999831,137716.11850000173],[396782.8919999972,137715.14829999954],[396782.76579999924,137714.57339999825],[396782.60589999706,137713.60489999875],[396782.58439999819,137713.43360000104],[396782.46800000221,137712.46330000088],[396782.39329999685,137711.65769999847],[396782.3694999963,137711.1763000004],[396782.33070000261,137710.01199999824],[396782.32240000367,137709.51240000129],[396782.33129999787,137708.99560000002],[396782.37009999901,137707.8702000007],[396782.39329999685,137707.40599999949],[396782.45820000023,137706.68430000171],[396782.61339999735,137705.32589999959],[396782.6446999982,137705.07070000097],[396782.77700000256,137704.24480000138],[396782.9849999994,137703.14350000024],[396783.01259999722,137703.00090000033],[396783.1229000017,137702.49260000139],[396783.35029999912,137701.52589999884],[396783.46289999783,137701.07829999924],[396783.69960000366,137700.28370000049],[396784.00159999728,137699.36340000108],[396784.04980000108,137699.21869999915],[396784.1875,137698.83069999889],[396784.57559999824,137697.78280000016],[396784.78369999677,137697.2520999983],[396784.93649999797,137696.89629999921],[396785.51900000125,137695.58669999987],[396785.77130000293,137695.04850000143],[396786.23399999738,137694.18279999867],[396786.75240000337,137693.34919999912],[396786.82490000129,137693.24159999937],[396789.21310000122,137689.73350000009],[396789.49669999629,137689.33139999956],[396792.15619999915,137685.68769999966],[396792.37179999799,137685.39959999919],[396792.9944999963,137684.64079999924],[396793.45709999651,137684.13690000027],[396795.86249999702,137681.63410000131],[396796.07090000063,137681.42159999907],[396796.7872999981,137680.75059999898],[396797.19539999962,137680.40540000051],[396799.05219999701,137678.89059999958],[396799.4029000029,137678.61309999973],[396800.20069999993,137678.04140000045],[396800.91459999979,137677.59290000051],[396802.82020000368,137676.46909999847],[396802.90789999813,137676.4178000018],[396804.4226000011,137675.53830000013],[396804.45459999889,137675.5196999982],[396805.32029999793,137675.05700000003],[396805.66899999976,137674.89059999958],[396807.5746999979,137674.01110000163],[396807.99270000309,137673.82580000162],[396809.94709999859,137672.99509999901],[396810.07440000027,137672.94170000032],[396810.62900000066,137672.72480000183],[396812.48579999804,137672.04069999978],[396812.8498999998,137671.91180000082],[396813.78920000046,137671.62689999864],[396814.21500000358,137671.51949999854],[396816.07180000097,137671.07979999855],[396816.6018999964,137670.96429999918],[396817.57039999962,137670.80440000072],[396817.90680000186,137670.76399999857],[396820.15439999849,137670.51960000023],[396820.7949000001,137670.46379999816],[396821.01410000026,137670.45109999925],[396823.89699999988,137670.30449999869],[396824.65879999846,137670.28510000184]],[[396825.03989999741,137700.28510000184],[396822.96850000322,137700.39039999992],[396822.07710000128,137700.48739999905],[396822.00829999894,137700.5036999993],[396821.34459999949,137700.74819999933],[396819.93829999864,137701.34589999914],[396818.87860000134,137701.83500000089],[396818.01579999924,137702.33590000123],[396817.13440000266,137702.85570000112],[396816.86320000142,137703.07699999958],[396815.78999999911,137704.19370000064],[396813.87359999865,137706.81929999962],[396812.44080000371,137708.92399999872],[396812.41809999943,137708.98530000076],[396812.40540000051,137709.02400000021],[396812.40209999681,137709.03810000047],[396812.3572999984,137709.27479999885],[396812.3545999974,137709.2985999994],[396812.47630000114,137709.74130000174],[396812.51640000194,137709.86180000007],[396812.5549999997,137709.93470000103],[396814.61379999667,137713.60280000046],[396817.50140000135,137716.97920000181],[396817.70589999855,137717.17289999872],[396818.133100003,137717.50219999999],[396818.20260000229,137717.5449000001],[396819.02610000223,137717.95010000095],[396819.54439999908,137718.14020000026],[396820.30349999666,137718.32380000129],[396821.69950000197,137718.55270000175],[396823.10520000011,137718.75349999964],[396824.37780000269,137718.91259999946],[396825.39500000328,137718.96709999815],[396830.64159999788,137718.97980000079],[396831.29900000244,137718.97399999946],[396839.37139999866,137718.6708999984],[396840.68940000236,137718.58960000053],[396842.1630000025,137718.4646999985],[396843.07419999689,137718.33449999988],[396843.49120000005,137718.23829999939],[396843.57919999957,137718.20769999921],[396844.49549999833,137717.77360000089],[396845.46519999951,137717.25030000135],[396846.07800000161,137716.80290000141],[396846.682099998,137716.23009999841],[396849.09759999812,137713.22470000014],[396849.94309999794,137711.434799999],[396850.34669999778,137710.46299999952],[396850.65030000359,137709.38069999963],[396850.76200000197,137708.73290000111],[396850.71609999985,137708.63239999861],[396850.48290000111,137708.18829999864],[396849.99989999831,137707.45230000094],[396848.7050999999,137706.28700000048],[396848.0577000007,137705.73919999972],[396846.40230000019,137704.54729999974],[396845.56669999659,137704.00829999894],[396844.58630000055,137703.45179999992],[396842.81379999965,137702.60410000011],[396842.73160000145,137702.56450000033],[396841.28109999746,137701.85990000144],[396839.80129999667,137701.21029999852],[396839.12269999832,137700.94240000099],[396837.04940000176,137700.42410000041],[396836.57569999993,137700.33900000155],[396836.00140000135,137700.30959999934],[396834.29999999702,137700.30959999934],[396831.56360000372,137700.315200001],[396831.53310000151,137700.315200001],[396831.4170999974,137700.31480000168],[396827.58139999956,137700.28510000184],[396825.03989999741,137700.28510000184]]]},"properties":{"OBJECTID":5,"ROUTEID":"11078712","FROMMEASURE":0,"TOMEASURE":187.5684,"ROUTENAME":"SCOTT CIR NW","CORRIDORID":"11078712_1","FROMSTREET":"RHODE ISLAND AVE NW","TOSTREET":"RHODE ISLAND AVE NW","LENGTH_MI":0.11654934,"TIER_1":0,"TIER_2":1,"TIER_3":0,"GIS_ID":"HIN_CorridorsLn_26","SE_ANNO_CAD_DATA":null,"BUFF_DIST":15,"ORIG_FID":26,"SHAPE_Length":374.97102875296343,"SHAPE_Area":5625.7591970248177}},{"type":"Feature","id":6,"geometry":{"type":"Polygon","coordinates":[[[397224.64890000224,137478.27050000057],[397228.8227000013,137478.27050000057],[397231.13159999996,137478.27050000057],[397232.11259999871,137478.30260000005],[397232.7880000025,137478.36219999939],[397234.98059999943,137478.60579999909],[397236.90619999915,137478.76630000025],[397237.3805000037,137478.81340000033],[397239.68940000236,137479.07990000024],[397239.92740000039,137479.10929999873],[397240.89590000361,137479.26920000091],[397241.22320000082,137479.33810000122],[397243.62099999934,137479.87090000138],[397243.86770000309,137479.92799999937],[397246.08780000359,137480.46079999954],[397246.46970000118,137480.5577000007],[397246.53400000185,137480.57510000095],[397248.48770000041,137481.10790000111],[397249.11309999973,137481.29320000112],[397251.33320000023,137482.0036999993],[397251.58280000091,137482.08590000123],[397251.84160000086,137482.17639999837],[397254.06180000305,137482.97560000047],[397254.72169999778,137483.23090000078],[397255.45300000161,137483.55700000003],[397257.49549999833,137484.53379999846],[397257.65820000321,137484.61279999837],[397258.52390000224,137485.07550000027],[397258.97410000116,137485.3460999988],[397260.39500000328,137486.23420000076],[397260.59420000017,137486.36080000177],[397262.10379999876,137487.33769999817],[397262.2744999975,137487.44990000129],[397263.8730000034,137488.51550000161],[397263.88650000095,137488.52450000122],[397264.68429999799,137489.09620000049],[397265.01190000027,137489.35489999875],[397266.4328000024,137490.50939999893],[397266.86400000006,137490.87339999899],[397267.58039999753,137491.54439999908],[397268.25140000135,137492.26080000028],[397268.58309999853,137492.65239999816],[397270.18159999698,137494.60610000044],[397270.47259999812,137494.97329999879],[397271.04429999739,137495.77109999955],[397271.15349999815,137495.93690000102],[397272.98009999841,137498.75050000101],[397273.38930000365,137499.41829999909],[397273.85199999809,137500.28400000185],[397274.2004000023,137501.04300000146],[397278.51410000026,137511.17610000074],[397278.57079999894,137511.31109999865],[397278.91659999639,137512.22980000079],[397279.20149999857,137513.16910000145],[397279.27000000328,137513.43430000171],[397282.01049999893,137524.46379999816],[397282.16489999741,137525.15450000018],[397282.16820000112,137525.1715000011],[397283.10679999739,137529.9188000001],[397283.26340000331,137530.87029999867],[397283.35960000008,137531.8471999988],[397283.39169999957,137532.82820000127],[397283.38130000234,137533.38709999993],[397283.25020000339,137536.90289999917],[397283.22850000113,137537.32499999925],[397283.21149999648,137537.55649999902],[397282.93050000072,137541.0214000009],[397282.85130000114,137541.76680000126],[397282.78620000184,137542.20969999954],[397282.22439999878,137545.67460000142],[397282.12960000336,137546.20019999892],[397282.07129999995,137546.47910000011],[397281.41579999775,137549.47580000013],[397281.25119999796,137550.1528000012],[397280.96630000323,137551.09209999815],[397280.83079999685,137551.47419999912],[397279.56650000066,137554.89229999855],[397279.35620000213,137555.42889999971],[397278.95109999925,137556.32290000096],[397278.88700000197,137556.45129999891],[397277.2955000028,137559.60220000148],[397277.14190000296,137559.89809999987],[397275.49620000273,137562.98389999941],[397275.25119999796,137563.42529999837],[397274.88899999857,137564.02030000091],[397272.31750000268,137568.03180000186],[397272.16130000353,137568.27039999887],[397271.58959999681,137569.06819999963],[397271.11840000004,137569.65150000155],[397269.36980000138,137571.70870000124],[397269.21829999983,137571.88419999927],[397268.54730000347,137572.60060000047],[397267.83089999855,137573.27160000056],[397267.74490000308,137573.34640000015],[397265.48200000077,137575.30070000142],[397264.80919999629,137575.84860000014],[397264.3104000017,137576.21519999951],[397261.53320000321,137578.16959999874],[397261.23420000076,137578.37469999865],[397260.40060000122,137578.89310000092],[397259.53490000218,137579.35579999909],[397259.13679999858,137579.5449000001],[397255.53670000285,137581.19060000032],[397255.04079999775,137581.40659999847],[397254.46940000355,137581.62970000133],[397250.03270000219,137583.25829999894],[397249.6854000017,137583.38100000098],[397248.74610000104,137583.66589999944],[397248.47839999944,137583.7349999994],[397245.50930000097,137584.4721999988],[397244.82109999657,137584.6259999983],[397244.53159999847,137584.68059999868],[397241.65160000324,137585.19489999861],[397240.97259999812,137585.30020000041],[397240.01240000129,137585.39530000091],[397236.92660000175,137585.60099999979],[397236.90990000218,137585.60209999979],[397235.92890000343,137585.63419999927],[397233.52820000052,137585.63419999927],[397228.61089999974,137585.67870000005],[397228.47519999743,137585.67929999903],[397228.32410000265,137585.67850000039],[397223.84610000253,137585.63340000063],[397223.01619999856,137585.60209999979],[397222.44280000031,137585.55339999869],[397219.97420000285,137585.29619999975],[397219.57069999725,137585.24870000035],[397219.33060000092,137585.21510000154],[397216.55340000242,137584.80370000005],[397216.04649999738,137584.71970000118],[397212.96079999954,137584.15399999917],[397212.73929999769,137584.11169999838],[397211.78339999914,137583.88879999891],[397211.19160000235,137583.71709999815],[397207.9001000002,137582.6884999983],[397207.55259999633,137582.57530000061],[397206.63390000165,137582.22949999943],[397206.51609999686,137582.18010000139],[397203.12169999629,137580.74010000005],[397202.34549999982,137580.38439999893],[397201.47980000079,137579.92170000076],[397201.1643999964,137579.73440000042],[397198.13080000132,137577.88259999827],[397197.61259999871,137577.55150000006],[397196.81480000168,137576.97980000079],[397196.05600000173,137576.35709999874],[397195.33959999681,137575.68609999865],[397195.22609999776,137575.57140000165],[397187.82940000296,137568.01379999891],[397187.27189999819,137567.41209999844],[397186.74170000106,137566.77259999886],[397182.02880000323,137560.75690000132],[397181.93630000204,137560.63760000095],[397181.36460000277,137559.83980000019],[397181.02489999682,137559.30759999901],[397179.51359999925,137556.82569999993],[397179.3348999992,137556.52430000156],[397178.87219999731,137555.6585999988],[397178.46710000187,137554.76460000128],[397178.19340000302,137554.05330000073],[397177.44150000066,137551.94040000066],[397177.36940000206,137551.73299999908],[397177.25490000099,137551.38149999827],[397176.64069999754,137549.41409999877],[397176.53630000353,137549.06469999999],[397175.85069999844,137546.66499999911],[397175.7846999988,137546.42660000175],[397175.59290000051,137545.62269999832],[397175.15550000221,137543.53709999844],[397174.68419999629,137541.34860000014],[397174.63620000333,137541.11690000072],[397174.5380000025,137540.57039999962],[397174.22950000316,137538.65060000122],[397174.1678000018,137538.2285999991],[397174.14220000058,137538.02340000123],[397173.93649999797,137536.27499999851],[397173.92119999975,137536.13919999823],[397173.70390000194,137534.13500000164],[397173.66070000082,137533.66869999841],[397173.44070000201,137530.80920000002],[397173.42859999835,137530.63960000128],[397173.40119999647,137530.03350000083],[397173.34619999677,137527.83379999921],[397173.34149999917,137527.4589000009],[397173.35629999638,137526.7928000018],[397173.46630000323,137524.31819999963],[397173.48359999806,137524.00329999998],[397173.57980000228,137523.02639999986],[397173.65209999681,137522.53959999979],[397174,137520.43349999934],[397174.0876000002,137519.95179999992],[397174.1053000018,137519.86419999972],[397174.54460000247,137517.72250000015],[397174.74979999661,137516.85420000181],[397174.87139999866,137516.42590000108],[397175.36569999903,137514.77840000018],[397175.52899999917,137514.26740000024],[397175.83590000123,137513.44359999895],[397176.54980000108,137511.68620000035],[397176.58869999647,137511.59129999951],[397176.62219999731,137511.51099999994],[397177.06149999797,137510.46759999916],[397177.43310000002,137509.6539000012],[397177.61259999871,137509.30160000175],[397178.16179999709,137508.25820000097],[397178.3227000013,137507.96079999954],[397178.79850000143,137507.10420000181],[397179.2221999988,137506.30389999971],[397179.48839999735,137505.8227000013],[397179.86169999838,137505.21049999818],[397179.91830000281,137505.12240000069],[397179.99570000172,137504.96759999916],[397180.38859999925,137504.23330000043],[397180.82789999992,137503.46449999884],[397180.86129999906,137503.40639999881],[397181.16939999908,137502.8964000009],[397181.82840000093,137501.85300000012],[397181.92629999667,137501.70010000095],[397183.24430000037,137499.66820000112],[397183.35670000315,137499.49749999866],[397183.66839999706,137499.04890000075],[397184.38229999691,137498.0604000017],[397184.64230000228,137497.71119999886],[397184.90060000122,137497.38410000131],[397185.27589999884,137496.92210000008],[397185.73680000007,137496.26370000094],[397186.125,137495.73420000076],[397186.38400000334,137495.40630000085],[397187.09799999744,137494.52760000154],[397187.46169999987,137494.09670000151],[397187.5278000012,137494.02189999819],[397188.40640000254,137493.03339999914],[397189.01129999757,137492.39180000126],[397189.61640000343,137491.81940000132],[397190.65980000049,137490.88589999825],[397190.77109999955,137490.78730000183],[397190.81840000302,137490.74599999934],[397192.08150000125,137489.64759999886],[397192.71570000052,137489.12590000033],[397194.19849999994,137487.97269999981],[397194.27579999715,137487.91299999878],[397195.07360000163,137487.34129999951],[397195.35329999775,137487.15890000015],[397196.56139999628,137486.3900000006],[397197.08380000293,137486.07229999825],[397198.72829999775,137485.1174999997],[397200.15339999646,137484.27290000021],[397200.30049999803,137484.18690000102],[397200.89580000192,137483.86100000143],[397202.37849999964,137483.09219999984],[397202.64890000224,137482.95540000126],[397202.91629999876,137482.82679999992],[397204.67360000312,137482.00299999863],[397205.30020000041,137481.7265000008],[397205.7901000008,137481.5335999988],[397208.29020000249,137480.59939999878],[397208.71899999678,137480.44649999961],[397209.65829999745,137480.16160000116],[397210.61420000345,137479.93870000169],[397210.87399999797,137479.88940000162],[397214.21190000325,137479.2864000015],[397214.32549999654,137479.26639999822],[397216.7675999999,137478.84459999949],[397217.36270000041,137478.75400000066],[397217.66420000046,137478.7173999995],[397220.06189999729,137478.45100000128],[397220.73730000108,137478.39139999822],[397221.26399999857,137478.36620000005],[397224.19460000098,137478.27739999816],[397224.64890000224,137478.27050000057]],[[397224.87610000372,137508.27050000057],[397222.77539999783,137508.33419999853],[397221.42719999701,137508.48389999941],[397219.48839999735,137508.81879999861],[397217.53090000153,137509.17240000144],[397216.85859999806,137509.4235999994],[397215.92170000076,137509.86290000007],[397215.0821999982,137510.29820000008],[397213.96480000019,137510.96040000021],[397213.84920000285,137511.02809999883],[397212.41130000353,137511.86300000176],[397212.0577000007,137512.08799999952],[397211.45740000159,137512.55490000173],[397210.58399999887,137513.31439999864],[397210.25919999927,137513.60500000045],[397210.17130000144,137513.70380000025],[397210.00559999794,137513.90780000016],[397209.54500000179,137514.56579999998],[397209.15680000186,137515.09530000016],[397208.89850000292,137515.42240000144],[397208.45329999924,137515.97030000016],[397208.20880000293,137516.30900000036],[397207.14450000226,137517.94970000163],[397206.71100000292,137518.63610000163],[397206.64280000329,137518.75539999828],[397206.38979999721,137519.26150000095],[397205.96350000054,137520.05389999971],[397205.59019999951,137520.6660999991],[397205.43879999965,137520.90170000121],[397205.24109999835,137521.2751000002],[397205.0971999988,137521.54030000046],[397204.63019999862,137522.38100000098],[397204.46040000021,137522.70360000059],[397204.30830000341,137523.06480000168],[397203.89670000225,137524.07809999958],[397203.79829999804,137524.40610000119],[397203.55170000345,137525.60860000178],[397203.39689999819,137526.54520000145],[397203.3497999981,137527.60469999909],[397203.38210000098,137528.89530000091],[397203.55430000275,137531.13399999961],[397203.73900000006,137532.83749999851],[397203.89970000088,137534.2034999989],[397204.09520000219,137535.41959999874],[397204.49170000106,137537.26069999859],[397204.50859999657,137537.34039999917],[397204.84409999847,137538.94009999931],[397205.33200000226,137540.64799999818],[397205.80409999937,137542.16000000015],[397205.93969999999,137542.54120000079],[397206.18900000304,137542.95059999824],[397209.84769999981,137547.62070000172],[397215.3580000028,137553.25090000033],[397215.85350000113,137553.55339999869],[397217.55279999971,137554.27430000156],[397219.26850000024,137554.8104000017],[397221.20359999686,137555.16519999877],[397223.40569999814,137555.49139999971],[397224.85180000216,137555.64200000092],[397228.48290000111,137555.67859999835],[397233.32460000366,137555.63479999825],[397233.46029999852,137555.63419999927],[397235.42949999869,137555.63419999927],[397237.19189999998,137555.51669999957],[397238.76550000161,137555.23570000008],[397240.45910000056,137554.815200001],[397243.58950000256,137553.6660999991],[397245.40259999782,137552.83729999885],[397246.43670000136,137552.10960000008],[397247.26089999825,137551.39779999852],[397247.60610000044,137550.99159999937],[397249.30830000341,137548.33630000055],[397250.59260000288,137545.92799999937],[397251.72500000149,137543.68609999865],[397252.33179999888,137542.04560000077],[397252.67670000345,137540.46869999915],[397253.07710000128,137537.99940000102],[397253.28320000321,137535.45789999887],[397253.33690000325,137534.01940000057],[397252.80830000341,137531.34600000083],[397250.44330000132,137521.82770000026],[397247.1080000028,137513.99289999902],[397246.44039999694,137512.96460000053],[397246.41279999912,137512.93090000004],[397245.71930000186,137512.46860000119],[397244.39450000226,137511.61129999906],[397243.7901000008,137511.23350000009],[397243.19080000371,137510.94689999893],[397241.93339999765,137510.49430000037],[397240.27979999781,137509.96510000154],[397238.86299999803,137509.57869999856],[397236.99000000209,137509.12920000032],[397235.47600000352,137508.7928000018],[397234.17750000209,137508.64290000126],[397232.28369999677,137508.4851000011],[397231.8729000017,137508.44519999996],[397230.30089999735,137508.27050000057],[397228.8227000013,137508.27050000057],[397224.87610000372,137508.27050000057]]]},"properties":{"OBJECTID":6,"ROUTEID":"11085732","FROMMEASURE":0,"TOMEASURE":252.53570000000002,"ROUTENAME":"THOMAS CIR NW","CORRIDORID":"11085732_1","FROMSTREET":"14TH ST NW","TOSTREET":"14TH ST NW","LENGTH_MI":0.15691811,"TIER_1":0,"TIER_2":1,"TIER_3":0,"GIS_ID":"HIN_CorridorsLn_27","SE_ANNO_CAD_DATA":null,"BUFF_DIST":15,"ORIG_FID":27,"SHAPE_Length":504.91650744833822,"SHAPE_Area":7574.6897950468865}},{"type":"Feature","id":8,"geometry":{"type":"Polygon","coordinates":[[[399443.64350000024,136434.36630000174],[399444.2201000005,136434.37739999965],[399451.74319999665,136434.66679999977],[399452.14760000259,136434.68780000135],[399453.02700000256,136434.77149999887],[399459.97150000185,136435.63949999958],[399460.06899999827,136435.65199999884],[399460.87539999932,136435.78060000017],[399470.13459999859,136437.51669999957],[399470.29670000076,136437.54800000042],[399471.25259999931,136437.77089999989],[399471.49120000005,136437.83700000122],[399479.52220000327,136440.13159999996],[399498.44359999895,136445.33689999953],[399499.04770000279,136445.51680000126],[399499.91350000352,136445.79459999874],[399500.15230000019,136445.87339999899],[399501.07100000232,136446.21920000017],[399501.96500000358,136446.62429999933],[399502.83070000261,136447.08700000122],[399503.45629999787,136447.46889999881],[399510.50509999692,136452.01150000095],[399510.69349999726,136452.13489999995],[399513.190200001,136453.7974999994],[399513.20979999751,136453.81060000136],[399514.00760000199,136454.38230000064],[399514.36860000342,136454.66820000112],[399516.21360000223,136456.17610000074],[399516.44820000231,136456.37180000171],[399518.56629999727,136458.17610000074],[399518.72950000316,136458.31720000133],[399519.44590000063,136458.98820000142],[399520.116899997,136459.70459999889],[399520.71230000257,136460.42790000141],[399522.76079999655,136463.08109999821],[399522.78809999675,136463.11659999937],[399523.33850000054,136463.8825000003],[399526.20759999752,136468.15269999951],[399526.22890000045,136468.18459999934],[399526.747299999,136469.01819999889],[399527.05560000241,136469.57959999889],[399530.42170000076,136476.03119999915],[399530.57609999925,136476.33549999818],[399530.98120000213,136477.22949999943],[399531.32699999958,136478.14820000157],[399531.50779999793,136478.71799999848],[399532.67819999903,136482.67760000005],[399533.80279999971,136486.42660000175],[399536.4627000019,136492.23000000045],[399536.68490000069,136492.73950000107],[399537.03069999814,136493.65819999948],[399537.31560000032,136494.59750000015],[399537.53850000352,136495.55339999869],[399537.69839999825,136496.52189999819],[399537.79460000247,136497.49879999831],[399537.82670000196,136498.47980000079],[399537.79460000247,136499.46079999954],[399537.69839999825,136500.43769999966],[399537.53850000352,136501.40619999915],[399537.31560000032,136502.36210000142],[399537.03069999814,136503.30139999837],[399536.68490000069,136504.2201000005],[399536.27979999781,136505.11410000175],[399535.81710000336,136505.97980000079],[399535.29869999737,136506.81340000033],[399534.72699999809,136507.61120000109],[399534.10429999977,136508.37000000104],[399533.43330000341,136509.08639999852],[399532.71689999849,136509.75739999861],[399531.95809999853,136510.38010000065],[399531.1603000015,136510.95179999992],[399530.32670000196,136511.47019999847],[399529.46100000292,136511.93290000036],[399528.56700000167,136512.33799999952],[399527.64829999954,136512.6838000007],[399526.70899999887,136512.96869999915],[399525.75310000032,136513.19159999862],[399524.7845999971,136513.3515000008],[399523.8077000007,136513.4477000013],[399522.82670000196,136513.47980000079],[399521.84570000321,136513.4477000013],[399520.86879999936,136513.3515000008],[399519.90030000359,136513.19159999862],[399518.94439999759,136512.96869999915],[399518.00509999692,136512.6838000007],[399517.08640000224,136512.33799999952],[399516.19240000099,136511.93290000036],[399515.32670000196,136511.47019999847],[399514.49310000241,136510.95179999992],[399513.69529999793,136510.38010000065],[399512.93649999797,136509.75739999861],[399512.2201000005,136509.08639999852],[399511.54909999669,136508.37000000104],[399510.92639999837,136507.61120000109],[399510.35469999909,136506.81340000033],[399509.83630000055,136505.97980000079],[399509.37359999865,136505.11410000175],[399509.19070000201,136504.72960000113],[399506.09790000319,136497.98160000145],[399505.87569999695,136497.47210000083],[399505.5298999995,136496.55339999869],[399505.36649999768,136496.04190000147],[399503.93460000306,136491.2686999999],[399503.91719999909,136491.21040000021],[399503.15089999884,136488.61769999936],[399500.84269999713,136484.19370000064],[399498.71280000359,136481.02369999886],[399497.92199999839,136479.99949999899],[399497.11050000042,136479.30820000172],[399495.95170000196,136478.36120000109],[399494.15919999778,136477.16750000045],[399489.02929999679,136473.86149999872],[399471.49360000342,136469.0373999998],[399471.35140000284,136468.99749999866],[399463.92019999772,136466.87429999933],[399455.79659999907,136465.35110000148],[399449.94590000063,136464.61980000138],[399443.83860000223,136464.38489999995],[399435.80080000311,136464.90349999815],[399420.01269999892,136466.26449999958],[399412.77329999954,136467.71240000054],[399403.04360000044,136470.5289000012],[399398.09730000049,136472.46440000087],[399390.69709999859,136476.76130000129],[399382.0223999992,136482.88459999859],[399376.18900000304,136487.9571999982],[399371.23319999874,136492.6651000008],[399369.63710000366,136494.55139999837],[399364.76099999994,136503.8161999993],[399359.82859999686,136514.22890000045],[399355.65429999679,136524.14279999956],[399352.99909999967,136533.17069999874],[399352.81260000169,136533.75979999825],[399352.80390000343,136533.7853000015],[399348.75299999863,136545.64880000055],[399348.41589999944,136546.54199999943],[399348.01079999655,136547.43600000069],[399347.88700000197,136547.68140000105],[399343.25729999691,136556.65129999816],[399342.91839999706,136557.27160000056],[399342.3967999965,136558.1099999994],[399337.71559999883,136565.1099999994],[399337.14710000157,136565.90300000086],[399336.52440000325,136566.66180000082],[399335.85339999944,136567.37819999829],[399335.13700000197,136568.04919999838],[399334.37820000201,136568.67190000042],[399333.58039999753,136569.2435999997],[399332.74679999799,136569.76199999824],[399331.88109999895,136570.22470000014],[399330.9870999977,136570.6297999993],[399330.06840000302,136570.97560000047],[399329.12910000235,136571.26049999893],[399328.17319999635,136571.4833999984],[399327.20470000058,136571.64330000058],[399326.22779999673,136571.73950000107],[399325.24679999799,136571.77160000056],[399324.26579999924,136571.73950000107],[399323.28890000284,136571.64330000058],[399322.32039999962,136571.4833999984],[399321.36450000107,136571.26049999893],[399320.42520000041,136570.97560000047],[399319.50649999827,136570.6297999993],[399318.61249999702,136570.22470000014],[399317.74679999799,136569.76199999824],[399316.91319999844,136569.2435999997],[399316.11540000141,136568.67190000042],[399315.35660000145,136568.04919999838],[399314.64019999653,136567.37819999829],[399313.96920000017,136566.66180000082],[399313.34650000185,136565.90300000086],[399312.77480000257,136565.10520000011],[399312.25639999658,136564.27160000056],[399311.79370000213,136563.40590000153],[399311.38859999925,136562.51190000027],[399311.0428000018,136561.59319999814],[399310.75789999962,136560.6539000012],[399310.53499999642,136559.69799999893],[399310.37510000169,136558.72949999943],[399310.27889999747,136557.75259999931],[399310.24679999799,136556.77160000056],[399310.27889999747,136555.79060000181],[399310.37510000169,136554.81370000169],[399310.53499999642,136553.84519999847],[399310.75789999962,136552.88929999992],[399311.0428000018,136551.94999999925],[399311.38859999925,136551.03130000085],[399311.79370000213,136550.13729999959],[399312.25639999658,136549.27160000056],[399312.77799999714,136548.43320000172],[399316.98770000041,136542.13819999993],[399320.72039999813,136534.90630000085],[399324.30910000205,136524.39629999921],[399327.11159999669,136514.86769999936],[399327.29810000211,136514.27859999985],[399327.64389999956,136513.35990000144],[399327.67759999633,136513.27930000052],[399332.30719999969,136502.28400000185],[399332.57569999993,136501.68360000104],[399337.78410000354,136490.68820000067],[399337.88700000197,136490.47520000115],[399338.06629999727,136490.12339999899],[399343.85329999775,136479.12790000066],[399344.13669999689,136478.61400000006],[399344.65510000288,136477.78040000051],[399345.22680000216,136476.98259999976],[399345.67639999837,136476.42469999939],[399348.85930000246,136472.66319999844],[399349.03239999712,136472.46229999885],[399349.70340000093,136471.74590000138],[399349.97879999876,136471.47749999911],[399355.76590000093,136465.97980000079],[399356.20690000057,136465.57719999924],[399356.25439999998,136465.53579999879],[399362.90950000286,136459.74870000035],[399363.62080000341,136459.16739999875],[399364.10199999809,136458.81320000067],[399373.93990000337,136451.86879999936],[399374.25649999827,136451.65129999816],[399375.05810000002,136451.15150000155],[399384.02809999883,136445.94310000166],[399384.06009999663,136445.92449999973],[399384.92580000311,136445.46180000156],[399385.81979999691,136445.05669999868],[399386.09420000017,136444.94619999826],[399392.74930000305,136442.34209999815],[399393.39360000193,136442.10680000111],[399394.04429999739,136441.90230000019],[399405.03970000148,136438.71939999983],[399405.32829999924,136438.63899999857],[399406.26889999956,136438.41919999942],[399414.94940000027,136436.68310000002],[399414.9646999985,136436.6799999997],[399415.93320000172,136436.52010000125],[399416.60270000249,136436.44720000029],[399433.3852000013,136435.00039999932],[399433.69259999692,136434.97709999979],[399433.7079000026,136434.97610000148],[399442.67779999971,136434.3973999992],[399443.64350000024,136434.36630000174]]]},"properties":{"OBJECTID":8,"ROUTEID":"12024732","FROMMEASURE":0,"TOMEASURE":277.12180000000001,"ROUTENAME":"COLUMBUS CIR NE","CORRIDORID":"12024732_1","FROMSTREET":"1ST ST NE/MASSACHUSETTS AVE NE","TOSTREET":"F ST NE","LENGTH_MI":0.25713851999999998,"TIER_1":0,"TIER_2":1,"TIER_3":0,"GIS_ID":"HIN_CorridorsLn_34","SE_ANNO_CAD_DATA":null,"BUFF_DIST":15,"ORIG_FID":34,"SHAPE_Length":648.37559087245324,"SHAPE_Area":9019.1600688051185}},{"type":"Feature","id":10,"geometry":{"type":"Polygon","coordinates":[[[406401.42000000179,134648.19000000134],[406402.40100000054,134648.22210000083],[406403.37789999694,134648.31830000132],[406404.34640000015,134648.47819999978],[406405.3022999987,134648.70109999925],[406406.24159999937,134648.98600000143],[406407.1603000015,134649.33179999888],[406408.05430000275,134649.73690000176],[406408.92000000179,134650.19959999993],[406409.75360000134,134650.71799999848],[406410.55139999837,134651.28970000148],[406411.31019999832,134651.9123999998],[406412.02660000324,134652.58339999989],[406412.69759999961,134653.29980000108],[406413.32029999793,134654.05860000104],[406413.8919999972,134654.85640000179],[406414.380400002,134655.63830000162],[406415.86039999872,134658.17830000073],[406415.89039999992,134658.23000000045],[406416.09560000151,134658.5971999988],[406417.49560000002,134661.18719999865],[406417.69590000063,134661.57090000063],[406419.01590000093,134664.19090000167],[406419.07310000062,134664.30570000038],[406419.21980000287,134664.61190000176],[406420.35980000347,134667.06190000102],[406420.53000000119,134667.441300001],[406421.6099999994,134669.941300001],[406421.69820000231,134670.14970000088],[406421.77090000361,134670.32860000059],[406422.78090000153,134672.85860000178],[406422.94849999994,134673.29830000177],[406423.87849999964,134675.85830000043],[406423.98399999738,134676.15839999914],[406424.02669999748,134676.2862999998],[406424.87669999897,134678.86630000174],[406425.01250000298,134679.30059999973],[406425.78249999881,134681.90060000122],[406425.88889999688,134682.27769999951],[406425.95560000092,134682.53590000048],[406426.56560000032,134684.98589999974],[406426.67620000243,134685.46299999952],[406427.20620000362,134687.93299999833],[406427.25180000067,134688.15359999985],[406427.29240000248,134688.36560000107],[406427.75240000337,134690.86560000107],[406427.80929999799,134691.19610000029],[406428.13930000365,134693.24610000104],[406428.16070000082,134693.38289999962],[406428.61069999635,134696.35289999843],[406428.62810000032,134696.47040000185],[406428.98809999973,134698.98039999977],[406429.00280000269,134699.08570000157],[406429.38279999793,134701.87570000067],[406429.39169999957,134701.94209999964],[406429.42300000042,134702.19680000097],[406429.74300000072,134704.99680000171],[406429.7656000033,134705.20740000159],[406430.04559999704,134708.00739999861],[406430.05619999766,134708.11800000072],[406430.31379999965,134710.90170000121],[406430.57850000262,134713.65639999881],[406430.85559999943,134716.42740000039],[406430.85840000212,134716.45639999956],[406437.45799999684,134783.77169999853],[406438.20750000328,134791.36690000072],[406438.20870000124,134791.37909999862],[406439.57869999856,134805.37909999862],[406439.61789999902,134805.8590000011],[406439.64999999851,134806.83999999985],[406439.61789999902,134807.8209999986],[406439.52170000225,134808.79789999872],[406439.36180000007,134809.76639999822],[406439.13889999688,134810.72230000049],[406438.85400000215,134811.66160000116],[406438.50819999725,134812.58029999956],[406438.10310000181,134813.47430000082],[406437.64039999992,134814.33999999985],[406437.12200000137,134815.1735999994],[406436.5503000021,134815.97140000015],[406435.92759999633,134816.73020000011],[406435.25659999996,134817.44660000131],[406434.54020000249,134818.11760000139],[406433.78140000254,134818.74029999971],[406432.98359999806,134819.31199999899],[406432.14999999851,134819.83040000126],[406431.28429999948,134820.29309999943],[406430.39029999822,134820.69819999859],[406429.47160000354,134821.04399999976],[406428.53230000287,134821.32889999822],[406427.57639999688,134821.55180000141],[406426.60790000111,134821.71169999987],[406425.63099999726,134821.80790000036],[406424.64999999851,134821.83999999985],[406423.66899999976,134821.80790000036],[406422.69210000336,134821.71169999987],[406421.72360000014,134821.55180000141],[406420.7677000016,134821.32889999822],[406419.82840000093,134821.04399999976],[406418.9096999988,134820.69819999859],[406418.01569999754,134820.29309999943],[406417.14999999851,134819.83040000126],[406416.31639999896,134819.31199999899],[406415.51860000193,134818.74029999971],[406414.75980000198,134818.11760000139],[406414.04339999706,134817.44660000131],[406413.37240000069,134816.73020000011],[406412.74970000237,134815.97140000015],[406412.1780000031,134815.1735999994],[406411.6595999971,134814.33999999985],[406411.19690000266,134813.47430000082],[406410.79179999977,134812.58029999956],[406410.44600000232,134811.66160000116],[406410.16110000014,134810.72230000049],[406409.93819999695,134809.76639999822],[406409.77830000222,134808.79789999872],[406409.72129999846,134808.30090000108],[406408.3518999964,134794.30700000003],[406407.60249999911,134786.71310000122],[406407.60159999877,134786.70360000059],[406401.00299999863,134719.39809999987],[406400.72439999878,134716.61259999871],[406400.71880000085,134716.55469999835],[406400.44879999757,134713.74469999969],[406400.44380000234,134713.69200000167],[406400.18890000135,134710.93730000034],[406399.92499999702,134708.29800000042],[406399.63539999723,134705.76399999857],[406399.28440000117,134703.18699999899],[406398.94039999694,134700.78840000182],[406398.50959999859,134697.94559999928],[406398.21729999781,134696.12950000167],[406397.82760000229,134694.01130000129],[406397.39519999921,134691.99639999866],[406396.92390000075,134690.1035999991],[406396.31210000068,134688.03759999946],[406395.60409999639,134685.88879999891],[406394.83179999888,134683.76289999858],[406393.98680000007,134681.64609999955],[406393.07240000367,134679.52950000018],[406392.11890000105,134677.48020000011],[406391.00150000304,134675.26240000129],[406389.81870000064,134673.07409999892],[406388.45960000157,134670.74170000106],[406388.42960000038,134670.69000000134],[406387.96689999849,134669.82429999858],[406387.56180000305,134668.93030000106],[406387.21599999815,134668.01159999892],[406386.93110000342,134667.07229999825],[406386.70820000023,134666.11639999971],[406386.54829999804,134665.14790000021],[406386.45210000128,134664.17100000009],[406386.42000000179,134663.19000000134],[406386.45210000128,134662.20899999887],[406386.54829999804,134661.23209999874],[406386.70820000023,134660.26359999925],[406386.93110000342,134659.3077000007],[406387.21599999815,134658.36840000004],[406387.56180000305,134657.44970000163],[406387.96689999849,134656.55570000038],[406388.42960000038,134655.69000000134],[406388.94799999893,134654.85640000179],[406389.5196999982,134654.05860000104],[406390.14239999652,134653.29980000108],[406390.81340000033,134652.58339999989],[406391.52979999781,134651.9123999998],[406392.28859999776,134651.28970000148],[406393.08640000224,134650.71799999848],[406393.92000000179,134650.19959999993],[406394.78570000082,134649.73690000176],[406395.67970000207,134649.33179999888],[406396.59839999676,134648.98600000143],[406397.53769999743,134648.70109999925],[406398.49360000342,134648.47819999978],[406399.46209999919,134648.31830000132],[406400.43900000304,134648.22210000083],[406401.42000000179,134648.19000000134]]]},"properties":{"OBJECTID":10,"ROUTEID":"13005302","FROMMEASURE":991.928,"TOMEASURE":1138.5084000000002,"ROUTENAME":"53RD ST SE","CORRIDORID":"13005302_2","FROMSTREET":"FITCH ST SE","TOSTREET":"SOUTHERN AVE SE","LENGTH_MI":0.091081289999999995,"TIER_1":1,"TIER_2":0,"TIER_3":0,"GIS_ID":"HIN_CorridorsLn_47","SE_ANNO_CAD_DATA":null,"BUFF_DIST":15,"ORIG_FID":47,"SHAPE_Length":387.39340614295048,"SHAPE_Area":5103.7945326622576}},{"type":"Feature","id":11,"geometry":{"type":"Polygon","coordinates":[[[406424.64999999851,134791.83999999985],[406425.63099999726,134791.87209999934],[406426.60790000111,134791.96829999983],[406426.77130000293,134791.99080000073],[406427.12129999697,134792.04080000147],[406427.58569999784,134792.11450000107],[406427.84440000355,134792.15980000049],[406448.75249999762,134795.40780000016],[406448.76389999688,134795.40949999914],[406459.16059999913,134797.03280000016],[406517.68240000308,134805.81949999928],[406520.14320000261,134806.17379999906],[406522.66879999638,134806.51509999856],[406522.73290000111,134806.52389999852],[406525.31289999932,134806.88390000165],[406525.36940000206,134806.89189999923],[406527.94940000027,134807.26190000027],[406528.07050000131,134807.27980000153],[406530.64050000161,134807.6697999984],[406530.92130000144,134807.71510000154],[406533.49130000174,134808.15509999916],[406533.60100000352,134808.17430000007],[406536.06099999696,134808.61430000141],[406536.17710000277,134808.63560000062],[406538.63710000366,134809.09560000151],[406538.752700001,134809.11760000139],[406541.2127000019,134809.59760000184],[406541.26640000194,134809.60819999874],[406541.39689999819,134809.63479999825],[406543.84690000117,134810.14479999989],[406544.1454000026,134810.21009999886],[406546.58540000021,134810.77010000125],[406546.89630000293,134810.84499999881],[406549.31629999727,134811.45499999821],[406549.53230000287,134811.51110000163],[406549.63889999688,134811.5401000008],[406552.24889999628,134812.26009999961],[406552.45359999686,134812.31810000166],[406555.06360000372,134813.07809999958],[406555.39750000089,134813.17960000038],[406557.98749999702,134813.99960000068],[406558.2696999982,134814.09200000018],[406560.8396999985,134814.96200000122],[406560.85159999877,134814.96599999815],[406561.18729999661,134815.08449999988],[406563.72730000317,134816.01449999958],[406564.05479999632,134816.13870000094],[406566.57479999959,134817.1286999993],[406566.83030000329,134817.23180000111],[406566.96440000087,134817.28810000047],[406569.38440000266,134818.31810000166],[406569.68689999729,134818.45080000162],[406572.07689999789,134819.53079999983],[406572.42599999905,134819.69399999827],[406574.80600000173,134820.84400000051],[406574.91430000216,134820.89689999819],[406575.0794999972,134820.97960000113],[406577.41950000077,134822.16959999874],[406577.73489999771,134822.33480000123],[406580.05489999801,134823.58480000123],[406580.36980000138,134823.75930000097],[406582.64980000257,134825.05930000171],[406582.71999999881,134825.09959999844],[406582.98839999735,134825.25829999894],[406584.83839999884,134826.37829999998],[406585.40359999985,134826.73800000176],[406586.20139999688,134827.30970000103],[406586.96019999683,134827.93239999935],[406587.67660000175,134828.60339999944],[406588.34759999812,134829.31980000064],[406588.97029999644,134830.07860000059],[406589.54200000316,134830.87640000135],[406590.0604000017,134831.71000000089],[406590.5231000036,134832.57569999993],[406590.92819999903,134833.46970000118],[406591.27399999648,134834.38839999959],[406591.55889999866,134835.32770000026],[406591.78180000186,134836.2835999988],[406591.94169999659,134837.2520999983],[406592.03790000081,134838.22899999842],[406592.0700000003,134839.21000000089],[406592.03790000081,134840.19099999964],[406591.94169999659,134841.16789999977],[406591.78180000186,134842.13639999926],[406591.55889999866,134843.09230000153],[406591.27399999648,134844.03159999847],[406590.92819999903,134844.95030000061],[406590.5231000036,134845.84430000186],[406590.0604000017,134846.71000000089],[406589.54200000316,134847.54360000044],[406588.97029999644,134848.3414000012],[406588.34759999812,134849.10020000115],[406587.67660000175,134849.81659999862],[406586.96019999683,134850.48759999871],[406586.20139999688,134851.11030000076],[406585.40359999985,134851.68200000003],[406584.5700000003,134852.20039999858],[406583.70430000126,134852.66310000047],[406582.81030000001,134853.06819999963],[406581.89159999788,134853.4140000008],[406580.95229999721,134853.69889999926],[406579.99639999866,134853.92179999873],[406579.0279000029,134854.08170000091],[406578.05099999905,134854.17790000141],[406577.0700000003,134854.21000000089],[406576.08900000155,134854.17790000141],[406575.1120999977,134854.08170000091],[406574.14360000193,134853.92179999873],[406573.18770000339,134853.69889999926],[406572.24840000272,134853.4140000008],[406571.32970000058,134853.06819999963],[406570.43569999933,134852.66310000047],[406569.5700000003,134852.20039999858],[406569.30160000175,134852.04170000181],[406567.619599998,134851.02340000123],[406565.66659999639,134849.90980000049],[406563.66179999709,134848.82970000058],[406561.61659999937,134847.78959999979],[406559.5474999994,134846.78979999945],[406557.48369999975,134845.85720000044],[406555.40929999948,134844.97430000082],[406553.24819999933,134844.12530000135],[406551.04569999874,134843.3189000003],[406548.79089999944,134842.55559999868],[406546.50879999995,134841.83309999853],[406544.16849999875,134841.15159999952],[406541.82190000266,134840.50429999828],[406539.71880000085,134839.97410000116],[406537.58349999785,134839.48409999907],[406535.37510000169,134839.02439999953],[406533.06509999931,134838.57360000163],[406530.72089999914,134838.13529999927],[406528.37380000204,134837.71550000086],[406525.99889999628,134837.30889999866],[406523.63000000268,134836.94940000027],[406521.13880000263,134836.59209999815],[406518.61909999698,134836.24049999937],[406516.06120000035,134835.89490000159],[406515.93249999732,134835.87689999864],[406513.36249999702,134835.50690000132],[406513.27279999852,134835.49370000139],[406454.66279999912,134826.69370000064],[406454.57609999925,134826.68050000072],[406444.14180000126,134825.0513000004],[406423.09749999642,134821.78220000118],[406422.81430000067,134821.73550000042],[406422.64590000361,134821.70600000024],[406422.52870000154,134821.68919999897],[406421.72360000014,134821.55180000141],[406420.7677000016,134821.32889999822],[406419.82840000093,134821.04399999976],[406418.9096999988,134820.69819999859],[406418.01569999754,134820.29309999943],[406417.14999999851,134819.83040000126],[406416.31639999896,134819.31199999899],[406415.51860000193,134818.74029999971],[406414.75980000198,134818.11760000139],[406414.04339999706,134817.44660000131],[406413.37240000069,134816.73020000011],[406412.74970000237,134815.97140000015],[406412.1780000031,134815.1735999994],[406411.6595999971,134814.33999999985],[406411.19690000266,134813.47430000082],[406410.79179999977,134812.58029999956],[406410.44600000232,134811.66160000116],[406410.16110000014,134810.72230000049],[406409.93819999695,134809.76639999822],[406409.77830000222,134808.79789999872],[406409.682099998,134807.8209999986],[406409.64999999851,134806.83999999985],[406409.682099998,134805.8590000011],[406409.77830000222,134804.88210000098],[406409.93819999695,134803.91360000148],[406410.16110000014,134802.95769999921],[406410.44600000232,134802.01839999855],[406410.79179999977,134801.09970000014],[406411.19690000266,134800.20569999889],[406411.6595999971,134799.33999999985],[406412.1780000031,134798.5064000003],[406412.74970000237,134797.70859999955],[406413.37240000069,134796.94979999959],[406414.04339999706,134796.2333999984],[406414.75980000198,134795.56239999831],[406415.51860000193,134794.93969999999],[406416.31639999896,134794.36800000072],[406417.14999999851,134793.84959999844],[406418.01569999754,134793.38690000027],[406418.9096999988,134792.98180000111],[406419.82840000093,134792.63599999994],[406420.7677000016,134792.35110000148],[406421.72360000014,134792.12819999829],[406422.69210000336,134791.96829999983],[406423.66899999976,134791.87209999934],[406424.64999999851,134791.83999999985]]]},"properties":{"OBJECTID":11,"ROUTEID":"13035812","FROMMEASURE":294.94890000000004,"TOMEASURE":451.69450000000001,"ROUTENAME":"FITCH ST SE","CORRIDORID":"13035812_1","FROMSTREET":"51ST ST SE/G ST SE","TOSTREET":"SOUTHERN AVE SE","LENGTH_MI":0.28066935999999998,"TIER_1":1,"TIER_2":0,"TIER_3":0,"GIS_ID":"HIN_CorridorsLn_51","SE_ANNO_CAD_DATA":null,"BUFF_DIST":15,"ORIG_FID":51,"SHAPE_Length":407.72185115739313,"SHAPE_Area":5408.7196137844285}},{"type":"Feature","id":12,"geometry":{"type":"Polygon","coordinates":[[[399270.25,134277.55999999866],[399270.49849999696,134277.56210000068],[399278.93699999899,134277.70190000162],[399286.90550000221,134277.82169999927],[399286.92710000277,134277.82200000063],[399298.45709999651,134278.01199999824],[399298.68410000205,134278.01749999821],[399308.80409999937,134278.33749999851],[399308.83269999921,134278.33839999884],[399313.8879000023,134278.50789999962],[399329.08309999853,134278.98750000075],[399329.11169999838,134278.98840000108],[399334.17740000039,134279.15790000185],[399344.30309999734,134279.47749999911],[399344.33529999852,134279.47850000113],[399348.77009999752,134279.62799999863],[399352.85599999875,134279.75739999861],[399362.63390000165,134279.6512000002],[399362.7968999967,134279.65029999986],[399478.87160000205,134279.65029999986],[399483.88830000162,134279.61160000041],[399484.00389999896,134279.61120000109],[399490.3553000018,134279.61120000109],[399496.51359999925,134279.55920000002],[399496.64019999653,134279.558699999],[399622.1398999989,134279.558699999],[399639.09340000153,134279.54549999908],[399647.940200001,134279.50759999827],[399648.00439999998,134279.5075000003],[399811.37910000235,134279.50719999894],[399823.06109999865,134279.43939999864],[399823.14819999784,134279.43910000101],[399823.6651000008,134279.44799999893],[399830.807099998,134279.69429999962],[399847.53580000252,134279.44079999998],[399847.76299999654,134279.43910000101],[399939.70620000362,134279.43910000101],[399949.53069999814,134279.38859999925],[399949.60779999942,134279.38839999959],[400034.05799999833,134279.38839999959],[400034.46320000291,134279.39389999956],[400041.82999999821,134279.59299999848],[400053.47839999944,134279.36630000174],[400053.77019999921,134279.36349999905],[400213.5970999971,134279.36349999905],[400278.69120000303,134279.11710000038],[400278.7480000034,134279.11699999869],[400314.31949999928,134279.11699999869],[400314.43330000341,134279.11740000173],[400330.70350000262,134279.24080000073],[400346.28970000148,134279.1174999997],[400346.40839999914,134279.11699999869],[400421.16250000149,134279.11699999869],[400436.35350000113,134278.87359999865],[400436.59380000085,134278.87170000002],[400522.45260000229,134278.87170000002],[400540.565200001,134278.78620000184],[400540.63599999994,134278.78599999845],[400636.50020000339,134278.78599999845],[400637.48120000213,134278.81810000166],[400638.15670000017,134278.877700001],[400646.61879999936,134279.81799999997],[400657.67400000244,134280.00860000029],[400676.55399999768,134280.21159999818],[400676.55749999732,134280.21159999818],[400713.60059999675,134280.61870000139],[400714.08739999682,134280.63199999928],[400723.34899999946,134281.0346999988],[400734.70030000061,134281.37510000169],[400743.85180000216,134281.17419999838],[400749.24270000309,134281.03500000015],[400749.64079999924,134281.03000000119],[400771.3825000003,134281.04560000077],[400782.9157000035,134281.05000000075],[400782.92549999803,134281.05000000075],[400802.19389999658,134281.06989999861],[400817.9619999975,134280.93569999933],[400837.5279000029,134280.76240000129],[400839.815200001,134280.68129999936],[400843.69929999858,134280.51579999924],[400847.27709999681,134280.33839999884],[400848.02220000327,134280.3200000003],[400866.67469999939,134280.3227000013],[400866.73640000075,134280.32279999927],[400988.95679999888,134280.84369999915],[401012.33690000325,134280.15610000119],[401055.57490000129,134278.72819999978],[401056.0700000003,134278.71999999881],[401056.91049999744,134278.7435999997],[401060.8125,134278.9626000002],[401064.7044999972,134279.17159999907],[401064.73430000246,134279.17320000008],[401072.25389999896,134279.59209999815],[401079.7444999963,134279.98889999837],[401090.97540000081,134280.52519999817],[401102.1854000017,134281.00050000101],[401108.7752000019,134281.21819999814],[401108.82020000368,134281.21970000118],[401115.48020000011,134281.45969999954],[401115.5251000002,134281.46139999852],[401125.51510000229,134281.85139999911],[401125.56009999663,134281.85319999978],[401132.2201000005,134282.13320000097],[401132.2650000006,134282.1352000013],[401135.59499999881,134282.28519999981],[401135.73789999634,134282.29230000079],[401138.616899997,134282.44949999824],[401141.44489999861,134282.58469999954],[401144.29730000347,134282.70149999857],[401147.16070000082,134282.80860000104],[401149.98939999938,134282.89550000057],[401152.81669999659,134282.96299999952],[401155.67989999801,134283.01170000061],[401158.53339999914,134283.05070000142],[401161.39660000056,134283.07019999996],[401164.30120000243,134283.0800999999],[401164.50140000135,134283.08210000023],[401171.66139999777,134283.20210000128],[401171.70409999788,134283.20289999992],[401175.252700001,134283.27250000089],[401178.81139999628,134283.33210000023],[401178.8532000035,134283.33289999887],[401182.4122999981,134283.40249999985],[401185.97140000015,134283.46209999919],[401186.01340000331,134283.46290000156],[401200.32339999825,134283.74289999902],[401200.47529999912,134283.74659999833],[401229.09529999644,134284.59659999982],[401229.21720000356,134284.60069999844],[401232.91719999909,134284.74069999903],[401233.07890000194,134284.74769999832],[401236.77889999747,134284.92770000175],[401236.85960000008,134284.93189999834],[401240.55960000306,134285.13190000132],[401240.68060000241,134285.1389000006],[401244.38059999794,134285.36890000105],[401244.43100000173,134285.37209999934],[401244.54169999808,134285.3797999993],[401248.24170000106,134285.64979999885],[401248.32519999892,134285.65610000119],[401252.01519999653,134285.94610000029],[401252.1724999994,134285.95930000022],[401255.87250000238,134286.28929999843],[401256.00039999932,134286.3013000004],[401259.68039999902,134286.6612999998],[401259.79659999907,134286.67309999838],[401263.48659999669,134287.06309999898],[401263.65089999884,134287.08139999956],[401267.30489999801,134287.50829999894],[401272.83879999816,134288.13540000096],[401272.94780000299,134288.14809999987],[401278.49780000001,134288.81810000166],[401278.55059999973,134288.82459999993],[401284.10059999675,134289.51460000128],[401284.20960000157,134289.52859999985],[401289.74960000068,134290.25860000029],[401289.8022999987,134290.26559999958],[401295.34229999781,134291.01559999958],[401295.42130000144,134291.02650000155],[401300.96130000055,134291.80649999902],[401301.04389999807,134291.81839999929],[401306.57389999926,134292.62840000167],[401306.65259999782,134292.64009999856],[401312.18259999901,134293.48009999841],[401312.26120000333,134293.49230000004],[401317.79119999707,134294.36230000108],[401317.87380000204,134294.37550000101],[401323.39379999787,134295.27549999952],[401323.62219999731,134295.31450000033],[401324.51590000093,134295.47450000048],[401339.53959999979,134298.0447999984],[401339.72160000354,134298.07710000128],[401352.56159999967,134300.43710000068],[401352.72140000015,134300.4673999995],[401355.52619999647,134301.01440000162],[401357.48099999875,134301.39149999991],[401357.56639999896,134301.40819999948],[401357.58169999719,134301.4112999998],[401358.39599999785,134301.57409999892],[401380.79869999737,134305.94150000066],[401382.67570000142,134306.27279999852],[401388.7444999963,134307.31740000099],[401388.80680000037,134307.32820000127],[401392.88679999858,134308.04820000008],[401392.9720999971,134308.0634999983],[401395.932099998,134308.60350000113],[401396.01929999888,134308.61969999969],[401398.88899999857,134309.16079999879],[401400.2303000018,134309.39490000159],[401401.53040000051,134309.61300000176],[401402.19820000231,134309.71189999953],[401402.60679999739,134309.77820000052],[401402.73139999807,134309.80020000041],[401404.77229999751,134310.09930000082],[401408.12460000068,134310.56170000136],[401410.79389999807,134310.90610000119],[401414.93810000271,134311.40940000117],[401415.0428000018,134311.4224999994],[401416.40940000117,134311.59820000082],[401417.74599999934,134311.7639000006],[401417.85469999909,134311.7778000012],[401420.59459999949,134312.13789999858],[401420.70049999654,134312.1521999985],[401423.44060000032,134312.53220000118],[401423.54710000008,134312.54740000144],[401424.91700000316,134312.74740000069],[401424.99710000306,134312.75930000097],[401426.64710000157,134313.00930000097],[401426.74870000035,134313.02499999851],[401428.38870000094,134313.28500000015],[401428.46230000257,134313.29690000042],[401430.11230000108,134313.56689999998],[401430.21440000087,134313.58399999887],[401431.85440000147,134313.86400000006],[401431.94189999998,134313.87920000032],[401433.58190000057,134314.16919999942],[401433.66910000145,134314.184799999],[401435.30910000205,134314.48479999974],[401435.39299999923,134314.50039999932],[401436.82299999893,134314.77039999887],[401436.94089999795,134314.79320000112],[401438.36089999974,134315.07310000062],[401438.38639999926,134315.07809999958],[401438.46190000325,134315.09340000153],[401441.30189999938,134315.67350000143],[401441.49930000305,134315.71519999951],[401444.33929999918,134316.33520000055],[401444.47990000248,134316.36659999937],[401446.0998999998,134316.73660000041],[401446.27080000192,134316.77659999952],[401447.89079999924,134317.16660000011],[401448.06030000001,134317.20850000158],[401449.63799999654,134317.60779999942],[401452.70809999853,134318.36580000073],[401454.14209999889,134318.69339999929],[401456.11439999938,134319.12739999965],[401458.05650000274,134319.53830000013],[401462.09759999812,134320.34840000048],[401464.12669999897,134320.73490000144],[401464.20780000091,134320.75059999898],[401466.2023999989,134321.14189999923],[401469.86540000141,134321.81140000001],[401471.70380000025,134322.12900000066],[401471.77880000323,134322.14220000058],[401473.68879999965,134322.48220000044],[401473.76370000094,134322.49570000172],[401475.67369999737,134322.84569999948],[401475.74830000103,134322.85949999839],[401477.65829999745,134323.21950000152],[401477.72510000318,134323.2322999984],[401479.4851000011,134323.57229999825],[401479.5577000007,134323.58650000021],[401483.0877000019,134324.28649999946],[401483.25599999726,134324.32090000063],[401485.01600000262,134324.69090000167],[401485.11299999803,134324.71159999818],[401486.86299999803,134325.09160000086],[401487.19960000366,134325.1688000001],[401488.9395999983,134325.58879999816],[401489.18829999864,134325.65100000054],[401490.49830000103,134325.99100000039],[401490.61230000108,134326.02109999955],[401490.73319999874,134326.0540000014],[401492.03320000321,134326.4140000008],[401492.13620000333,134326.44299999997],[401493.43620000035,134326.81300000101],[401493.5625,134326.84950000048],[401495.43249999732,134327.39950000122],[401495.46299999952,134327.40850000083],[401504.13300000131,134329.97850000113],[401504.69160000235,134330.15599999949],[401505.44089999795,134330.43279999867],[401506.24090000242,134330.75279999897],[401506.4103000015,134330.82180000097],[401506.54050000012,134330.87649999931],[401507.41049999744,134331.24650000036],[401507.60249999911,134331.32970000058],[401508.46249999851,134331.70969999954],[401508.65529999882,134331.79659999907],[401509.50530000031,134332.18659999967],[401509.82299999893,134332.33689999953],[401510.6230000034,134332.72690000013],[401510.68999999762,134332.75970000029],[401511.47999999672,134333.14970000088],[401511.88139999658,134333.35539999977],[401512.67140000314,134333.77540000156],[401512.74149999768,134333.81289999932],[401514.30150000006,134334.65289999917],[401514.63210000098,134334.83639999852],[401516.31210000068,134335.79639999941],[401516.36999999732,134335.82959999889],[401516.65089999884,134335.99590000138],[401517.54089999944,134336.53590000048],[401517.72929999977,134336.65210000053],[401519.40559999645,134337.70329999924],[401520.08569999784,134338.11600000039],[401520.79110000283,134338.52679999918],[401521.58619999886,134338.97549999878],[401522.40240000188,134339.41560000181],[401523.304399997,134339.88859999925],[401526.34309999645,134341.45219999924],[401526.41369999945,134341.48869999871],[401527.32670000196,134341.96460000053],[401528.20069999993,134342.41569999978],[401529.93800000101,134343.30290000141],[401530.61940000206,134343.63630000129],[401531.35300000012,134343.97610000148],[401531.96249999851,134344.25070000067],[401533.51979999989,134344.89050000161],[401536.22950000316,134345.97630000114],[401536.3925999999,134346.0428000018],[401537.50259999931,134346.50279999897],[401537.60869999975,134346.54720000178],[401539.72249999642,134347.44220000133],[401540.65030000359,134347.81839999929],[401541.51139999926,134348.15670000017],[401542.22739999741,134348.41649999842],[401542.86940000206,134348.62609999999],[401552.24400000274,134351.53280000016],[401552.61370000243,134351.62629999965],[401553.17520000041,134351.75490000099],[401553.82930000126,134351.89499999955],[401554.41650000215,134352.0139000006],[401555.8348999992,134352.26720000058],[401557.38729999959,134352.52450000122],[401558.05120000243,134352.61930000037],[401558.80059999973,134352.71810000017],[401559.38019999862,134352.78819999844],[401560.02260000259,134352.84409999847],[401560.61249999702,134352.89319999889],[401561.12569999695,134352.92889999971],[401561.63830000162,134352.95729999989],[401562.15049999952,134352.97870000079],[401563.27830000222,134353.01000000164],[401563.78859999776,134353.01000000164],[401564.33100000024,134353.00340000167],[401564.95480000228,134352.9803000018],[401565.13970000297,134352.97459999844],[401565.8572999984,134352.95690000057],[401566.57479999959,134352.93030000106],[401566.98080000281,134352.92069999874],[401568.99090000242,134352.90069999918],[401569.14010000229,134352.89999999851],[401569.26619999856,134352.90049999952],[401570.39299999923,134352.91000000015],[401571.53000000119,134352.91000000015],[401571.78209999949,134352.91209999844],[401575.35209999979,134352.97210000083],[401575.58749999851,134352.97789999843],[401576.81750000268,134353.01790000126],[401576.94420000166,134353.02259999886],[401579.38419999927,134353.12260000035],[401579.50379999727,134353.12799999863],[401581.89400000125,134353.24500000104],[401583.05420000106,134353.29259999841],[401583.09730000049,134353.29439999908],[401585.31400000304,134353.3916000016],[401586.38059999794,134353.42940000072],[401586.50729999691,134353.43439999968],[401587.64729999751,134353.48440000042],[401587.90929999948,134353.49819999933],[401589.04930000007,134353.56819999963],[401589.11100000143,134353.57209999859],[401589.18930000067,134353.5775000006],[401590.31930000335,134353.65749999881],[401590.71329999715,134353.69060000032],[401591.84329999983,134353.80059999973],[401591.97399999946,134353.81390000135],[401593.10400000215,134353.93389999866],[401593.2343999967,134353.94830000028],[401594.36439999938,134354.07829999924],[401594.60790000111,134354.10830000043],[401594.64119999856,134354.11270000041],[401595.690200001,134354.25319999829],[401598.83910000324,134354.64440000057],[401598.94789999723,134354.65830000117],[401598.98250000179,134354.66290000081],[401599.88650000095,134354.78409999982],[401600.78050000221,134354.89579999819],[401600.87789999694,134354.90830000117],[401600.91250000149,134354.91290000081],[401602.78649999946,134355.16409999877],[401603.56639999896,134355.26159999892],[401605.38499999791,134355.46059999987],[401606.317900002,134355.55299999937],[401606.48009999841,134355.56989999861],[401607.48009999841,134355.67990000173],[401607.77369999886,134355.71519999951],[401608.77369999886,134355.84519999847],[401608.79789999872,134355.84829999879],[401609.06509999931,134355.88599999994],[401610.06509999931,134356.03599999845],[401610.4354000017,134356.09620000049],[401612.65540000051,134356.48620000109],[401612.98640000075,134356.54820000008],[401613.03989999741,134356.55900000036],[401613.7798999995,134356.70899999887],[401614.20210000128,134356.80090000108],[401614.932099998,134356.97089999914],[401615.4122999981,134357.09109999985],[401615.54469999671,134357.12719999999],[401616.26470000297,134357.32719999924],[401616.82109999657,134357.49350000173],[401617.57119999826,134357.73350000009],[401617.82169999927,134357.81599999964],[401617.91380000114,134357.84769999981],[401618.66369999945,134358.10770000145],[401619.22309999913,134358.31410000101],[401619.96310000122,134358.60410000011],[401620.19169999659,134358.69590000063],[401620.92170000076,134358.99590000138],[401620.96029999852,134359.01179999858],[401621.08600000292,134359.0645999983],[401623.81599999964,134360.22459999844],[401624.0420999974,134360.32279999927],[401624.67210000008,134360.60280000046],[401624.85220000148,134360.68430000171],[401625.48219999671,134360.97430000082],[401625.84430000186,134361.14689999819],[401625.91820000112,134361.18360000104],[401627.15820000321,134361.80359999835],[401627.95000000298,134362.22960000113],[401627.9979000017,134362.25739999861],[401628.78790000081,134362.7173999995],[401629.04590000212,134362.87110000104],[401637.52130000293,134368.03610000014],[401637.97670000046,134368.31129999831],[401638.26210000366,134368.48800000176],[401638.96369999647,134368.933699999],[401639.67520000041,134369.37959999964],[401639.8729000017,134369.50560000166],[401640.51449999958,134369.92179999873],[401641.91520000249,134370.79960000142],[401641.96779999882,134370.83269999921],[401644.92029999942,134372.69999999925],[401645.87240000069,134373.28799999878],[401645.92870000005,134373.32299999893],[401646.74199999869,134373.83029999956],[401648.41470000148,134374.80319999903],[401649.21410000324,134375.25389999896],[401650.07159999758,134375.72830000147],[401650.88610000163,134376.17410000041],[401654.45570000261,134378.05380000174],[401655.19799999893,134378.43290000036],[401655.8526000008,134378.75319999829],[401656.40139999986,134379.00470000133],[401656.88530000299,134379.20639999956],[401657.30969999731,134379.36659999937],[401657.85899999738,134379.54600000009],[401658.61999999732,134379.78189999983],[401659.40269999951,134380.00890000165],[401660.32729999721,134380.26520000026],[401660.4979000017,134380.31359999999],[401661.4979000017,134380.6035999991],[401661.6529000029,134380.64939999953],[401662.68810000271,134380.96180000156],[401666,134381.89860000089],[401668.21660000086,134382.5047999993],[401671.2119999975,134383.29720000178],[401674.26820000261,134384.08579999954],[401674.36739999801,134384.11180000007],[401677.45740000159,134384.93180000037],[401677.49229999632,134384.94110000134],[401677.59889999777,134384.9701000005],[401681.07890000194,134385.93010000139],[401681.22739999741,134385.97190000117],[401682.30330000073,134386.28060000017],[401683.38889999688,134386.5800999999],[401683.5373999998,134386.62189999968],[401684.68739999831,134386.95190000162],[401684.70870000124,134386.95800000057],[401686.71869999915,134387.53799999878],[401686.80420000106,134387.56300000101],[401688.80420000106,134388.15300000086],[401688.8702000007,134388.1726000011],[401692.8702000007,134389.37260000035],[401692.93599999696,134389.39249999821],[401694.9130000025,134389.99549999833],[401696.88009999692,134390.5885999985],[401696.94979999959,134390.60979999974],[401698.66690000147,134391.13659999892],[401702.15389999747,134392.183699999],[401702.24019999802,134392.2098999992],[401704.00010000169,134392.74989999831],[401704.09740000218,134392.78009999916],[401705.84740000218,134393.3300999999],[401705.97160000354,134393.36969999969],[401707.73160000145,134393.93969999999],[401707.88390000165,134393.98990000039],[401709.28390000015,134394.4598999992],[401709.33160000294,134394.47599999979],[401709.48900000006,134394.53049999848],[401714.89630000293,134396.43320000172],[401716.05340000242,134396.81069999933],[401717.02570000291,134397.11459999904],[401718.06960000098,134397.43140000105],[401719.12349999696,134397.74850000069],[401720.19489999861,134398.06140000001],[401720.3294999972,134398.10139999911],[401722.5794999972,134398.78139999881],[401722.81159999967,134398.8535999991],[401724.31159999967,134399.33359999955],[401724.39689999819,134399.36120000109],[401725.89689999819,134399.85110000148],[401725.92689999938,134399.86089999974],[401727.41690000147,134400.35099999979],[401727.47339999676,134400.36980000138],[401728.97339999676,134400.86980000138],[401729.05160000175,134400.89600000158],[401729.0876000002,134400.90830000117],[401730.53480000049,134401.40370000154],[401731.91290000081,134401.86609999835],[401733.01349999756,134402.22360000014],[401733.12340000272,134402.25979999825],[401735.46339999884,134403.03979999945],[401735.54159999639,134403.06599999964],[401735.60989999771,134403.08940000087],[401736.69680000097,134403.46420000121],[401737.79339999706,134403.82979999855],[401737.87160000205,134403.85599999875],[401737.93990000337,134403.87939999998],[401739.0998999998,134404.27939999849],[401739.24279999733,134404.32950000092],[401742.16279999912,134405.36950000003],[401742.25869999826,134405.40399999917],[401745.84759999812,134406.70980000123],[401771.66839999706,134412.9803000018],[401772.01089999825,134413.06769999862],[401772.95019999892,134413.3526000008],[401773.80590000004,134413.6724999994],[401784.68439999968,134418.12079999968],[401784.74740000069,134418.14669999853],[401785.10580000281,134418.30070000142],[401792.58410000056,134421.6286999993],[401796.20899999887,134423.03299999982],[401796.53029999882,134423.16180000082],[401797.34359999746,134423.52739999816],[401798.74360000342,134424.20740000159],[401798.78159999847,134424.22590000182],[401800.1494999975,134424.89510000125],[401802.09309999645,134425.83799999952],[401803.04860000312,134426.29210000113],[401803.24430000037,134426.38690000027],[401803.31819999963,134426.4235999994],[401805.31819999963,134427.4235999994],[401805.53029999882,134427.53170000017],[401806.53029999882,134428.05169999972],[401806.76889999956,134428.17859999835],[401807.92890000343,134428.80860000104],[401808.15089999884,134428.93160000071],[401809.30089999735,134429.58159999922],[401809.42000000179,134429.64959999919],[401809.52030000091,134429.70809999853],[401810.6603000015,134430.37810000032],[401810.72730000317,134430.41759999841],[401812.997299999,134431.7675999999],[401813.06419999897,134431.8077000007],[401814.19420000166,134432.48770000041],[401814.27300000191,134432.53539999947],[401817.81300000101,134434.69539999962],[401817.95480000228,134434.78310000151],[401820.30479999632,134436.25310000032],[401820.49430000037,134436.37350000069],[401821.60880000144,134437.09409999847],[401822.55309999734,134437.69509999827],[401822.70180000365,134437.79089999944],[401824.66179999709,134439.07090000063],[401824.75100000203,134439.12970000133],[401826.71100000292,134440.42969999835],[401826.75360000134,134440.45800000057],[401826.85809999704,134440.52849999815],[401827.8281000033,134441.1884999983],[401827.87449999899,134441.2201000005],[401829.43450000137,134442.2901000008],[401829.57850000262,134442.39009999856],[401831.12849999964,134443.48009999841],[401831.21859999746,134443.54399999976],[401832.75859999657,134444.64400000125],[401832.84839999676,134444.70870000124],[401834.35960000008,134445.8049999997],[401835.85469999909,134446.88269999996],[401837.36860000342,134447.96400000155],[401837.42899999768,134448.00739999861],[401838.75900000334,134448.9673999995],[401838.81880000234,134449.01080000028],[401840.09749999642,134449.94330000132],[401841.38579999655,134450.86630000174],[401841.48879999667,134450.94079999998],[401842.76749999821,134451.87330000103],[401844.02099999785,134452.7714000009],[401846.38409999758,134454.44399999827],[401847.41430000216,134455.16519999877],[401848.47649999708,134455.89900000021],[401848.55189999938,134455.95149999857],[401849.58240000159,134456.67280000076],[401851.7221999988,134458.13489999995],[401851.80449999869,134458.19150000066],[401853.79609999806,134459.57180000097],[401854.74620000273,134460.2239000015],[401855.6827000007,134460.8574000001],[401856.47699999809,134461.38690000027],[401857.19200000167,134461.83379999921],[401857.85880000144,134462.23070000112],[401858.5204000026,134462.61989999935],[401860.88499999791,134463.93560000136],[401862.84390000254,134465.00670000166],[401864.00140000135,134465.63450000063],[401864.04850000143,134465.66019999981],[401865.08540000021,134466.22740000114],[401866.0522999987,134466.73110000044],[401866.97389999777,134467.19579999894],[401867.89779999852,134467.63100000098],[401868.46639999747,134467.88819999993],[401869.06610000134,134468.14220000058],[401870.60859999806,134468.77369999886],[401871.38350000232,134469.07990000024],[401871.52570000291,134469.13699999824],[401872.34329999983,134469.46979999915],[401874.69960000366,134470.4123999998],[401876.18079999834,134470.98000000045],[401876.87900000066,134471.23770000041],[401878.04569999874,134471.65799999982],[401879.21130000055,134472.0522999987],[401884.61640000343,134473.83419999853],[401884.74130000174,134473.8759999983],[401890.75129999965,134475.91600000113],[401891.01079999655,134476.00670000166],[401892.51079999655,134476.54670000076],[401892.73839999735,134476.63069999963],[401894.21840000153,134477.19069999829],[401894.55290000141,134477.32189999893],[401895.88289999962,134477.86190000176],[401895.9803000018,134477.90179999918],[401896.00919999927,134477.91380000114],[401897.32919999957,134478.46379999816],[401897.54469999671,134478.55559999868],[401898.85469999909,134479.12559999898],[401898.94259999692,134479.16420000046],[401900.20870000124,134479.72480000183],[401901.41019999981,134480.24749999866],[401903.72370000184,134481.22850000113],[401904.79110000283,134481.65900000185],[401904.91179999709,134481.70829999819],[401907.23170000315,134482.66759999841],[401909.50900000334,134483.58999999985],[401910.44629999995,134483.96310000122],[401910.56849999726,134484.01229999959],[401912.44340000302,134484.77760000154],[401913.29850000143,134485.11439999938],[401915.15299999714,134485.82990000024],[401915.70459999889,134486.03669999912],[401917.95059999824,134486.81309999898],[401918.16200000048,134486.88800000027],[401918.9619999975,134487.17799999937],[401919.42090000212,134487.35280000046],[401920.22089999914,134487.67280000076],[401920.39029999822,134487.74179999903],[401920.70459999889,134487.87620000169],[401921.38459999859,134488.17619999871],[401921.62879999727,134488.28660000116],[401922.29879999906,134488.59659999982],[401922.4646999985,134488.67460000142],[401923.13470000029,134488.99460000172],[401923.29770000279,134489.0736999996],[401923.80420000106,134489.32310000062],[401924.27049999684,134489.53889999911],[401924.61420000345,134489.69550000131],[401926.12590000033,134490.30649999902],[401932.20949999988,134492.64930000156],[401933.18760000169,134493.00820000097],[401933.25879999995,134493.03460000083],[401934.21329999715,134493.39029999822],[401935.43980000168,134493.81879999861],[401938.21440000087,134494.75],[401939.62600000203,134495.21090000123],[401939.74260000139,134495.24949999899],[401941.20260000229,134495.73950000107],[401941.25159999728,134495.75600000098],[401941.28989999741,134495.76909999922],[401942.74989999831,134496.26909999922],[401942.97389999777,134496.3478000015],[401946.19389999658,134497.50780000165],[401946.34790000319,134497.56419999897],[401947.95799999684,134498.16420000046],[401947.97940000147,134498.17220000178],[401954.06930000335,134500.45219999924],[401954.19099999964,134500.49839999899],[401956.68400000036,134501.45650000125],[401959.07280000299,134502.35229999945],[401960.20669999719,134502.75659999996],[401961.41430000216,134503.17929999903],[401962.62650000304,134503.57479999959],[401965.40060000122,134504.46009999886],[401965.49229999632,134504.48970000073],[401966.90230000019,134504.94970000163],[401967.07159999758,134505.00600000098],[401967.08399999887,134505.01029999927],[401968.49400000274,134505.49029999971],[401968.62179999799,134505.53440000117],[401969.59179999679,134505.87440000102],[401969.72110000253,134505.92040000111],[401970.69110000134,134506.27039999887],[401970.81920000166,134506.3172999993],[401971.72519999743,134506.65349999815],[401972.63109999895,134506.98039999977],[401972.75919999927,134507.02730000019],[401973.58850000054,134507.33509999886],[401975.85689999908,134508.12570000067],[401975.95880000293,134508.16160000116],[401977.30070000142,134508.64020000026],[401978.62719999999,134509.09479999915],[401979.91849999875,134509.53420000151],[401981.1203000024,134509.91809999943],[401982.34860000014,134510.29080000147],[401982.99340000004,134510.47500000149],[401983.68050000072,134510.65619999915],[401984.5156000033,134510.86730000004],[401984.66499999911,134510.90590000153],[401986.4851000011,134511.38589999825],[401986.54240000248,134511.4010999985],[401986.97079999745,134511.52270000055],[401987.87070000172,134511.79270000011],[401988.10350000113,134511.86470000073],[401989.39350000024,134512.27470000088],[401989.67159999907,134512.36600000039],[401989.76049999893,134512.39649999887],[401991.03050000221,134512.83650000021],[401991.22829999775,134512.90659999847],[401992.49830000103,134513.36659999937],[401992.61420000345,134513.40909999982],[401995.06870000064,134514.32110000029],[401996.16040000319,134514.71339999884],[401997.25959999859,134515.08879999816],[402002.20210000128,134516.76280000061],[402002.30449999869,134516.79789999872],[402003.54450000077,134517.22789999843],[402003.67499999702,134517.27389999852],[402005.07500000298,134517.77389999852],[402005.17499999702,134517.80999999866],[402009.36500000209,134519.33999999985],[402009.47580000013,134519.38089999929],[402010.81170000136,134519.88069999963],[402016.58749999851,134521.99089999869],[402016.6018999964,134521.996199999],[402021.02189999819,134523.61620000005],[402021.18519999832,134523.67709999904],[402022.71899999678,134524.25959999859],[402025.84279999882,134525.42229999974],[402025.93519999832,134525.45710000023],[402027.51519999653,134526.05710000172],[402027.6074000001,134526.0923999995],[402030.75739999861,134527.31239999831],[402030.86069999635,134527.35289999843],[402033.74069999903,134528.49289999902],[402033.83529999852,134528.53069999814],[402038.09809999913,134530.25169999897],[402039.43169999868,134530.77950000018],[402040.91390000284,134531.35179999843],[402042.40179999918,134531.91679999977],[402043.93840000033,134532.48699999973],[402044.04519999772,134532.52710000053],[402047.2052000016,134533.72709999979],[402047.46609999985,134533.82899999991],[402049.03610000014,134534.45899999887],[402049.07370000333,134534.47410000116],[402050.43370000273,134535.02409999818],[402050.5503000021,134535.07180000097],[402050.64459999651,134535.11129999906],[402051.994599998,134535.68129999936],[402052.09969999641,134535.72610000148],[402054.73719999939,134536.86349999905],[402055.92949999869,134537.36690000072],[402057.15730000287,134537.86340000108],[402058.32020000368,134538.32860000059],[402059.47200000286,134538.76819999889],[402062.02759999782,134539.72410000116],[402063.3300999999,134540.20760000125],[402063.46580000222,134540.25879999995],[402066.32289999723,134541.35090000182],[402067.05969999731,134541.62379999831],[402067.21149999648,134541.68090000004],[402068.02149999887,134541.99089999869],[402068.17140000314,134542.04919999838],[402068.98139999807,134542.36919999868],[402069.21029999852,134542.46180000156],[402069.33709999919,134542.5150000006],[402070.13710000366,134542.85500000045],[402070.4525000006,134542.99340000004],[402071.29249999672,134543.37339999899],[402071.4870999977,134543.46310000122],[402072.3171999976,134543.85300000012],[402072.57440000027,134543.97679999843],[402072.65030000359,134544.01449999958],[402073.47020000219,134544.42460000142],[402073.59809999913,134544.48930000141],[402074.32109999657,134544.85960000008],[402075.01990000159,134545.20479999855],[402075.68609999865,134545.52980000153],[402076.44479999691,134545.88329999894],[402076.50450000167,134545.9112999998],[402077.3104000017,134546.2910999991],[402078.08619999886,134546.64779999852],[402079.75280000269,134547.40520000085],[402080.42610000074,134547.70369999856],[402081.14209999889,134548.00340000167],[402081.27809999883,134548.06109999865],[402082.00180000067,134548.37249999866],[402082.72429999709,134548.66649999842],[402082.81030000001,134548.70179999992],[402082.8620999977,134548.72340000048],[402083.55680000037,134549.01419999823],[402084.25990000367,134549.2890000008],[402084.45430000126,134549.3665000014],[402085.18490000069,134549.66380000114],[402086.89880000055,134550.32440000027],[402088.67689999938,134550.98779999837],[402089.57069999725,134551.31019999832],[402089.74740000069,134551.37519999966],[402090.64580000192,134551.71220000088],[402091.79460000247,134552.13159999996],[402095.41669999808,134553.42509999871],[402097.76060000062,134554.22190000117],[402098.85040000081,134554.57919999957],[402099.9531000033,134554.93169999868],[402103.56859999895,134556.05180000141],[402103.80330000073,134556.12660000101],[402105.02329999954,134556.52659999952],[402105.13109999895,134556.56239999831],[402106.26110000163,134556.94240000099],[402106.30160000175,134556.95600000024],[402106.37370000035,134556.98070000112],[402107.50370000303,134557.37070000172],[402107.61540000141,134557.40980000049],[402109.81960000098,134558.19000000134],[402111.91690000147,134558.91389999911],[402113.7031000033,134559.50039999932],[402115.58869999647,134560.08559999987],[402119.61140000075,134561.31720000133],[402119.73020000011,134561.35410000011],[402121.7602000013,134561.99410000071],[402121.92960000038,134562.0485999994],[402123.9395999983,134562.70859999955],[402124.08160000294,134562.75600000098],[402124.10469999909,134562.7639000006],[402125.36469999701,134563.1939000003],[402125.50050000101,134563.24100000039],[402126.75050000101,134563.68100000173],[402126.85080000013,134563.71669999883],[402128.05070000142,134564.14869999886],[402129.25050000101,134564.5709999986],[402129.31499999762,134564.59389999881],[402130.49239999801,134565.01429999992],[402131.54980000108,134565.37810000032],[402134.9627000019,134566.49350000173],[402137.29559999704,134567.23530000076],[402137.38629999757,134567.26449999958],[402139.78630000353,134568.04450000077],[402139.87219999731,134568.0727000013],[402145.9021999985,134570.0727000013],[402146.00159999728,134570.10599999875],[402146.01399999857,134570.11030000076],[402146.86379999667,134570.39959999919],[402147.72330000252,134570.6799999997],[402147.89159999788,134570.73600000143],[402147.90399999917,134570.74029999971],[402148.75379999727,134571.02959999815],[402149.61330000311,134571.30999999866],[402149.79259999841,134571.36980000138],[402150.64379999787,134571.65949999914],[402151.50460000336,134571.94049999863],[402151.63440000266,134571.98350000009],[402152.60279999673,134572.30939999968],[402154.62089999765,134572.96599999815],[402154.76439999789,134573.01350000128],[402155.74279999733,134573.34279999882],[402156.72110000253,134573.66259999946],[402156.88159999996,134573.71599999815],[402156.96670000255,134573.7452000007],[402157.96519999951,134574.09090000018],[402158.98369999975,134574.43679999933],[402159.14530000091,134574.49269999936],[402160.19529999793,134574.86270000041],[402160.3145999983,134574.90529999882],[402161.29450000077,134575.25989999995],[402163.26410000026,134575.95069999993],[402164.192900002,134576.26610000059],[402165.0794999972,134576.5588000007],[402166.03670000285,134576.86250000075],[402166.16110000014,134576.90260000154],[402167.07639999688,134577.20179999992],[402168.96829999983,134577.78390000015],[402169.91579999775,134578.06639999896],[402171.07859999686,134578.40780000016],[402172.18230000138,134578.72069999948],[402174.5530000031,134579.35790000111],[402175.6548999995,134579.64420000091],[402176.81700000167,134579.92779999971],[402176.96509999782,134579.96480000019],[402178.34489999712,134580.31650000066],[402178.79940000176,134580.42240000144],[402178.87600000203,134580.4338000007],[402179.11710000038,134580.45870000124],[402179.56859999895,134580.49909999967],[402180.80889999866,134580.59019999951],[402181.03059999645,134580.60810000077],[402181.7106000036,134580.66820000112],[402181.86630000174,134580.68279999867],[402183.68630000204,134580.86279999837],[402183.92010000348,134580.88780000061],[402185.14010000229,134581.0278000012],[402185.3879000023,134581.05829999968],[402185.65510000288,134581.09600000083],[402186.25509999692,134581.18600000069],[402186.63679999858,134581.24819999933],[402187.31679999828,134581.36820000038],[402187.63639999926,134581.42819999903],[402187.73480000347,134581.44810000062],[402188.41480000317,134581.58810000122],[402188.6670999974,134581.64240000024],[402189.33709999919,134581.79239999875],[402189.49360000342,134581.82829999924],[402190.17360000312,134581.98820000142],[402190.43010000139,134582.05090000108],[402191.77009999752,134582.3909999989],[402191.96230000257,134582.44110000134],[402191.97519999743,134582.44460000098],[402193.16520000249,134582.76460000128],[402193.53549999744,134582.86930000037],[402194.71549999714,134583.21930000186],[402195.08349999785,134583.33359999955],[402197.42350000143,134584.09360000119],[402197.61159999669,134584.15599999949],[402197.64249999821,134584.16660000011],[402198.70329999924,134584.52919999883],[402199.76349999756,134584.87359999865],[402199.90670000017,134584.9208999984],[402201.14519999921,134585.33700000122],[402202.39370000362,134585.74830000103],[402202.49409999698,134585.78180000186],[402203.75410000235,134586.20679999888],[402203.78159999847,134586.21599999815],[402203.87049999833,134586.24650000036],[402205.14050000161,134586.6865000017],[402205.2397999987,134586.72129999846],[402206.50980000198,134587.17130000144],[402206.74239999801,134587.25589999929],[402208.00240000337,134587.72590000182],[402208.19669999927,134587.79989999905],[402209.09669999778,134588.14990000054],[402209.2846999988,134588.22450000048],[402211.06469999999,134588.94449999928],[402211.18029999733,134588.99179999903],[402211.19820000231,134588.99920000136],[402212.91160000116,134589.71159999818],[402213.73470000178,134590.04450000077],[402213.85029999912,134590.09180000052],[402213.87919999659,134590.10379999876],[402214.77759999782,134590.47810000181],[402215.67570000142,134590.84299999848],[402215.77030000091,134590.88179999962],[402215.79919999838,134590.89380000159],[402217.6576000005,134591.66809999943],[402218.55569999665,134592.03299999982],[402218.65030000359,134592.07180000097],[402218.67920000106,134592.08379999921],[402219.63920000196,134592.48380000144],[402220.50429999828,134592.87689999864],[402220.54439999908,134592.89669999853],[402228.49440000206,134596.84670000151],[402229.3200000003,134597.28959999979],[402229.42930000275,134597.35330000147],[402230.60909999907,134598.04780000076],[402231.72420000285,134598.65190000087],[402232.8655000031,134599.25],[402233.96649999917,134599.78180000186],[402235.17650000006,134600.33399999887],[402236.31740000099,134600.82840000093],[402237.47259999812,134601.28440000117],[402238.71630000323,134601.74780000001],[402240.11490000039,134602.2349999994],[402240.90479999781,134602.53539999947],[402255.82329999655,134608.69539999962],[402255.83879999816,134608.70179999992],[402256.73279999942,134609.10689999908],[402257.59849999845,134609.56960000098],[402258.432099998,134610.08799999952],[402259.22990000248,134610.6596999988],[402259.98870000243,134611.28240000084],[402260.7050999999,134611.95340000093],[402261.37610000372,134612.6697999984],[402261.99880000204,134613.42859999835],[402262.57050000131,134614.22639999911],[402263.08889999986,134615.05999999866],[402263.55160000175,134615.92570000142],[402263.95669999719,134616.81969999894],[402264.30250000209,134617.73840000108],[402264.58739999682,134618.67770000175],[402264.81030000001,134619.63360000029],[402264.97020000219,134620.60209999979],[402265.06639999896,134621.57899999991],[402265.09849999845,134622.55999999866],[402265.06639999896,134623.54100000113],[402264.97020000219,134624.51790000126],[402264.81030000001,134625.48640000075],[402264.58739999682,134626.4422999993],[402264.30250000209,134627.38159999996],[402263.95669999719,134628.30029999837],[402263.55160000175,134629.19429999962],[402263.08889999986,134630.05999999866],[402262.57050000131,134630.89359999821],[402261.99880000204,134631.69139999896],[402261.37610000372,134632.45019999892],[402260.7050999999,134633.16660000011],[402259.98870000243,134633.8376000002],[402259.22990000248,134634.46029999852],[402258.432099998,134635.03200000152],[402257.59849999845,134635.55040000007],[402256.73279999942,134636.01309999824],[402255.83879999816,134636.41820000112],[402254.92010000348,134636.76399999857],[402253.98080000281,134637.04890000075],[402253.02489999682,134637.27180000022],[402252.05640000105,134637.43169999868],[402251.0794999972,134637.52789999917],[402250.09849999845,134637.55999999866],[402249.1174999997,134637.52789999917],[402248.1406000033,134637.43169999868],[402247.17210000008,134637.27180000022],[402246.21620000154,134637.04890000075],[402245.27690000087,134636.76399999857],[402244.37370000035,134636.42460000142],[402229.84589999914,134630.42590000108],[402228.69510000199,134630.02499999851],[402228.39339999855,134629.91620000079],[402226.86339999735,134629.34620000049],[402226.59250000119,134629.24230000004],[402225.07249999791,134628.64229999855],[402224.8396999985,134628.54820000008],[402224.61590000242,134628.45329999924],[402223.11590000242,134627.80330000073],[402222.85230000317,134627.68609999865],[402221.36230000108,134627.00609999895],[402221.06620000303,134626.86699999869],[402219.59619999677,134626.15700000152],[402219.48569999635,134626.10310000181],[402219.15649999678,134625.93569999933],[402217.70650000125,134625.17570000142],[402217.52579999715,134625.07939999923],[402216.08579999954,134624.29940000176],[402215.72999999672,134624.10040000081],[402215.62070000172,134624.03669999912],[402214.66920000315,134623.4765000008],[402207.64130000025,134619.98470000178],[402207.2023999989,134619.80189999938],[402206.30430000275,134619.43699999899],[402206.20970000327,134619.39820000157],[402206.18079999834,134619.3861999996],[402204.32240000367,134618.61190000176],[402203.42430000007,134618.24700000137],[402203.32970000058,134618.20820000023],[402203.30080000311,134618.19619999826],[402202.41290000081,134617.82620000094],[402201.59529999644,134617.49549999833],[402201.47969999909,134617.44819999859],[402201.46180000156,134617.44079999998],[402199.74840000272,134616.72839999944],[402198.12910000235,134616.07339999825],[402197.42019999772,134615.79780000076],[402196.37359999865,134615.40729999915],[402195.26979999989,134615.01619999856],[402194.10760000348,134614.61360000074],[402192.95600000024,134614.22520000115],[402191.71630000323,134613.81670000032],[402191.63329999894,134613.78909999877],[402190.42469999939,134613.38309999928],[402189.32649999857,134613.02639999986],[402189.13840000331,134612.96400000155],[402189.10750000179,134612.95340000093],[402188.04670000076,134612.59079999849],[402185.99979999661,134611.92590000108],[402185.18900000304,134611.68549999967],[402184.28710000217,134611.44289999828],[402183.17790000141,134611.1614000015],[402182.70459999889,134611.05009999871],[402182.23879999667,134610.94579999894],[402181.89360000193,134610.87480000034],[402181.61370000243,134610.82539999858],[402181.46180000156,134610.80260000005],[402180.61670000106,134610.70560000092],[402178.99149999768,134610.5449000001],[402178.50020000339,134610.50140000135],[402177.25110000372,134610.4096999988],[402177.01190000027,134610.39020000026],[402176.34200000018,134610.3302000016],[402176.14429999888,134610.31120000035],[402175.46419999748,134610.24120000005],[402175.0420999974,134610.19170000032],[402174.78570000082,134610.15569999814],[402174.11569999903,134610.05570000038],[402173.72320000082,134609.99179999903],[402173.21320000291,134609.90179999918],[402172.89360000193,134609.84180000052],[402172.41600000113,134609.73869999871],[402171.38599999994,134609.49870000035],[402171.0848999992,134609.42520000041],[402169.62889999896,134609.05409999937],[402168.43299999833,134608.76220000163],[402168.21760000288,134608.70789999887],[402166.94759999961,134608.37790000066],[402166.82660000026,134608.34589999914],[402164.29659999907,134607.66589999944],[402164.09920000285,134607.61140000075],[402162.82919999957,134607.25140000135],[402162.69370000064,134607.21229999885],[402161.43370000273,134606.84230000153],[402161.37479999661,134606.82490000129],[402160.3348999992,134606.5148999989],[402160.20899999887,134606.47670000046],[402158.12889999896,134605.83669999987],[402157.87889999896,134605.75739999861],[402156.90100000054,134605.43769999966],[402155.92329999804,134605.12750000134],[402155.758100003,134605.07400000095],[402154.72810000181,134604.7340000011],[402154.60629999638,134604.69319999963],[402153.54630000144,134604.33320000023],[402153.40579999983,134604.2846999988],[402151.29580000043,134603.54470000044],[402151.15540000051,134603.49469999969],[402150.16499999911,134603.13630000129],[402149.25530000031,134602.81569999829],[402148.27629999816,134602.48319999874],[402148.19330000132,134602.45479999855],[402147.27579999715,134602.13720000163],[402146.35890000314,134601.83740000054],[402146.23560000211,134601.7965000011],[402145.26720000058,134601.47060000151],[402143.24909999967,134600.81399999931],[402143.10559999943,134600.76649999991],[402142.130400002,134600.43829999864],[402141.24539999664,134600.14939999953],[402141.06740000099,134600.09010000154],[402140.21689999849,134599.80070000142],[402139.35670000315,134599.51999999955],[402139.18840000033,134599.46400000155],[402139.17599999905,134599.45969999954],[402138.32620000094,134599.17040000111],[402137.46670000255,134598.8900000006],[402137.29839999974,134598.83399999887],[402137.28599999845,134598.82970000058],[402136.40190000087,134598.52879999951],[402130.47070000321,134596.5615000017],[402128.15900000185,134595.81019999832],[402125.81440000236,134595.06469999999],[402125.70030000061,134595.02789999917],[402122.1203000024,134593.85790000111],[402121.95840000361,134593.8040000014],[402121.90060000122,134593.78420000151],[402120.65060000122,134593.35420000181],[402120.4849999994,134593.29610000178],[402119.25720000267,134592.85770000145],[402118.03949999809,134592.4290000014],[402117.93919999897,134592.39330000058],[402116.73929999769,134591.96130000055],[402115.6072999984,134591.56289999932],[402114.49769999832,134591.18420000002],[402112.6548999995,134590.5791000016],[402110.76910000294,134589.98460000008],[402106.77859999985,134588.76280000061],[402106.72399999946,134588.74599999934],[402104.69399999827,134588.11600000039],[402104.46040000021,134588.04140000045],[402102.4504000023,134587.3814000003],[402102.30839999765,134587.33399999887],[402102.23629999906,134587.30930000171],[402099.97630000114,134586.52930000052],[402099.86460000277,134586.49020000175],[402097.66040000319,134585.71000000089],[402096.64249999821,134585.35869999975],[402095.62269999832,134585.01570000127],[402094.57370000333,134584.67179999873],[402091.01139999926,134583.56819999963],[402090.88260000199,134583.52769999951],[402089.66260000318,134583.13769999892],[402089.55669999868,134583.10339999944],[402088.33669999987,134582.70340000093],[402088.18230000138,134582.65190000087],[402085.65240000188,134581.79190000147],[402085.43519999832,134581.71620000154],[402081.65510000288,134580.36620000005],[402081.55590000004,134580.33040000126],[402080.29590000212,134579.87040000036],[402080.17270000279,134579.82479999959],[402079.30089999735,134579.49780000001],[402078.41939999908,134579.17980000004],[402078.26709999889,134579.12390000001],[402076.33709999919,134578.4039000012],[402076.1855000034,134578.34640000015],[402074.26550000161,134577.60640000179],[402074.00569999963,134577.50349999964],[402073.24260000139,134577.19289999828],[402072.4701000005,134576.8909999989],[402072.18969999999,134576.77820000052],[402072.1379000023,134576.75659999996],[402071.34669999778,134576.42540000007],[402070.55569999665,134576.10350000113],[402070.46970000118,134576.06819999963],[402070.28190000355,134575.98889999837],[402069.4897999987,134575.64809999987],[402068.69789999723,134575.31659999862],[402068.41110000014,134575.19299999997],[402067.53109999746,134574.80290000141],[402067.40359999985,134574.74570000172],[402065.64360000193,134573.94579999894],[402065.58399999887,134573.91849999875],[402064.71400000155,134573.51850000024],[402064.58550000191,134573.45870000124],[402063.7453000024,134573.06280000135],[402062.89519999921,134572.66670000181],[402062.65359999985,134572.55150000006],[402061.83359999955,134572.15150000155],[402061.76669999957,134572.11870000139],[402060.93670000136,134571.70870000124],[402060.741899997,134571.61070000008],[402059.98569999635,134571.22329999879],[402059.39549999684,134570.92810000107],[402058.82989999652,134570.66250000149],[402058.24440000206,134570.39759999886],[402057.77979999781,134570.20019999892],[402057.22339999676,134569.9803000018],[402056.56419999897,134569.72810000181],[402055.83030000329,134569.4561999999],[402055.68419999629,134569.4012000002],[402052.82190000266,134568.30710000172],[402051.56989999861,134567.8423999995],[402051.53490000218,134567.82930000126],[402048.91489999741,134566.84930000082],[402048.82119999826,134566.81390000135],[402047.51120000333,134566.31390000135],[402047.28909999877,134566.22720000148],[402045.98910000175,134565.7071999982],[402045.93630000204,134565.68589999899],[402044.57630000263,134565.13589999825],[402044.45970000327,134565.08819999918],[402044.36540000141,134565.04870000109],[402043.01539999992,134564.47870000079],[402042.9103000015,134564.43389999866],[402040.27279999852,134563.2965000011],[402039.08049999923,134562.79309999943],[402037.8451000005,134562.29349999875],[402036.42390000075,134561.72320000082],[402033.44820000231,134560.59319999814],[402031.91160000116,134560.02299999818],[402031.80479999632,134559.98290000111],[402030.2247999981,134559.38289999962],[402030.14750000089,134559.35330000147],[402028.56750000268,134558.74329999834],[402028.44929999858,134558.69709999859],[402027.00930000097,134558.1270999983],[402026.91470000148,134558.08929999918],[402022.65190000087,134556.36829999834],[402019.87089999765,134555.26749999821],[402016.81870000064,134554.08540000021],[402015.33100000024,134553.52039999887],[402012.2071999982,134552.35770000145],[402012.1147999987,134552.32290000096],[402010.61630000174,134551.75389999896],[402006.2853000015,134550.16649999842],[402000.46249999851,134548.03909999877],[402000.35419999808,134547.99909999967],[401999.01950000226,134547.49980000034],[401994.93490000069,134546.00820000097],[401993.6501000002,134545.54940000176],[401992.52660000324,134545.15980000049],[401987.61789999902,134543.49720000103],[401987.58280000091,134543.48519999906],[401986.35279999673,134543.065200001],[401986.1269999966,134542.9860999994],[401984.84700000286,134542.5260999985],[401984.69579999894,134542.47089999914],[401982.22370000184,134541.55240000039],[401981.11039999872,134541.14909999818],[401980.12219999731,134540.80680000037],[401979.13260000199,134540.49219999835],[401978.59109999985,134540.32979999855],[401977.08959999681,134539.9338000007],[401976.25439999998,134539.72269999981],[401976.10480000079,134539.68409999833],[401975.19479999691,134539.44409999996],[401975.13769999892,134539.42889999971],[401974.89919999987,134539.36290000007],[401973.98920000345,134539.10289999843],[401973.75410000235,134539.0335999988],[401972.30420000106,134538.59360000119],[401972.09600000083,134538.52879999951],[401970.65590000153,134538.06879999861],[401970.3879000023,134537.98039999977],[401968.94789999723,134537.49040000141],[401968.91770000011,134537.48009999841],[401967.48770000041,134536.99010000005],[401967.31120000035,134536.92839999869],[401965.932099998,134536.4365000017],[401963.57310000062,134535.61430000141],[401963.29079999775,134535.51269999892],[401962.38480000198,134535.17650000006],[401961.47890000045,134534.84959999844],[401961.35080000013,134534.80270000175],[401960.44479999691,134534.46649999917],[401959.60350000113,134534.16290000081],[401958.76200000197,134533.86800000072],[401957.50670000166,134533.44060000032],[401956.23349999636,134533.02519999817],[401953.45939999819,134532.1398999989],[401953.36770000309,134532.11030000076],[401951.95769999921,134531.65029999986],[401951.78840000182,134531.59400000051],[401951.65470000356,134531.54789999872],[401950.2546999976,134531.05790000036],[401950.1718999967,134531.02859999985],[401948.88189999759,134530.56859999895],[401948.65309999883,134530.48490000144],[401946.09309999645,134529.52490000054],[401945.97900000215,134529.48160000145],[401943.48969999701,134528.52490000054],[401937.47150000185,134526.27180000022],[401935.94900000095,134525.70439999923],[401932.9178000018,134524.61239999905],[401931.61370000243,134524.16580000147],[401930.25559999794,134523.71000000089],[401928.84399999678,134523.24909999967],[401928.72739999741,134523.21049999818],[401925.80740000308,134522.23050000146],[401925.75840000063,134522.21400000155],[401925.63340000063,134522.1708999984],[401924.17339999974,134521.66090000048],[401923.88120000064,134521.55539999902],[401922.81669999659,134521.15870000049],[401921.76240000129,134520.77180000022],[401921.5393999964,134520.68789999932],[401915.22940000147,134518.25789999962],[401914.99949999899,134518.16719999909],[401913.06949999928,134517.38720000163],[401912.9496999979,134517.33819999918],[401912.46779999882,134517.12860000134],[401911.78779999912,134516.81859999895],[401911.71119999886,134516.78339999914],[401911.04119999707,134516.47340000048],[401910.71230000257,134516.316300001],[401910.12349999696,134516.02639999986],[401909.61800000072,134515.78489999846],[401909.1528000012,134515.56969999894],[401908.83550000191,134515.42969999835],[401908.50710000098,134515.29839999974],[401908.04339999706,134515.13019999862],[401905.71940000355,134514.32690000162],[401905.35310000181,134514.19489999861],[401904.55309999734,134513.89490000159],[401904.42099999636,134513.84470000118],[401902.45099999756,134513.08469999954],[401902.35209999979,134513.04610000178],[401901.3620999977,134512.65610000119],[401901.19150000066,134512.58769999817],[401899.29249999672,134511.81260000169],[401898.37370000035,134511.44689999893],[401898.28850000352,134511.41270000115],[401895.91849999875,134510.45270000026],[401895.81819999963,134510.41169999912],[401893.50840000063,134509.45659999922],[401892.37889999896,134509.0009999983],[401892.24970000237,134508.94819999859],[401892.13459999859,134508.89990000054],[401889.63459999859,134507.83989999816],[401889.50530000031,134507.78440000117],[401888.19529999793,134507.21440000087],[401888.1074000001,134507.17579999939],[401886.84130000323,134506.61520000175],[401885.6827000007,134506.1110999994],[401884.53379999846,134505.63239999861],[401883.43360000104,134505.18569999933],[401882.2351000011,134504.73220000044],[401880.97850000113,134504.2798999995],[401875.16099999845,134502.30519999936],[401869.76359999925,134500.52580000088],[401869.65389999747,134500.48919999972],[401868.29389999807,134500.02919999883],[401868.27839999646,134500.02400000021],[401868.01550000161,134499.93200000003],[401866.65550000221,134499.44200000167],[401866.54670000076,134499.40230000019],[401865.70669999719,134499.09230000153],[401865.53220000118,134499.02670000121],[401863.86219999939,134498.38670000061],[401863.65910000354,134498.30719999969],[401861.15910000354,134497.30719999969],[401861.07429999858,134497.27290000021],[401860.2853000015,134496.95169999823],[401859.49650000036,134496.6400000006],[401859.32670000196,134496.57160000131],[401857.61670000106,134495.87150000036],[401857.55969999731,134495.84809999913],[401857.45149999857,134495.80270000175],[401856.60149999708,134495.44280000031],[401856.26749999821,134495.29659999907],[401855.42750000209,134494.91660000011],[401855.21760000288,134494.81969999894],[401854.00760000199,134494.24969999865],[401853.76569999754,134494.13309999928],[401853.6467999965,134494.07380000129],[401852.45679999888,134493.4737999998],[401852.27920000255,134493.38280000165],[401851.08919999748,134492.76280000061],[401850.82150000334,134492.61980000138],[401849.67499999702,134491.99269999936],[401848.51860000193,134491.36549999937],[401848.47360000014,134491.34099999815],[401846.44359999895,134490.23099999875],[401846.34669999778,134490.17749999836],[401843.77669999748,134488.74749999866],[401843.5700000003,134488.63039999828],[401843.4646999985,134488.56899999827],[401842.61469999701,134488.06899999827],[401842.54770000279,134488.02939999849],[401841.70769999921,134487.52939999849],[401841.4299999997,134487.3599999994],[401840.3900000006,134486.71000000089],[401840.01950000226,134486.47080000117],[401838.99949999899,134485.79080000147],[401838.98640000075,134485.78200000152],[401838.91539999843,134485.73429999873],[401837.8954000026,134485.04430000111],[401837.81239999831,134484.98770000041],[401836.79240000248,134484.28770000115],[401836.73550000042,134484.24850000069],[401834.75649999827,134482.87689999864],[401832.58780000359,134481.39510000125],[401832.44810000062,134481.29850000143],[401831.38570000231,134480.55480000004],[401830.32349999994,134479.8209999986],[401830.24809999764,134479.76850000024],[401829.1481000036,134478.99850000069],[401829.08389999717,134478.95329999924],[401826.65389999747,134477.23330000043],[401826.58420000225,134477.183699999],[401825.24419999868,134476.22370000184],[401825.14119999856,134476.14919999987],[401823.86249999702,134475.21669999883],[401822.57419999689,134474.29369999841],[401822.47119999677,134474.21920000017],[401821.17099999636,134473.27100000158],[401819.90119999647,134472.35440000147],[401818.39140000194,134471.27600000054],[401818.33919999748,134471.23849999905],[401816.79919999838,134470.12849999964],[401816.76160000265,134470.10130000114],[401815.27639999986,134469.02380000055],[401813.82639999688,134467.98809999973],[401812.39320000261,134466.9803000018],[401810.92870000005,134465.97569999844],[401810.05510000139,134465.3814000003],[401808.21350000054,134464.15989999846],[401806.37219999731,134462.95740000159],[401805.45690000057,134462.37489999831],[401805.36569999903,134462.31650000066],[401804.29999999702,134461.62739999965],[401802.11580000073,134460.2611999996],[401798.68639999628,134458.16860000044],[401797.62919999659,134457.53240000084],[401795.42610000074,134456.2221999988],[401794.42890000343,134455.63610000163],[401793.49960000068,134455.11089999974],[401792.56979999691,134454.60590000078],[401791.79529999942,134454.20320000127],[401790.03589999676,134453.32349999994],[401789.16139999777,134452.90790000185],[401789.05259999633,134452.85559999943],[401787.0326000005,134451.87559999898],[401786.98839999735,134451.85410000011],[401785.61739999801,134451.18340000138],[401784.79349999875,134450.78319999948],[401781.4028000012,134449.46959999949],[401781.08150000125,134449.34079999849],[401780.72309999913,134449.18679999933],[401773.11770000309,134445.8022999987],[401763.49409999698,134441.86710000038],[401737.96019999683,134435.66629999876],[401737.61770000309,134435.57889999822],[401736.67840000242,134435.29399999976],[401736.37129999697,134435.18600000069],[401732.04919999838,134433.61340000108],[401729.24859999865,134432.61589999869],[401728.23319999874,134432.26579999924],[401727.13660000265,134431.90019999817],[401727.05839999765,134431.8740000017],[401726.99009999633,134431.85060000047],[401725.90320000052,134431.47580000013],[401723.69150000066,134430.73849999905],[401722.57649999857,134430.37640000135],[401722.43800000101,134430.33069999889],[401720.94799999893,134429.83069999889],[401720.89840000123,134429.81399999931],[401720.86240000278,134429.80169999972],[401719.429399997,134429.31120000035],[401718.01479999721,134428.8396999985],[401716.56809999794,134428.3638000004],[401715.12569999695,134427.8927000016],[401713.78410000354,134427.46339999884],[401711.71769999713,134426.83889999986],[401710.65510000288,134426.52859999985],[401710.53809999675,134426.49390000105],[401709.40810000151,134426.1539000012],[401709.37280000001,134426.14319999889],[401708.25280000269,134425.80319999903],[401708.13589999825,134425.76720000058],[401707.01590000093,134425.41719999909],[401706.8377000019,134425.36030000076],[401705.42769999802,134424.90029999986],[401705.25840000063,134424.84400000051],[401705.10100000352,134424.78950000182],[401699.63329999894,134422.86549999937],[401698.41210000217,134422.45560000092],[401696.79039999843,134421.93039999902],[401695.15119999647,134421.41519999877],[401693.48309999704,134420.90340000018],[401689.99620000273,134419.8563000001],[401689.91019999981,134419.8302000016],[401688.18500000238,134419.30090000108],[401686.22990000248,134418.71139999852],[401686.18400000036,134418.69750000164],[401684.21689999849,134418.09750000015],[401680.28279999644,134416.91730000079],[401678.35849999636,134416.34959999844],[401676.40200000256,134415.78510000184],[401675.33669999987,134415.47940000147],[401674.25110000372,134415.17990000173],[401674.1026000008,134415.13809999824],[401673.02669999748,134414.82939999923],[401669.69169999659,134413.90940000117],[401666.7221999988,134413.1213000007],[401663.67180000246,134412.33419999853],[401663.58420000225,134412.31129999831],[401660.48420000076,134411.49130000174],[401660.43770000339,134411.47890000045],[401660.3628000021,134411.45859999955],[401658.02279999852,134410.81859999895],[401657.89729999751,134410.78370000049],[401654.39729999751,134409.79369999841],[401654.14710000157,134409.72060000151],[401653.0644999966,134409.39389999956],[401652.22730000317,134409.1510999985],[401651.30269999802,134408.89479999989],[401651.13210000098,134408.84640000015],[401650.13210000098,134408.55640000105],[401649.86850000173,134408.47740000114],[401648.86850000173,134408.16739999875],[401648.65399999917,134408.09910000116],[401647.67400000244,134407.77910000086],[401647.50840000063,134407.72399999946],[401647.03180000186,134407.55310000107],[401646.05179999769,134407.18310000002],[401645.60970000178,134407.00820000097],[401645.58079999685,134406.996199999],[401644.62080000341,134406.59620000049],[401644.14019999653,134406.38599999994],[401643.18020000309,134405.9459999986],[401642.83669999987,134405.78330000117],[401641.89670000225,134405.32330000028],[401641.85570000112,134405.30310000107],[401641.66830000281,134405.20910000056],[401640.72829999775,134404.72910000011],[401640.56090000272,134404.64220000058],[401636.80089999735,134402.66220000014],[401636.58780000359,134402.54780000076],[401635.63780000061,134402.0278000012],[401635.57909999788,134401.99549999833],[401634.63910000026,134401.47549999878],[401634.53289999813,134401.41620000079],[401633.59290000051,134400.8861999996],[401633.46000000089,134400.8104000017],[401633.41839999706,134400.7862999998],[401631.45840000361,134399.64629999921],[401631.06130000204,134399.40700000152],[401630.07940000296,134398.79459999874],[401629.0876000002,134398.18200000003],[401628.95220000297,134398.09730000049],[401625.95849999785,134396.20389999822],[401624.48480000347,134395.28040000051],[401624.28710000217,134395.15439999849],[401623.64549999684,134394.73820000142],[401622.99480000138,134394.33040000126],[401622.91790000349,134394.28200000152],[401622.31960000098,134393.90190000087],[401621.98330000043,134393.6986999996],[401621.93410000205,134393.66890000179],[401613.56239999831,134388.56709999964],[401613.31469999999,134388.42289999872],[401612.71809999645,134388.12460000068],[401612.39760000259,134387.97700000182],[401611.97049999982,134387.78720000014],[401609.43590000272,134386.71020000055],[401608.9021999985,134386.49089999869],[401608.55449999869,134386.35469999909],[401608.25699999928,134386.25149999931],[401607.95549999923,134386.15500000119],[401607.8200000003,134386.11740000173],[401607.60830000043,134386.06810000166],[401607.27189999819,134385.99989999831],[401605.429399997,134385.67619999871],[401604.76039999723,134385.57589999959],[401604.05290000141,134385.48389999941],[401603.28090000153,134385.39900000021],[401602.35209999979,134385.30700000003],[401602.19799999893,134385.29100000113],[401600.18800000101,134385.0709999986],[401599.95949999988,134385.04419999942],[401598.99949999899,134384.92419999838],[401598.90209999681,134384.91169999912],[401598.8674999997,134384.90709999949],[401596.99350000173,134384.65590000153],[401596.09950000048,134384.54419999942],[401596.0020999983,134384.53170000017],[401595.96750000119,134384.52710000053],[401595.06909999996,134384.40670000017],[401591.92090000212,134384.01559999958],[401591.81210000068,134384.00169999897],[401591.77880000323,134383.997299999],[401590.79710000008,134383.86580000073],[401589.87080000341,134383.75919999927],[401588.87129999697,134383.65309999883],[401588.00349999964,134383.56859999895],[401587.14069999754,134383.5075000003],[401586.20160000026,134383.44979999959],[401585.25599999726,134383.40839999914],[401584.18940000236,134383.37060000002],[401584.06270000339,134383.36560000107],[401581.80420000106,134383.26649999991],[401580.60580000281,134383.2173999995],[401580.48619999737,134383.21200000122],[401578.09600000083,134383.09499999881],[401575.77910000086,134383],[401574.73020000011,134382.96590000018],[401571.40399999917,134382.91000000015],[401570.32999999821,134382.91000000015],[401570.20390000194,134382.90949999914],[401569.15169999748,134382.90060000122],[401567.4822999984,134382.91719999909],[401566.87520000339,134382.93969999999],[401566.69030000269,134382.94539999962],[401565.9728000015,134382.96310000122],[401565.25530000031,134382.98970000073],[401564.88300000131,134382.99890000001],[401564.06289999932,134383.00890000165],[401563.88000000268,134383.01000000164],[401563.0700000003,134383.01000000164],[401562.65349999815,134383.00420000032],[401561.21350000054,134382.96420000121],[401561.0055000037,134382.95699999854],[401560.28549999744,134382.92700000107],[401560.07789999992,134382.91690000147],[401559.35790000111,134382.87689999864],[401559.20899999887,134382.86789999902],[401559.15079999715,134382.86400000006],[401558.43079999834,134382.81399999931],[401558.22429999709,134382.79820000008],[401557.50429999828,134382.73820000142],[401557.45059999824,134382.73360000178],[401556.53059999645,134382.65359999985],[401556.0298999995,134382.60159999877],[401555.11990000308,134382.49159999937],[401554.95899999887,134382.47129999846],[401554.04900000244,134382.35130000114],[401553.88870000094,134382.32919999957],[401552.97869999707,134382.19920000061],[401552.64729999751,134382.14809999987],[401550.83730000257,134381.84809999913],[401550.65309999883,134381.81639999896],[401548.97309999913,134381.51639999822],[401548.68360000104,134381.46180000156],[401548.63459999859,134381.45190000162],[401547.79460000247,134381.28189999983],[401547.6270999983,134381.24700000137],[401546.78710000217,134381.06700000167],[401546.58280000091,134381.02180000022],[401545.75280000269,134380.83179999888],[401545.42080000043,134380.75180000067],[401544.59080000222,134380.54179999977],[401544.38769999892,134380.48889999837],[401544.14919999987,134380.42289999872],[401543.93919999897,134380.36290000007],[401543.61770000309,134380.26709999889],[401533.877700001,134377.24709999934],[401533.66399999708,134377.17909999937],[401532.68400000036,134376.85909999907],[401532.51839999855,134376.8040000014],[401532.22389999777,134376.70050000027],[401531.09390000254,134376.29050000012],[401530.72519999743,134376.15129999816],[401529.60520000011,134375.71130000055],[401529.45440000296,134375.6510999985],[401528.34440000355,134375.20109999925],[401528.23969999701,134375.15819999948],[401528.13130000234,134375.11279999837],[401525.96429999918,134374.19519999996],[401524.98870000243,134373.79089999944],[401522.30049999803,134372.7137000002],[401522.18010000139,134372.66479999945],[401520.3300999999,134371.90480000153],[401520.28970000148,134371.88819999993],[401519.86829999834,134371.70600000024],[401518.95830000192,134371.29600000009],[401518.81599999964,134371.23099999875],[401517.86599999666,134370.79100000113],[401517.57670000196,134370.65329999849],[401516.63669999689,134370.19330000132],[401516.59570000321,134370.17309999838],[401516.40829999745,134370.0791000016],[401514.52830000222,134369.11910000071],[401514.47039999813,134369.08929999918],[401513.54039999843,134368.60929999873],[401513.48629999906,134368.58130000159],[401512.58160000294,134368.10960000008],[401509.52690000087,134366.53779999912],[401509.42450000346,134366.48470000178],[401508.39459999651,134365.94469999894],[401508.24140000343,134365.86320000142],[401507.22129999846,134365.31320000067],[401506.96769999713,134365.17330000177],[401505.95769999921,134364.60330000147],[401505.82999999821,134364.53040000051],[401505.78079999983,134364.50180000067],[401504.87080000341,134363.97179999948],[401504.63910000026,134363.83410000056],[401503.74909999967,134363.29410000145],[401503.56069999933,134363.17790000141],[401501.88440000266,134362.12669999897],[401501.25720000267,134361.74610000104],[401499.91210000217,134360.97740000114],[401498.55349999666,134360.24590000138],[401497.99769999832,134359.95039999858],[401497.44340000302,134359.67680000141],[401496.8348999992,134359.38019999862],[401496.24080000073,134359.10750000179],[401495.57320000231,134358.81260000169],[401494.94870000333,134358.54699999839],[401494.94259999692,134358.54450000077],[401486.95220000297,134356.17599999905],[401485.16059999913,134355.64900000021],[401483.97529999912,134355.31170000136],[401482.84399999678,134354.99839999899],[401481.77579999715,134354.72120000049],[401480.32829999924,134354.37180000171],[401478.7955000028,134354.03889999911],[401477.16809999943,134353.69680000097],[401473.75859999657,134353.02070000023],[401472.06830000132,134352.69420000166],[401470.22900000215,134352.34750000015],[401468.39370000362,134352.0111999996],[401466.55870000273,134351.68450000137],[401464.68620000035,134351.36100000143],[401464.54320000112,134351.33559999987],[401460.71320000291,134350.63560000062],[401460.52229999751,134350.59939999878],[401458.47299999744,134350.19739999995],[401456.41340000182,134349.80510000139],[401456.29360000044,134349.78180000186],[401456.27149999887,134349.77739999816],[401452.08150000125,134348.93739999831],[401451.92559999973,134348.90520000085],[401449.84560000151,134348.46519999951],[401449.72569999844,134348.43939999864],[401447.63570000231,134347.97940000147],[401447.52009999752,134347.95340000093],[401445.9001000002,134347.58339999989],[401445.64429999888,134347.52270000055],[401442.40429999679,134346.72269999981],[401442.31970000267,134346.70149999857],[401440.78429999948,134346.31289999932],[401439.33449999988,134345.96389999986],[401437.8703000024,134345.62950000167],[401435.19919999689,134345.04639999941],[401432.50859999657,134344.49680000171],[401431.19799999893,134344.23840000108],[401429.86890000105,134343.98750000075],[401428.3144999966,134343.70309999958],[401426.76179999858,134343.42859999835],[401425.21660000086,134343.16479999945],[401423.65450000018,134342.90909999982],[401422.10209999979,134342.66299999878],[401420.54299999774,134342.42680000141],[401419.26630000025,134342.24040000141],[401416.63239999861,134341.87510000169],[401413.99979999661,134341.52910000086],[401412.68410000205,134341.36600000039],[401412.61720000207,134341.35750000179],[401411.26950000226,134341.18430000171],[401407.12189999968,134340.68059999868],[401407.01039999723,134340.66670000181],[401404.22039999813,134340.30669999868],[401404.182099998,134340.30169999972],[401404.0904000029,134340.28929999843],[401400.61039999872,134339.80930000171],[401400.4849999994,134339.79149999842],[401398.16499999911,134339.45149999857],[401397.73319999874,134339.38179999962],[401397.59700000286,134339.35770000145],[401396.99180000275,134339.26810000092],[401396.7079000026,134339.22320000082],[401395.21790000051,134338.97320000082],[401395.12150000036,134338.95670000091],[401393.63149999827,134338.69669999927],[401393.43069999665,134338.6603000015],[401390.50429999828,134338.10850000009],[401387.63059999794,134337.58419999853],[401383.62430000305,134336.87719999999],[401377.55550000072,134335.83260000125],[401377.49319999665,134335.82180000097],[401375.45319999754,134335.46180000156],[401375.18980000168,134335.41279999912],[401352.61980000138,134331.01280000061],[401352.56360000372,134331.00180000067],[401352.54829999804,134330.99870000035],[401351.74859999865,134330.83879999816],[401349.82900000364,134330.46849999949],[401349.79860000312,134330.4626000002],[401347.05839999765,134329.92819999903],[401334.38930000365,134327.59959999844],[401319.40039999783,134325.03519999981],[401319.28779999912,134325.01550000161],[401318.45180000365,134324.86589999869],[401313.08749999851,134323.99120000005],[401307.63809999824,134323.13390000165],[401302.18670000136,134322.30590000004],[401296.73740000278,134321.50769999996],[401291.27820000052,134320.73910000175],[401285.80399999768,134319.99799999967],[401280.34489999712,134319.27859999985],[401274.87579999864,134318.59870000184],[401269.40670000017,134317.9384999983],[401263.90119999647,134317.3145999983],[401263.84910000116,134317.30860000104],[401260.25119999796,134316.88819999993],[401256.70149999857,134316.51309999824],[401253.14350000024,134316.16499999911],[401249.58609999716,134315.84769999981],[401246.01650000364,134315.56720000133],[401242.43879999965,134315.3060999997],[401238.87990000099,134315.0848999992],[401235.28069999814,134314.89029999822],[401231.70199999958,134314.71620000154],[401228.14379999787,134314.58159999922],[401199.66059999913,134313.73559999838],[401185.44759999961,134313.45749999955],[401181.88859999925,134313.39790000021],[401181.84679999948,134313.39710000157],[401178.28769999743,134313.3275000006],[401174.72860000283,134313.26790000126],[401174.68590000272,134313.26709999889],[401171.13729999959,134313.19750000164],[401164.09870000184,134313.07959999889],[401161.26879999787,134313.06989999861],[401161.21800000221,134313.06969999894],[401158.27799999714,134313.04969999939],[401158.17520000041,134313.0485999994],[401155.2452000007,134313.00860000029],[401155.19489999861,134313.00780000165],[401152.25490000099,134312.95780000091],[401152.15169999748,134312.95569999889],[401149.22169999778,134312.88569999859],[401149.1194999963,134312.88289999962],[401146.1894999966,134312.79289999977],[401146.08919999748,134312.78950000182],[401143.14919999987,134312.67949999869],[401143.09619999677,134312.67740000039],[401140.16619999707,134312.55739999935],[401140.06409999728,134312.55290000141],[401137.13409999758,134312.41290000081],[401137.03209999949,134312.40769999847],[401134.17350000143,134312.25160000101],[401130.9375,134312.10579999909],[401124.32240000367,134311.82770000026],[401114.37730000168,134311.43950000033],[401107.76229999959,134311.20109999925],[401101.12479999661,134310.98180000111],[401100.98449999839,134310.9765000008],[401089.66449999809,134310.49650000036],[401089.58460000157,134310.49289999902],[401078.27459999919,134309.95289999992],[401078.19640000165,134309.94900000095],[401070.64639999717,134309.54899999872],[401070.60570000112,134309.54679999873],[401063.08060000092,134309.12759999931],[401059.1855000034,134308.91840000078],[401059.1494999975,134308.91640000045],[401055.89689999819,134308.73389999941],[401013.29999999702,134310.14059999958],[401013.24580000341,134310.14229999855],[400989.58630000055,134310.83810000122],[400989.1454000026,134310.84459999949],[400989.08150000125,134310.84450000152],[400866.63949999958,134310.3227000013],[400848.3906000033,134310.32009999827],[400845.13289999962,134310.48160000145],[400845.02849999815,134310.48640000075],[400841.03850000352,134310.65639999881],[400840.93119999766,134310.66059999913],[400838.39119999856,134310.75059999898],[400837.99289999902,134310.75939999893],[400818.22519999743,134310.93450000137],[400818.21999999881,134310.93459999934],[400802.377700001,134311.06949999928],[400802.25,134311.0700000003],[400802.23449999839,134311.0700000003],[400782.89940000325,134311.05000000075],[400771.36860000342,134311.04560000077],[400771.36349999905,134311.04560000077],[400749.81830000132,134311.03009999916],[400744.59730000049,134311.16499999911],[400744.53909999877,134311.16640000045],[400734.96909999847,134311.37640000135],[400734.6400000006,134311.37999999896],[400734.19039999694,134311.37330000103],[400722.34880000353,134311.01819999889],[400722.1467999965,134311.01069999859],[400713.02750000358,134310.61419999972],[400676.22969999909,134310.20980000123],[400657.30279999971,134310.00629999861],[400657.20560000092,134310.00499999896],[400645.40070000291,134309.80150000006],[400644.67819999903,134309.77160000056],[400644.002700001,134309.71200000122],[400635.66939999908,134308.78599999845],[400540.67140000314,134308.78599999845],[400522.55879999697,134308.87150000036],[400522.48799999803,134308.87170000002],[400436.71400000155,134308.87170000002],[400421.52300000191,134309.11510000005],[400421.28270000219,134309.11699999869],[400346.46779999882,134309.11699999869],[400330.8246999979,134309.24080000073],[400330.70600000024,134309.24130000174],[400330.59220000356,134309.24089999869],[400314.26259999722,134309.11699999869],[400278.77639999986,134309.11699999869],[400213.68230000138,134309.36340000108],[400213.62550000101,134309.36349999905],[400053.91610000283,134309.36349999905],[400042.06499999762,134309.59409999847],[400041.77319999784,134309.59690000117],[400041.36800000072,134309.5914000012],[400033.85540000349,134309.38839999959],[399949.64639999717,134309.38839999959],[399939.82190000266,134309.43890000135],[399939.74480000138,134309.43910000101],[399847.87659999728,134309.43910000101],[399830.88939999789,134309.69649999961],[399830.66219999641,134309.69819999859],[399830.14530000091,134309.68930000067],[399822.93320000172,134309.44060000032],[399811.50980000198,134309.50690000132],[399811.42270000279,134309.50719999894],[399648.03649999946,134309.5075000003],[399639.19550000131,134309.54540000111],[399639.14299999923,134309.54549999908],[399622.15739999712,134309.558699999],[399622.14570000023,134309.558699999],[399496.70350000262,134309.558699999],[399490.54519999772,134309.61070000008],[399490.41860000044,134309.61120000109],[399484.06170000136,134309.61120000109],[399479.04500000179,134309.64990000054],[399478.929399997,134309.65029999986],[399362.87839999795,134309.65029999986],[399352.86299999803,134309.75910000131],[399352.70000000298,134309.76000000164],[399352.22510000318,134309.75250000134],[399347.80510000139,134309.61250000075],[399347.77470000088,134309.61149999872],[399343.34080000222,134309.46200000122],[399333.21689999849,134309.14249999821],[399333.18829999864,134309.1416000016],[399328.12259999663,134308.97210000083],[399312.92689999938,134308.4924999997],[399312.89729999751,134308.49159999937],[399307.84160000086,134308.32209999859],[399297.84939999878,134308.00609999895],[399286.44370000064,134307.81810000166],[399278.47450000048,134307.69830000028],[399278.45149999857,134307.69790000096],[399270.14909999818,134307.5604000017],[399241.52210000157,134307.64950000122],[399233.0775000006,134307.81700000167],[399233.06759999692,134307.81720000133],[399210.84109999985,134308.24350000173],[399210.55349999666,134308.2463000007],[399209.57249999791,134308.21420000121],[399208.59560000151,134308.11800000072],[399207.6270999983,134307.95809999853],[399206.67119999975,134307.73519999906],[399205.73189999908,134307.45030000061],[399204.81319999695,134307.10449999943],[399203.91920000315,134306.69940000027],[399203.05349999666,134306.23669999838],[399202.21989999712,134305.71829999983],[399201.42210000008,134305.14660000056],[399200.66330000013,134304.52389999852],[399199.94690000266,134303.85289999843],[399199.27589999884,134303.13650000095],[399198.65320000052,134302.377700001],[399198.08150000125,134301.57990000024],[399197.56310000271,134300.7463000007],[399197.10040000081,134299.88060000166],[399196.69529999793,134298.98660000041],[399196.34950000048,134298.06789999828],[399196.0645999983,134297.12860000134],[399195.84170000255,134296.17269999906],[399195.68180000037,134295.20419999957],[399195.5856000036,134294.22729999945],[399195.55349999666,134293.2463000007],[399195.5856000036,134292.26529999822],[399195.68180000037,134291.28840000182],[399195.84170000255,134290.31989999861],[399196.0645999983,134289.36400000006],[399196.34950000048,134288.42469999939],[399196.69529999793,134287.50600000098],[399197.10040000081,134286.61199999973],[399197.56310000271,134285.7463000007],[399198.08150000125,134284.91270000115],[399198.65320000052,134284.11490000039],[399199.27589999884,134283.35610000044],[399199.94690000266,134282.63969999924],[399200.66330000013,134281.96869999915],[399201.42210000008,134281.34600000083],[399202.21989999712,134280.77430000156],[399203.05349999666,134280.25589999929],[399203.91920000315,134279.79320000112],[399204.81319999695,134279.38809999824],[399205.73189999908,134279.04230000079],[399206.67119999975,134278.75739999861],[399207.6270999983,134278.53449999914],[399208.59560000151,134278.37460000068],[399209.57249999791,134278.27840000018],[399210.26590000093,134278.24909999967],[399232.48740000278,134277.82290000096],[399241.05250000209,134277.65300000086],[399241.30330000073,134277.6501000002],[399270.20329999924,134277.56010000035],[399270.25,134277.55999999866]]]},"properties":{"OBJECTID":12,"ROUTEID":"13057852","FROMMEASURE":0,"TOMEASURE":3100.0171,"ROUTENAME":"M ST SE","CORRIDORID":"13057852_1","FROMSTREET":"DEAD END","TOSTREET":"BRANCH AVE SE","LENGTH_MI":1.9262574400000001,"TIER_1":0,"TIER_2":0,"TIER_3":1,"GIS_ID":"HIN_CorridorsLn_52","SE_ANNO_CAD_DATA":null,"BUFF_DIST":15,"ORIG_FID":52,"SHAPE_Length":6294.2444663490805,"SHAPE_Area":93706.630852126837}},{"type":"Feature","id":26,"geometry":{"type":"Polygon","coordinates":[[[398102.01680000126,135739.57869999856],[398104.26844024187,135740.15869925893],[398106.40339352825,135741.0797081514],[398108.37036070984,135742.31959646154],[398110.12207904487,135743.84857186672],[398111.61645784072,135745.62989579281],[398112.81758981856,135747.62076617707],[398113.6966139017,135749.77334592617],[398114.23240869661,135752.03591235678],[398114.41210000217,135754.35410000011],[398114.39999999851,135781.79450000077],[398114.43999999762,135808.98149999976],[398114.3900000006,135837.15459999815],[398114.38840000331,135838.21489999816],[398114.36379999667,135855.21189999953],[398114.34220000356,135870.06260000169],[398114.34000000358,135871.58850000054],[398114.36999999732,135906.46290000156],[398114.50970000029,135946.55160000175],[398114.92930000275,135981.16290000081],[398115.1093999967,136005.25389999896],[398115.0896999985,136026.14829999954],[398115.0345999971,136027.41849999875],[398113.40309999883,136046.40309999883],[398113.32580000162,136047.30270000175],[398113.1501000002,136073.95949999988],[398113.18999999762,136100.90340000018],[398113.21750000119,136138.37000000104],[398113.21989999712,136141.71579999849],[398113.40879999846,136154.4021999985],[398113.47630000114,136161.04309999943],[398113.57869999856,136171.12700000033],[398113.83089999855,136189.94310000166],[398113.84920000285,136191.33199999854],[398113.89220000058,136199.92480000108],[398113.97049999982,136215.43549999967],[398114.19860000163,136225.48020000011],[398114.24610000104,136227.56899999827],[398114.24939999729,136228.00970000029],[398114.08250000328,136240.60929999873],[398113.93999999762,136251.33150000125],[398113.93999999762,136279.2050999999],[398114.37910000235,136317.48360000178],[398114.49409999698,136327.5084999986],[398114.49949999899,136328.02459999919],[398114.49360000342,136328.54949999973],[398114.15309999883,136340.16640000045],[398113.80969999731,136351.88269999996],[398113.75999999791,136382.46070000157],[398113.71000000089,136426.65650000051],[398113.72999999672,136455.10119999945],[398113.72429999709,136461.17460000142],[398113.71010000259,136476.14429999888],[398113.69730000198,136489.55579999834],[398113.68999999762,136497.2333999984],[398113.75,136540.49570000172],[398113.72999999672,136578.85520000011],[398113.75349999964,136586.04129999876],[398113.86029999703,136603.05279999971],[398113.87789999694,136624.15740000084],[398113.90990000218,136633.99870000035],[398113.79029999673,136673.73910000175],[398114.14959999919,136703.42110000178],[398114.14379999787,136704.92480000108],[398114.01990000159,136733.12590000033],[398113.94319999963,136750.60920000076],[398113.85000000149,136771.82310000062],[398113.85000000149,136811.54399999976],[398114.07999999821,136868.37819999829],[398114.0754000023,136871.13940000162],[398114.0522999987,136884.81129999831],[398114.03230000287,136896.68989999965],[398114.02669999748,136900.02039999887],[398113.99000000209,136921.71440000087],[398114.02000000328,136962.68899999931],[398113.95080000162,136989.99830000103],[398114.3702000007,137001.57699999958],[398114.37910000235,137002.23950000107],[398114.14959999919,137016.70630000159],[398114.01990000159,137054.47300000116],[398113.91009999812,137084.6724999994],[398114.03999999911,137122.16389999911],[398114.06239999831,137138.82420000061],[398113.93729999661,137157.23530000076],[398113.84189999849,137185.44440000132],[398113.8125,137194.14609999955],[398113.81109999865,137227.80050000176],[398113.7343999967,137231.86160000041],[398113.89880000055,137258.37460000068],[398114.21000000089,137367.37480000034],[398114.21040000021,137368.18420000002],[398114.2397999987,137426.41369999945],[398114.0998999998,137441.59439999983],[398114.06000000238,137466.07530000061],[398114.23990000039,137530.68230000138],[398114.23279999942,137532.08190000057],[398114.10000000149,137557.34540000185],[398114.07999999821,137586.59739999846],[398114.10000000149,137592.78570000082],[398114.10000000149,137639.31309999898],[398114.0298999995,137679.37159999833],[398113.85010000318,137707.19909999892],[398113.8526000008,137709.18059999868],[398114.24979999661,137843.24170000106],[398114.3396999985,137856.87810000032],[398114.42960000038,137869.73559999838],[398114.45979999751,137874.15379999951],[398114.28000000119,137922.91660000011],[398114.27009999752,137926.83570000157],[398114.1799999997,137962.5978000015],[398114.1799999997,137967.23169999942],[398114.18999999762,137976.21169999987],[398114.18999999762,137984.88740000129],[398114.20000000298,138013.35619999841],[398114.09000000358,138082.08080000058],[398113.96999999881,138130.12070000172],[398113.93999999762,138140.35810000077],[398113.92000000179,138149.63500000164],[398113.84019999951,138181.43490000069],[398114.3497999981,138249.28370000049],[398114.34669999778,138249.65569999814],[398114.26680000126,138253.45030000061],[398114.01030000299,138266.06610000134],[398114.02279999852,138272.31670000032],[398114.03999999911,138280.8964000009],[398114.10000000149,138305.15029999986],[398114.1099999994,138311.85060000047],[398114.11999999732,138315.9609999992],[398114.21989999712,138351.96889999881],[398114.43999999762,138406.44000000134],[398114.38000000268,138435.85110000148],[398114.32999999821,138459.6810999997],[398114.31000000238,138469.48299999908],[398114.29999999702,138479.22069999948],[398114.27000000328,138496.5410999991],[398114.02000000328,138600.03510000184],[398113.98009999841,138617.60949999839],[398114.00970000029,138622.11670000106],[398114.07970000058,138634.02219999954],[398114.14970000088,138643.79140000045],[398114.15900000185,138645.35770000145],[398115.12550000101,138692.66739999875],[398115.46329999715,138699.33999999985],[398116.2723999992,138709.4765000008],[398116.26491914212,138711.95386648964],[398115.84977845155,138714.3962134941],[398115.03830192459,138716.73691991085],[398113.85262460669,138718.912137137],[398112.32508880243,138720.86253069984],[398110.49736185919,138722.53489875264],[398108.4192995858,138723.88362328752],[398106.14758631133,138724.87191448043],[398103.74418867886,138725.47281422524],[398101.27466535039,138725.66993148337],[398098.80637873133,138725.45788939021],[398096.40665749263,138724.84247192243],[398094.14096001355,138723.84046612575],[398092.0710888413,138722.47920420626],[398090.25350487226,138720.79581797647],[398088.73778724048,138718.83622599245],[398087.56528092298,138716.65388101086],[398086.76796895271,138714.30831193167],[398086.36760000139,138711.86349999905],[398085.54110000283,138701.5084999986],[398085.51269999892,138701.07349999994],[398085.15240000188,138693.95710000023],[398085.13629999757,138693.50499999896],[398084.16170000285,138645.75809999928],[398084.15039999783,138643.98869999871],[398084.08039999753,138634.21790000051],[398084.01030000299,138622.30339999869],[398083.98009999841,138617.66149999946],[398084.02000000328,138599.96489999816],[398084.27000000328,138496.47890000045],[398084.29999999702,138479.17929999903],[398084.31000000238,138469.43699999899],[398084.32999999821,138459.61899999902],[398084.38000000268,138435.7890000008],[398084.43990000337,138406.46350000054],[398084.2201000005,138352.07110000029],[398084.12009999901,138316.0390000008],[398084.1099999994,138311.90940000117],[398084.10000000149,138305.20980000123],[398084.03999999911,138280.9635999985],[398084.02279999852,138272.37669999897],[398084.00999999791,138265.9450000003],[398084.01309999824,138265.62510000169],[398084.27319999784,138252.82970000058],[398084.34880000353,138249.23849999905],[398083.84009999782,138181.49500000104],[398083.92000000179,138149.56500000134],[398083.94009999931,138140.28189999983],[398083.9701000005,138130.03929999843],[398084.09000000358,138082.01929999888],[398084.20000000298,138013.33130000159],[398084.18999999762,137984.8927000016],[398084.18999999762,137976.23669999838],[398084.1799999997,137967.24839999899],[398084.1799999997,137962.5410999991],[398084.27009999752,137926.76009999961],[398084.28010000288,137922.82339999825],[398084.45979999751,137874.190200001],[398084.43039999902,137869.94449999928],[398084.3404000029,137857.08199999854],[398084.25020000339,137843.40170000121],[398083.85270000249,137709.24399999902],[398083.85010000318,137707.13399999961],[398084.03010000288,137679.25050000101],[398084.10000000149,137639.28689999878],[398084.10000000149,137592.82730000094],[398084.07999999821,137586.62269999832],[398084.10010000318,137557.25549999997],[398084.23319999874,137531.92419999838],[398084.23990000039,137530.64539999887],[398084.06000000238,137466.07580000162],[398084.10029999912,137441.42850000039],[398084.24000000209,137426.30040000007],[398084.21040000021,137368.19940000027],[398084.21000000089,137367.40780000016],[398083.89919999987,137258.51880000159],[398083.73369999975,137231.81109999865],[398083.73629999906,137231.47610000148],[398083.8125,137227.51350000128],[398083.81260000169,137194.09970000014],[398083.84210000187,137185.34299999848],[398083.93770000339,137157.06419999897],[398084.06239999831,137138.75169999897],[398084.03999999911,137122.22500000149],[398083.91009999812,137084.66919999942],[398084.02009999752,137054.36699999869],[398084.15100000054,137016.41479999945],[398084.37569999695,137002.27270000055],[398083.95979999751,136990.79300000146],[398083.95009999722,136990.23039999977],[398083.95069999993,136989.98160000145],[398084.02000000328,136962.65289999917],[398083.99000000209,136921.69519999996],[398084.02669999748,136899.96979999915],[398084.03230000287,136896.63940000162],[398084.0522999987,136884.76069999859],[398084.0754000023,136871.08879999816],[398084.07989999652,136868.40799999982],[398083.85010000318,136811.61039999872],[398083.85010000318,136771.74709999934],[398083.94340000302,136750.47749999911],[398084.02009999752,136732.99419999868],[398084.14400000125,136704.79349999875],[398084.14959999919,136703.51610000059],[398083.79039999843,136673.85559999943],[398083.90999999642,136634.003800001],[398083.87799999863,136624.20859999955],[398083.86039999872,136603.15769999847],[398083.75389999896,136586.18980000168],[398083.72999999672,136578.88369999826],[398083.75,136540.51300000027],[398083.68999999762,136497.24219999835],[398083.69730000198,136489.52730000019],[398083.71010000259,136476.11580000073],[398083.72429999709,136461.14629999921],[398083.72999999672,136455.09640000015],[398083.71000000089,136426.64779999852],[398083.75999999791,136382.41930000111],[398083.81000000238,136351.62559999898],[398083.81639999896,136351.21049999818],[398084.16589999944,136339.2873999998],[398084.49660000205,136327.89229999855],[398084.38109999895,136317.82779999822],[398083.94049999863,136279.37609999999],[398083.94070000201,136251.13039999828],[398084.08510000259,136240.21059999987],[398084.24769999832,136227.97940000147],[398084.20639999956,136226.16169999912],[398083.97349999845,136215.85029999912],[398083.8925999999,136200.07519999892],[398083.8505000025,136191.60399999842],[398083.83359999955,136190.34549999982],[398083.58110000193,136171.502700001],[398083.47789999843,136161.34789999947],[398083.41110000014,136154.77529999986],[398083.22089999914,136141.94709999859],[398083.21750000119,136138.39189999923],[398083.18999999762,136100.93659999967],[398083.1501000002,136073.89440000057],[398083.33030000329,136046.51110000163],[398083.38499999791,136045.32609999925],[398083.51319999993,136043.83480000123],[398085.0903000012,136025.48380000144],[398085.1093999967,136005.33729999885],[398084.93060000241,135981.45329999924],[398084.51060000062,135946.78709999844],[398084.37009999901,135906.52259999886],[398084.34000000358,135871.57719999924],[398084.34220000356,135870.01940000057],[398084.36379999667,135855.16840000078],[398084.38840000331,135838.17060000077],[398084.3900000006,135837.10539999977],[398084.43999999762,135808.97549999878],[398084.39999999851,135781.815200001],[398084.41210000217,135754.34420000017],[398084.64100760029,135751.7402277787],[398085.318503052,135749.21553573181],[398086.42401120981,135746.84679730562],[398087.92395842652,135744.70594972445],[398089.77279216738,135742.85800929865],[398091.91436441452,135741.35909691665],[398094.2836368499,135740.25473368581],[398096.80865603167,135739.57845848263],[398099.4127385788,135739.35080939627],[398102.01680000126,135739.57869999856]]]},"properties":{"OBJECTID":26,"ROUTEID":"11000702","FROMMEASURE":0,"TOMEASURE":2956.5021000000002,"ROUTENAME":"7TH ST NW","CORRIDORID":"11000702_1","FROMSTREET":"7TH ST SW","TOSTREET":"FLORIDA AVE NW/GEORGIA AVE NW","LENGTH_MI":1.8370815500000002,"TIER_1":0,"TIER_2":1,"TIER_3":0,"GIS_ID":"HIN_CorridorsLn_1","SE_ANNO_CAD_DATA":null,"BUFF_DIST":15,"ORIG_FID":1,"SHAPE_Length":6007.2488343092591,"SHAPE_Area":89401.630025242499}},{"type":"Feature","id":27,"geometry":{"type":"Polygon","coordinates":[[[397231.07989999652,137555.90720000118],[397233.60192807746,137556.58262057946],[397235.96863304975,137557.68512961455],[397238.10831062205,137559.18132428269],[397239.95613477426,137561.0258742281],[397241.45612179773,137563.16289494114],[397242.56282643933,137565.52764089676],[397243.24271876056,137568.04846715616],[397243.47519999743,137570.64900000021],[397243.66480000317,137664.37929999828],[397243.75590000302,137709.38780000061],[397243.80680000037,137763.47399999946],[397243.90999999642,137872.98669999838],[397243.93980000168,137886.88219999894],[397243.81939999759,137900.93530000001],[397243.7201000005,137911.45859999955],[397243.7798999995,137965.84739999846],[397243.78989999741,137967.39809999987],[397243.74989999831,137976.81219999865],[397243.71000000089,137986.74529999867],[397243.71000000089,137987.10420000181],[397243.64389999956,138022.0150000006],[397243.59000000358,138050.48840000108],[397243.59000000358,138051.93910000101],[397243.60000000149,138058.79039999843],[397243.61999999732,138066.78379999846],[397243.68599999696,138095.13019999862],[397243.77000000328,138131.17749999836],[397243.78999999911,138141.15500000119],[397243.78999999911,138141.65639999881],[397243.81989999861,138150.24029999971],[397243.93980000168,138188.42770000175],[397244.06979999691,138213.9310999997],[397244.11980000138,138223.22260000184],[397244.06970000267,138231.71959999949],[397243.81000000238,138275.04270000011],[397243.79999999702,138295.83720000088],[397243.79999999702,138305.14999999851],[397243.79999999702,138315.33999999985],[397243.79999999702,138316.35159999877],[397243.86999999732,138378.92300000042],[397243.88000000268,138387.69099999964],[397243.8498999998,138396.66739999875],[397243.76009999961,138426.95179999992],[397243.89980000257,138460.39479999989],[397243.95740000159,138470.30719999969],[397243.90980000049,138479.99769999832],[397243.81000000238,138513.14519999921],[397243.8900000006,138543.10330000147],[397243.90999999642,138552.08540000021],[397243.92000000179,138556.29210000113],[397243.92000000179,138559.85190000013],[397243.90999999642,138600.0036999993],[397243.9096999988,138604.58590000123],[397243.72950000316,138625.12429999933],[397243.66019999981,138634.0223999992],[397243.69990000129,138643.86369999871],[397243.98990000039,138704.07349999994],[397244.0298999995,138713.94099999964],[397244.07989999652,138723.18939999864],[397244.07999999821,138723.49450000003],[397244.11999999732,138777.85949999839],[397244.13000000268,138792.67009999976],[397244.1400000006,138807.9990000017],[397244.15999999642,138832.44460000098],[397244.03000000119,138907.29969999939],[397244.03999999911,138916.39359999821],[397244.04999999702,138925.4935999997],[397244.15999999642,139026.28000000119],[397244.14999999851,139035.48470000178],[397244.13000000268,139044.59299999848],[397244.13000000268,139045.43030000106],[397244.03019999713,139118.30409999937],[397244.06750000268,139120.375],[397244.1093999967,139122.622299999],[397244.41679999977,139126.67680000141],[397244.96410000324,139130.88960000128],[397245.60090000182,139134.81230000034],[397246.51330000162,139138.82189999893],[397247.69060000032,139143.69759999961],[397251.19009999931,139158.17579999939],[397251.38210000098,139159.09530000016],[397251.51860000193,139160.04670000076],[397252.67859999835,139170.50670000166],[397252.73390000314,139171.11969999969],[397253.46920000017,139181.70300000161],[397253.76449999958,139186.75620000064],[397253.78809999675,139187.38910000026],[397253.866899997,139192.29309999943],[397253.9843999967,139196.61199999973],[397253.98929999769,139197.122299999],[397253.9280000031,139201.66380000114],[397253.76730000228,139210.18299999833],[397253.72709999979,139211.03339999914],[397251.69680000097,139237.82789999992],[397250.94690000266,139247.64669999853],[397250.36720000207,139255.31340000033],[397248.20549999923,139283.78489999846],[397246.72370000184,139302.65870000049],[397246.03329999745,139311.38369999826],[397245.44470000267,139318.81469999999],[397245.34440000355,139320.12900000066],[397245.22129999846,139321.66759999841],[397239.88059999794,139387.17639999837],[397239.11060000211,139396.66010000184],[397238.50150000304,139404.08540000021],[397238.44690000266,139404.71249999851],[397237.45049999654,139417.0075000003],[397236.7704000026,139425.31879999861],[397235.65110000223,139439.10099999979],[397233.84449999779,139461.46840000153],[397229.51739999652,139518.91000000015],[397229.41899999976,139520.20800000057],[397228.67130000144,139530.57690000162],[397228.30110000074,139535.72910000011],[397227.64350000024,139544.81260000169],[397227.33980000019,139549.00840000063],[397227.26839999855,139549.9664000012],[397226.88849999756,139555.04549999908],[397223.34499999881,139602.71000000089],[397221.78149999678,139622.06529999897],[397221.04140000045,139631.26700000092],[397219.11079999804,139655.09380000085],[397218.70130000263,139660.12779999897],[397218.47380000353,139662.98629999906],[397213.85629999638,139722.38459999859],[397213.34920000285,139729.19550000131],[397212.71989999712,139737.7760999985],[397212.06949999928,139746.66230000183],[397211.48939999938,139754.48299999908],[397210.75940000266,139764.44379999861],[397210.19960000366,139771.98110000044],[397209.74700000137,139778.18510000035],[397208.12139999866,139798.78799999878],[397206.71609999985,139813.20010000095],[397204.67010000348,139841.50059999898],[397203.86100000143,139851.6715000011],[397203.54779999703,139855.20699999854],[397201.74620000273,139884.27299999818],[397201.68310000002,139885.00169999897],[397200.49849999696,139895.66200000048],[397197.57360000163,139935.79729999974],[397196.17119999975,139952.2322999984],[397195.86590000242,139958.53680000082],[397195.83810000122,139958.97789999843],[397195.4496999979,139963.95690000057],[397195.3171999976,139965.09340000153],[397194.75460000336,139968.71449999884],[397193.72990000248,139977.73110000044],[397192.02880000323,139997.08139999956],[397190.73080000281,140015.45430000126],[397190.28639999777,140020.51949999854],[397188.36370000243,140042.36450000107],[397187.62219999731,140055.52650000155],[397187.51200000197,140057.4833999984],[397186.95430000126,140067.24709999934],[397186.7479000017,140074.26350000128],[397186.68079999834,140075.30649999902],[397185.54819999635,140086.69880000129],[397185.52859999985,140093.80260000005],[397185.47929999977,140094.97819999978],[397184.68760000169,140104.70450000092],[397184.23809999973,140111.33410000056],[397184.17549999803,140112.02250000089],[397183.3104000017,140119.59279999882],[397182.87399999797,140127.22520000115],[397182.41330000013,140134.25389999896],[397182.31379999965,140135.2547999993],[397180.96400000155,140145.37819999829],[397178.45090000331,140164.2265000008],[397177.86360000074,140169.41490000114],[397177.76139999926,140175.54560000077],[397177.6921999976,140176.75609999895],[397176.71720000356,140186.72239999846],[397176.38669999689,140199.71590000018],[397175.12560000271,140237.67419999838],[397175.35019999743,140249.36809999868],[397175.46959999949,140261.44999999925],[397175.57670000196,140266.68519999832],[397175.7976000011,140271.98669999838],[397176.2575000003,140280.72659999877],[397177.61050000042,140309.15329999849],[397177.62680000067,140309.72619999945],[397177.90739999712,140339.77820000052],[397177.90770000219,140354.1922999993],[397178.18010000139,140363.18090000004],[397178.31069999933,140367.0821999982],[397178.91160000116,140385.02800000086],[397178.92000000179,140385.53000000119],[397178.77589999884,140387.60390000045],[397176.69359999895,140402.52089999989],[397176.6229000017,140403.01909999922],[397176.66049999744,140416.56769999862],[397176.71999999881,140437.93549999967],[397176.72999999672,140443.42300000042],[397176.76990000159,140456.26630000025],[397176.89999999851,140504.10960000008],[397176.90999999642,140511.565200001],[397176.9299999997,140521.73079999909],[397177.03999999911,140578.72549999878],[397177.03999999911,140580.33080000058],[397177.06989999861,140587.45360000059],[397177.10989999771,140599.50450000167],[397177.14989999682,140614.0522999987],[397177.17989999801,140622.34270000085],[397177.2098999992,140633.51680000126],[397177.22990000248,140640.0513000004],[397177.14989999682,140664.05079999939],[397177.11990000308,140672.77840000018],[397177.07989999652,140686.02250000089],[397177.04990000278,140693.57429999858],[397177.02000000328,140702.73820000142],[397177.02000000328,140703.4299999997],[397177.02000000328,140734.1099999994],[397177.02000000328,140743.10000000149],[397177.02000000328,140751.25719999894],[397177.03000000119,140777.69720000029],[397177.03000000119,140784.12700000033],[397177.02000000328,140794.9039000012],[397177.02000000328,140815.66000000015],[397177.02000000328,140817.93760000169],[397177.03000000119,140823.95960000157],[397177.03999999911,140833.41290000081],[397177.06000000238,140849.71959999949],[397177.07999999821,140856.79940000176],[397177.09000000358,140864.76999999955],[397177.17000000179,140921.18600000069],[397177.1799999997,140926.75629999861],[397177.19990000129,140931.30590000004],[397177.24979999661,140940.37489999831],[397177.30990000069,140953.72619999945],[397177.31000000238,140996.00420000032],[397177.32999999821,141021.80420000106],[397177.32999999821,141031.18490000069],[397177.34000000358,141045.71700000018],[397177.39999999851,141070.83689999953],[397177.42000000179,141080.67610000074],[397177.4299999997,141089.34620000049],[397177.43999999762,141103.78480000049],[397177.43999999762,141113.03000000119],[397177.43999999762,141120.70850000158],[397177.45000000298,141171.26429999992],[397177.45229999721,141175.37359999865],[397177.46000000089,141189.80600000173],[397177.46000000089,141199.34200000018],[397177.46999999881,141208.68800000101],[397177.49000000209,141245.74240000173],[397177.52000000328,141308.0064000003],[397177.52000000328,141317.43149999902],[397177.53000000119,141326.27149999887],[397177.53000000119,141333.82800000161],[397177.67000000179,141421.35350000113],[397177.6799999997,141426.51909999922],[397177.70000000298,141435.6259999983],[397177.71999999881,141444.15450000018],[397177.8200000003,141485.96150000021],[397177.78000000119,141543.82039999962],[397177.78000000119,141553.40799999982],[397177.77000000328,141562.85590000078],[397177.77000000328,141564.6446999982],[397177.89989999682,141592.97940000147],[397177.81009999663,141629.45699999854],[397177.99000000209,141671.15769999847],[397177.99000000209,141671.59360000119],[397177.97999999672,141692.44799999893],[397177.96999999881,141709.68820000067],[397177.96000000089,141729.29659999907],[397177.95000000298,141756.51330000162],[397177.96999999881,141781.10520000011],[397177.97999999672,141789.6724999994],[397177.99000000209,141798.25129999965],[397177.99000000209,141799.99139999971],[397178.02000000328,141826.1063000001],[397178.00119999796,141833.92680000141],[397177.92010000348,141867.57259999961],[397178.00990000367,141899.20309999958],[397178.03989999741,141907.98660000041],[397178.06989999861,141916.0887000002],[397178.1099999994,141928.88049999997],[397178.1799999997,142015.4840000011],[397178.1799999997,142017.42870000005],[397178.17000000179,142026.04600000009],[397178.14999999851,142034.71629999951],[397178.11450000107,142064.23669999838],[397178.06000000238,142109.53649999946],[397178.07999999821,142135.69429999962],[397178.07999999821,142144.78090000153],[397178.09000000358,142153.02670000121],[397178.1099999994,142188.81799999997],[397178.3200000003,142252.01509999856],[397178.3200000003,142254.06789999828],[397178.31000000238,142263.58540000021],[397178.29999999702,142273.70459999889],[397178.07729999721,142335.20380000025],[397178.37749999762,142344.46689999849],[397178.51319999993,142353.76069999859],[397178.50999999791,142354.21840000153],[397178.42319999635,142357.95320000127],[397178.33550000191,142359.26110000163],[397177.81440000236,142363.95120000094],[397177.67819999903,142364.89950000122],[397177.58789999783,142365.36809999868],[397176.80610000342,142369.10289999843],[397176.42289999872,142370.56289999932],[397175.29389999807,142374.12390000001],[397175.09070000052,142374.72089999914],[397174.90190000087,142375.2126000002],[397173.25159999728,142379.2947999984],[397172.33540000021,142381.17280000076],[397171.20889999717,142382.8515000008],[397162.72389999777,142393.81870000064],[397160.94979592098,142395.73939848758],[397158.86911874323,142397.32284739267],[397156.54508875858,142398.52093444439],[397154.04832040955,142399.29725639065],[397151.45467670402,142399.62822509283],[397148.84296415729,142399.50378423909],[397146.29253829684,142398.92771489997],[397143.88089248625,142397.9175206428],[397141.6813033293,142396.5038956948],[397139.76060419873,142394.72979231484],[397138.17715453875,142392.64911571157],[397136.97906664392,142390.32508616158],[397136.20274379186,142387.82831809419],[397135.87177414866,142385.23467450874],[397135.99621405493,142382.62296191684],[397136.57228246878,142380.07253584743],[397137.582475851,142377.66088967031],[397138.99610000104,142375.46130000055],[397146.21440000087,142366.1314000003],[397146.87169999629,142364.50549999997],[397147.59740000218,142362.21649999917],[397148.07710000128,142359.92480000108],[397148.44640000165,142356.60060000047],[397148.51139999926,142353.80330000073],[397148.38579999655,142345.17559999973],[397148.0842999965,142335.90940000117],[397148.07649999857,142335.39449999854],[397148.29999999702,142273.6389000006],[397148.31000000238,142263.55469999835],[397148.3200000003,142254.05209999904],[397148.3200000003,142252.05970000103],[397148.1101000011,142188.86910000071],[397148.09000000358,142153.05330000073],[397148.07999999821,142144.79910000041],[397148.07999999821,142135.71150000021],[397148.06000000238,142109.5278000012],[397148.11450000107,142064.20069999993],[397148.14999999851,142034.66369999945],[397148.17000000179,142025.99399999902],[397148.1799999997,142017.4112999998],[397148.1799999997,142015.5020999983],[397148.1099999994,141928.92610000074],[397148.07010000199,141916.191300001],[397148.0401000008,141908.09340000153],[397148.01009999961,141899.29690000042],[397147.92000000179,141867.56210000068],[397148.00119999796,141833.85440000147],[397148.02000000328,141826.08100000024],[397147.99000000209,141800.00860000029],[397147.99000000209,141798.27749999985],[397147.97999999672,141789.70749999955],[397147.96999999881,141781.13489999995],[397147.95000000298,141756.52219999954],[397147.96000000089,141729.28350000083],[397147.96999999881,141709.67190000042],[397147.97999999672,141692.43210000172],[397147.99000000209,141671.58639999852],[397147.99000000209,141671.23149999976],[397147.81000000238,141629.47920000181],[397147.89989999682,141592.99350000173],[397147.77009999752,141564.70450000092],[397147.77000000328,141562.83210000023],[397147.78000000119,141553.39209999889],[397147.78000000119,141543.80480000004],[397147.8200000003,141485.99549999833],[397147.71999999881,141444.22560000047],[397147.70000000298,141435.69409999996],[397147.6799999997,141426.58100000024],[397147.67000000179,141421.40650000051],[397147.53000000119,141333.85200000182],[397147.53000000119,141326.29699999839],[397147.52000000328,141317.44849999994],[397147.52000000328,141308.01720000058],[397147.49000000209,141245.75769999996],[397147.46999999881,141208.71209999919],[397147.46000000089,141199.35799999908],[397147.46000000089,141189.81799999997],[397147.45229999721,141175.3900000006],[397147.45000000298,141171.27569999918],[397147.43999999762,141120.71150000021],[397147.43999999762,141113.03000000119],[397147.43999999762,141103.80040000007],[397147.4299999997,141089.37390000001],[397147.42000000179,141080.7239000015],[397147.39999999851,141070.90320000052],[397147.34000000358,141045.76309999824],[397147.32999999821,141031.19519999996],[397147.32999999821,141021.82160000131],[397147.31000000238,140996.01579999924],[397147.31000000238,140953.78319999948],[397147.25020000339,140940.52519999817],[397147.20019999892,140931.45419999957],[397147.18010000139,140926.85619999841],[397147.17000000179,140921.23409999907],[397147.09000000358,140864.81010000035],[397147.0800999999,140856.86059999838],[397147.06009999663,140849.78040000051],[397147.03999999911,140833.44720000029],[397147.03000000119,140824.00039999932],[397147.02000000328,140817.96249999851],[397147.02000000328,140815.66000000015],[397147.02000000328,140794.88309999928],[397147.03000000119,140784.11309999973],[397147.03000000119,140777.70569999889],[397147.02000000328,140751.26289999858],[397147.02000000328,140743.10000000149],[397147.02000000328,140734.1099999994],[397147.02000000328,140703.4299999997],[397147.02009999752,140702.69559999928],[397147.05009999871,140693.46579999849],[397147.0800999999,140685.91759999841],[397147.12009999901,140672.68160000071],[397147.1501000002,140663.94920000061],[397147.22990000248,140640.04610000178],[397147.21010000259,140633.60330000147],[397147.18010000139,140622.43730000034],[397147.1501000002,140614.14779999852],[397147.1101000011,140599.59549999982],[397147.07010000199,140587.56639999896],[397147.0401000008,140580.40150000155],[397147.03999999911,140578.76900000125],[397146.9299999997,140521.78929999843],[397146.90999999642,140511.6147999987],[397146.9001000002,140504.17049999908],[397146.77009999752,140456.35379999876],[397146.73009999841,140443.49700000137],[397146.7201000005,140438.00450000167],[397146.66070000082,140416.65100000054],[397146.62009999901,140402.00079999864],[397146.76879999787,140399.87209999934],[397146.98650000244,140398.33909999952],[397148.88509999961,140384.73849999905],[397148.3275000006,140368.08619999886],[397148.195600003,140364.14389999956],[397147.91459999979,140354.87319999933],[397147.90770000219,140354.41890000179],[397147.90770000219,140339.91360000148],[397147.63090000302,140310.29329999909],[397146.29580000043,140282.24269999936],[397145.83100000024,140273.4021999985],[397145.59109999985,140267.61499999836],[397145.47299999744,140261.90529999882],[397145.3532000035,140249.79830000177],[397145.12219999731,140237.71350000054],[397145.12910000235,140237.07119999826],[397146.39930000156,140198.84560000151],[397146.7405000031,140185.42029999942],[397146.8069999963,140184.34090000018],[397147.77570000291,140174.43910000101],[397147.8797999993,140168.19399999827],[397147.97290000319,140166.75679999962],[397148.67620000243,140160.55689999834],[397151.22720000148,140141.41319999844],[397152.51039999723,140131.78959999979],[397152.93029999733,140125.38549999893],[397153.38340000063,140117.45710000023],[397153.45600000024,140116.60979999974],[397154.33030000329,140108.95899999887],[397154.77120000124,140102.46609999985],[397155.53040000051,140093.12990000099],[397155.55039999634,140085.8925999999],[397155.62389999628,140084.44999999925],[397156.77629999816,140072.85880000144],[397156.97339999676,140066.15709999949],[397156.99130000174,140065.74280000106],[397157.56009999663,140055.78449999914],[397157.66960000247,140053.83920000121],[397158.42419999838,140040.44379999861],[397158.45830000192,140039.97239999846],[397160.40190000087,140017.89020000026],[397160.82429999858,140013.08669999987],[397162.12250000238,139994.71169999987],[397163.86180000007,139974.91369999945],[397163.9001000002,139974.5335999988],[397164.98089999706,139965.02309999987],[397165.06289999932,139964.41369999945],[397165.5848999992,139961.05389999971],[397165.91189999878,139956.86239999905],[397166.21970000118,139950.50589999929],[397166.25649999827,139949.95560000092],[397167.6670999974,139933.43160000071],[397170.59860000014,139893.19779999927],[397170.65070000291,139892.63109999895],[397171.82609999925,139882.05319999903],[397173.6174999997,139853.1521999985],[397173.6473999992,139852.75519999862],[397173.96660000086,139849.15569999814],[397174.75590000302,139839.23209999874],[397176.8077000007,139810.84950000048],[397176.83959999681,139810.47399999946],[397178.23749999702,139796.15069999918],[397179.83250000328,139775.9199000001],[397180.28050000221,139769.77899999917],[397180.84070000052,139762.23629999906],[397181.570600003,139752.27699999884],[397182.15060000122,139744.45780000091],[397182.80009999871,139735.5839000009],[397183.43079999834,139726.98460000008],[397183.94330000132,139720.10190000013],[397188.56620000303,139660.63369999826],[397188.79839999974,139657.71689999849],[397189.20920000225,139652.66620000079],[397191.13870000094,139628.85300000012],[397191.87849999964,139619.65480000153],[397193.43530000001,139600.38410000131],[397196.97160000354,139552.8145999983],[397197.35159999877,139547.73360000178],[397197.41939999908,139546.82299999893],[397197.72179999948,139542.64649999887],[397198.37870000303,139533.57339999825],[397198.74880000204,139528.42309999838],[397199.50090000033,139517.99399999902],[397199.60270000249,139516.6501000002],[397203.93559999764,139459.13280000165],[397205.74899999797,139436.67909999937],[397206.869599998,139422.88120000064],[397207.54950000346,139414.57259999961],[397208.55290000141,139402.19189999998],[397208.60899999738,139401.5474999994],[397209.21040000021,139394.21539999917],[397209.97940000147,139384.7435999997],[397215.31870000064,139319.25250000134],[397215.434799999,139317.80189999938],[397215.53519999981,139316.48710000142],[397216.12680000067,139309.01630000025],[397216.81639999896,139300.30139999837],[397218.29370000213,139281.48559999838],[397220.45289999992,139253.04670000076],[397221.03320000321,139245.37330000103],[397221.78329999745,139235.55220000073],[397223.78069999814,139209.19099999964],[397223.93190000206,139201.18090000004],[397223.98719999939,139197.12070000172],[397223.87380000204,139192.93450000137],[397223.79699999839,139188.18609999865],[397223.53059999645,139183.62110000104],[397222.8273999989,139173.50679999962],[397221.80629999936,139164.29910000041],[397218.52950000018,139150.74240000173],[397217.30650000274,139145.67460000142],[397216.24400000274,139141.0084999986],[397216.08089999855,139140.18420000002],[397215.31379999965,139135.4635999985],[397215.24499999732,139134.99219999835],[397214.61500000209,139130.14220000058],[397214.53289999813,139129.34400000051],[397214.16290000081,139124.46400000155],[397214.12259999663,139123.60979999974],[397214.07249999791,139120.92500000075],[397214.03239999712,139118.70019999892],[397214.03000000119,139118.4197999984],[397214.13000000268,139045.40980000049],[397214.13000000268,139044.54349999875],[397214.14999999851,139035.4354000017],[397214.15999999642,139026.28009999916],[397214.04999999702,138925.52650000155],[397214.03999999911,138916.42650000006],[397214.03000000119,138907.28680000082],[397214.15999999642,138832.42619999871],[397214.1400000006,138808.02109999955],[397214.13000000268,138792.69000000134],[397214.11999999732,138777.88060000166],[397214.07999999821,138723.42850000039],[397214.03019999713,138714.08109999821],[397213.99019999802,138704.20650000125],[397213.70019999892,138643.9963000007],[397213.66019999981,138633.98119999841],[397213.73059999943,138624.87579999864],[397213.90999999642,138604.45650000125],[397213.90999999642,138599.99819999933],[397213.92000000179,138559.84820000082],[397213.92000000179,138556.34580000117],[397213.90999999642,138552.15459999815],[397213.89010000229,138543.17669999972],[397213.81009999663,138513.13830000162],[397213.91019999981,138479.87029999867],[397213.95740000159,138470.31599999964],[397213.9002000019,138460.54529999942],[397213.76009999961,138426.97610000148],[397213.85010000318,138396.57259999961],[397213.88000000268,138387.66910000145],[397213.86999999732,138378.95699999854],[397213.79999999702,138316.36840000004],[397213.79999999702,138315.33999999985],[397213.79999999702,138305.14999999851],[397213.79999999702,138295.8264000006],[397213.81019999832,138274.95149999857],[397214.07029999793,138231.54050000012],[397214.11980000138,138223.22100000083],[397214.07020000368,138214.08889999986],[397213.940200001,138188.56179999933],[397213.82010000199,138150.3396999985],[397213.7901000008,138141.7061999999],[397213.78999999911,138141.20010000095],[397213.77000000328,138131.24260000139],[397213.68599999696,138095.20010000095],[397213.61999999732,138066.85619999841],[397213.60000000149,138058.84970000014],[397213.59000000358,138051.96090000123],[397213.59000000358,138050.44579999894],[397213.64389999956,138021.95820000023],[397213.71000000089,137987.07580000162],[397213.71010000259,137986.67990000173],[397213.75010000169,137976.68780000135],[397213.78980000317,137967.42749999836],[397213.78019999713,137965.96829999983],[397213.72020000219,137911.35830000043],[397213.82069999725,137900.66479999945],[397213.93980000168,137886.80920000002],[397213.90999999642,137873.03330000117],[397213.80680000037,137763.50219999999],[397213.75590000302,137709.43230000138],[397213.66480000317,137664.44000000134],[397213.47519999743,137570.69449999928],[397213.66142666014,137568.32292466194],[397214.22024042276,137566.01061474992],[397215.13758628647,137563.81572830252],[397216.39039163617,137561.79346998411],[397217.94714655064,137559.99470260428],[397219.76869632449,137558.46466784261],[397221.80922626704,137557.24184835292],[397224.01741400996,137556.35699986725],[397226.33772034157,137555.83237764335],[397228.71178610076,137555.68117671175],[397231.07989999652,137555.90720000118]]]},"properties":{"OBJECTID":27,"ROUTEID":"11001402","FROMMEASURE":1750.1625000000001,"TOMEASURE":6571.9809000000005,"ROUTENAME":"14TH ST NW","CORRIDORID":"11001402_2","FROMSTREET":"THOMAS CIR NW","TOSTREET":"IOWA AVE NW","LENGTH_MI":2.9961336799999998,"TIER_1":0,"TIER_2":1,"TIER_3":0,"GIS_ID":"HIN_CorridorsLn_3","SE_ANNO_CAD_DATA":null,"BUFF_DIST":15,"ORIG_FID":3,"SHAPE_Length":9737.8238811037936,"SHAPE_Area":145360.43980850751}},{"type":"Feature","id":28,"geometry":{"type":"Polygon","coordinates":[[[397229.65470000356,135728.41789999977],[397231.90855839901,135728.99866041346],[397234.04544177727,135729.92109726899],[397236.01390159002,135731.16300156902],[397237.766544329,135732.69447267687],[397239.26117259328,135734.47863821752],[397240.46180105238,135736.47254183306],[397241.339522845,135738.62817741904],[397241.87320555339,135740.89364494066],[397242.04999999702,135743.21440000087],[397241.95009999722,135773.92430000007],[397242.0700000003,135806.94629999995],[397242.05049999803,135828.75860000029],[397242.04999999702,135829.28689999878],[397242.11980000138,135841.51460000128],[397242.116899997,135842.03009999916],[397242.04569999874,135852.64900000021],[397241.9598999992,135865.44619999826],[397241.89999999851,135899.27169999853],[397241.90999999642,135930.1715000011],[397241.81000000238,135968.23690000176],[397241.74019999802,135998.63659999892],[397241.85679999739,136010.61850000173],[397242.0251000002,136027.92410000041],[397242.02769999951,136028.18820000067],[397242.68580000103,136048.84230000153],[397242.69259999692,136049.16530000046],[397244.24809999764,136199.98690000176],[397244.24570000172,136200.35229999945],[397242.13799999654,136310.07019999996],[397242.11360000074,136311.34129999951],[397242.56329999864,136320.86230000108],[397242.57989999652,136321.50970000029],[397242.83980000019,136386.11710000038],[397242.9199000001,136406.10080000013],[397242.8302000016,136427.65839999914],[397242.72890000045,136451.79919999838],[397242.58519999683,136460.25730000064],[397242.3572999984,136473.61250000075],[397242.04619999975,136491.84420000017],[397241.8403000012,136503.90749999881],[397241.98990000039,136568.14139999822],[397242.17930000275,136596.15780000016],[397242.28230000287,136611.39449999854],[397242.38270000368,136626.25730000064],[397242.90600000322,136703.68090000004],[397243.00829999894,136718.81340000033],[397243.11150000244,136734.08240000159],[397243.4598999992,136785.68809999898],[397243.37439999729,136821.77840000018],[397243.34880000353,136832.53849999979],[397243.34290000051,136835.00530000031],[397243.33479999751,136838.40329999849],[397243.32419999689,136842.88960000128],[397243.29399999976,136855.59270000085],[397243.18980000168,136899.38919999823],[397243.08479999751,136914.71810000017],[397242.98969999701,136928.59109999985],[397242.88880000263,136943.30999999866],[397242.5530000031,136992.30590000004],[397242.5,137000.0474999994],[397242.4701000005,137054.20100000128],[397243.35710000247,137099.62719999999],[397243.3599999994,137099.95199999958],[397243.24689999968,137126.48200000077],[397243.14999999851,137149.19889999926],[397243.17379999906,137170.98380000144],[397243.18999999762,137185.83379999921],[397243.17480000108,137198.53799999878],[397243.17000000179,137202.49529999867],[397243.25230000168,137220.73169999942],[397243.32989999652,137237.95380000025],[397243.31159999967,137252.53770000115],[397243.30820000172,137255.25939999893],[397243.3049999997,137257.77849999815],[397243.2901000008,137269.61400000006],[397243.71989999712,137320.58049999923],[397243.77629999816,137365.6297999993],[397243.78710000217,137391.02549999952],[397243.8227000013,137493.26790000126],[397243.59529274673,137495.87251990018],[397242.91907715111,137498.39808742955],[397241.8145974208,137500.76787294779],[397240.31540891819,137502.9098796497],[397238.46705871157,137504.75903091198],[397236.32570180256,137506.25914739599],[397233.95639507304,137507.36465384037],[397231.43112078198,137508.0419636899],[397228.82659966213,137508.27049949358],[397226.22196005587,137508.04331807132],[397223.69633390522,137507.36732145556],[397221.32645263284,137506.26304719975],[397219.18431595305,137504.76404442379],[397217.33500443801,137502.91585455328],[397215.83470229502,137500.77462771875],[397214.72899042594,137498.40541685015],[397214.05146162707,137495.8802012942],[397213.8227000013,137493.27569999918],[397213.78710000217,137391.03709999844],[397213.77629999816,137365.6548999995],[397213.72020000219,137320.72879999876],[397213.29020000249,137269.70589999855],[397213.3049999997,137257.74049999937],[397213.30820000172,137255.22159999982],[397213.31159999967,137252.5],[397213.32999999821,137237.98409999907],[397213.252700001,137220.86710000038],[397213.17010000348,137202.52659999952],[397213.17480000108,137198.50200000033],[397213.18999999762,137185.83170000091],[397213.17379999906,137171.0166000016],[397213.14999999851,137149.15419999883],[397213.24710000306,137126.35410000011],[397213.3593999967,137100.03119999915],[397212.47290000319,137054.63390000165],[397212.46999999881,137054.33700000122],[397212.50020000339,136999.94449999928],[397212.55380000174,136992.10040000081],[397212.88960000128,136943.10440000147],[397212.9905000031,136928.38549999893],[397213.0856000036,136914.51249999925],[397213.18999999762,136899.27089999989],[397213.29399999976,136855.5214000009],[397213.32419999689,136842.81850000098],[397213.33479999751,136838.33210000023],[397213.34290000051,136834.93360000104],[397213.34880000353,136832.46689999849],[397213.37439999729,136821.70710000023],[397213.45979999751,136785.74289999902],[397213.1120999977,136734.28519999981],[397213.00890000165,136719.01619999856],[397212.90659999847,136703.88369999826],[397212.38329999894,136626.46000000089],[397212.28289999813,136611.5971999988],[397212.17989999801,136596.36059999838],[397211.99019999802,136568.27820000052],[397211.84000000358,136503.81749999896],[397211.84220000356,136503.54410000145],[397212.05059999973,136491.33240000159],[397212.36169999838,136473.10069999844],[397212.58959999681,136459.74560000002],[397212.73049999774,136451.48460000008],[397212.83039999753,136427.53319999948],[397212.9197999984,136406.09769999981],[397212.84000000358,136386.23770000041],[397212.58139999956,136321.95380000025],[397212.12349999696,136312.25959999859],[397212.10819999874,136311.40790000185],[397212.14360000193,136309.49399999902],[397214.24700000137,136199.99850000069],[397212.69590000063,136049.63679999858],[397212.03760000318,136028.97769999877],[397212.03069999814,136028.64660000056],[397212.02650000155,136028.21660000086],[397211.85819999874,136010.91039999947],[397211.74019999802,135998.72720000148],[397211.81009999663,135968.16310000047],[397211.90999999642,135930.15929999948],[397211.89999999851,135899.24280000106],[397211.96019999683,135865.31650000066],[397212.04630000144,135852.44790000096],[397212.1174999997,135841.82950000092],[397212.11969999969,135841.50420000032],[397212.05009999871,135829.35449999943],[397212.05049999803,135828.7324000001],[397212.0700000003,135806.97899999842],[397211.95009999722,135773.93189999834],[397212.05009999871,135743.14119999856],[397212.28558163339,135740.54203589991],[397212.96800872422,135738.02302838152],[397214.07672288548,135735.66043266479],[397215.57816119876,135733.52576908394],[397217.42687222722,135731.68365802724],[397219.56689191848,135730.18986375324],[397221.93343774439,135729.08960629892],[397224.45486979338,135728.41619258182],[397227.05485944881,135728.19000813545],[397229.65470000356,135728.41789999977]]]},"properties":{"OBJECTID":28,"ROUTEID":"11001402","FROMMEASURE":0,"TOMEASURE":1750.1615000000002,"ROUTENAME":"14TH ST NW","CORRIDORID":"11001402_1","FROMSTREET":"14TH ST SW","TOSTREET":"THOMAS CIR NW","LENGTH_MI":1.0874978,"TIER_1":0,"TIER_2":1,"TIER_3":0,"GIS_ID":"HIN_CorridorsLn_4","SE_ANNO_CAD_DATA":null,"BUFF_DIST":15,"ORIG_FID":4,"SHAPE_Length":3594.5700784788232,"SHAPE_Area":53211.594239968421}},{"type":"Feature","id":29,"geometry":{"type":"Polygon","coordinates":[[[396581.04219999909,137171.35289999843],[396583.54728434299,137172.0221682913],[396585.89968104172,137173.11285495092],[396588.02909602714,137174.5923681944],[396589.87189834687,137176.4164973642],[396591.37302157783,137178.53073402625],[396592.48760931514,137180.87190078531],[396593.18235556636,137183.370039145],[396593.43649999797,137185.95050000027],[396593.52709999681,137193.74020000175],[396593.61259999871,137195.54329999909],[396593.67989999801,137197.6334999986],[396593.68659999967,137198.22920000181],[396593.65129999816,137200.42810000107],[396593.58569999784,137202.46029999852],[396593.56059999764,137202.96660000086],[396593.43559999764,137204.84160000086],[396593.39549999684,137205.32490000129],[396593.2079000026,137207.21550000086],[396593.12810000032,137207.87200000137],[396592.82779999822,137209.95059999824],[396592.47789999843,137212.12159999833],[396592.40990000218,137212.49760000035],[396592.03490000218,137214.41950000077],[396591.93240000308,137214.90239999816],[396591.49490000308,137216.80860000104],[396591.38419999927,137217.25869999826],[396590.88419999927,137219.16499999911],[396590.74239999801,137219.66959999874],[396590.17989999801,137221.54459999874],[396590.01669999957,137222.05530000106],[396589.14169999957,137224.63340000063],[396589.03289999813,137224.94280000031],[396588.88830000162,137225.32380000129],[396587.88830000162,137227.85509999841],[396587.63639999926,137228.45459999889],[396584.77730000019,137234.8638000004],[396581.90579999983,137241.21519999951],[396579.05849999934,137247.59809999913],[396576.18079999834,137253.96350000054],[396572.50400000066,137262.19579999894],[396570.79990000278,137265.89689999819],[396568.85509999841,137270.29839999974],[396565.14570000023,137278.53489999846],[396561.46750000119,137286.70120000094],[396557.81159999967,137294.90370000154],[396554.11219999939,137303.10220000148],[396550.45560000092,137311.2210999988],[396550.17109999806,137311.86820000038],[396543.1099999994,137327.49769999832],[396536.33179999888,137342.53790000081],[396500.91950000077,137421.11930000037],[396500.59600000083,137421.81579999998],[396493.28050000221,137437.91010000184],[396488.12680000067,137449.24839999899],[396479.50259999931,137468.26209999993],[396454.23870000243,137523.88670000061],[396453.81239999831,137524.81549999863],[396447.35369999707,137539.22340000048],[396446.57609999925,137540.97190000117],[396445.90410000086,137542.43710000068],[396439.1325000003,137557.49599999934],[396438.67440000176,137558.58729999885],[396438.48110000044,137559.0278000012],[396411.95090000331,137616.94759999961],[396407.49899999797,137626.67449999973],[396406.15330000222,137629.558699999],[396365.29680000246,137716.57339999825],[396354.97190000117,137741.70340000093],[396354.74750000238,137742.22159999982],[396338.79450000077,137777.23889999837],[396324.78809999675,137808.45320000127],[396324.58900000155,137808.89680000022],[396311.07869999856,137838.93530000001],[396282.03769999743,137903.08179999888],[396277.81989999861,137912.38129999861],[396274.04460000247,137920.71420000121],[396217.6270999983,138045.16719999909],[396214.09769999981,138052.95769999921],[396209.3478000015,138063.43090000004],[396176.81710000336,138135.13300000131],[396170.95589999855,138148.06120000035],[396133.80139999837,138230.01590000093],[396132.49710000306,138232.89279999956],[396097.32549999654,138311.79470000044],[396096.97169999778,138312.53330000117],[396092.80839999765,138320.65029999986],[396070.67289999872,138370.04349999875],[396022.63419999927,138475.81949999928],[396016.07900000364,138490.74069999903],[396010.7268999964,138506.34400000051],[396008.98550000042,138515.57349999994],[396008.41269999743,138518.60709999874],[396006.40649999678,138528.67049999908],[396005.16250000149,138536.98739999905],[396004.13669999689,138546.55750000104],[396003.68810000271,138553.61410000175],[396002.02889999747,138579.37819999829],[395999.87070000172,138610.36149999872],[395997.60000000149,138643.53400000185],[395995.7322999984,138681.9626000002],[395995.50829999894,138683.91550000012],[395993.24440000206,138696.02299999818],[395993.07779999822,138696.79960000142],[395990.95279999822,138705.56529999897],[395990.47039999813,138707.16160000116],[395990.27329999954,138707.67370000109],[395988.14829999954,138712.90799999982],[395987.76460000128,138713.77369999886],[395981.05650000274,138727.70360000059],[395972.44749999791,138745.70960000157],[395964.52139999717,138763.74139999971],[395964.02730000019,138764.97590000182],[395963.50240000337,138766.25600000098],[395963.02359999716,138767.30660000071],[395962.51870000362,138768.36270000041],[395961.190200001,138771.39919999987],[395960.50530000031,138773.12550000101],[395957.50389999896,138780.69139999896],[395939.62730000168,138825.67969999835],[395933.03589999676,138842.2677000016],[395920.69740000367,138873.39499999955],[395917.63239999861,138881.15139999986],[395914.72060000151,138888.4776000008],[395914.57680000365,138888.82730000094],[395897.18980000168,138932.80490000173],[395892.74239999801,138943.93910000101],[395892.60549999774,138944.27030000091],[395888.51169999689,138953.84840000048],[395888.04079999775,138954.84670000151],[395886.88459999859,138957.08109999821],[395886.50530000031,138957.76880000159],[395885.17639999837,138960.00629999861],[395884.73330000043,138960.70710000023],[395883.32710000128,138962.80079999939],[395882.78490000218,138963.55629999936],[395881.25360000134,138965.55629999936],[395880.81629999727,138966.10090000182],[395879.17310000211,138968.04430000111],[395878.64750000089,138968.63369999826],[395876.92880000174,138970.46189999953],[395876.22810000181,138971.15960000083],[395874.38440000266,138972.87829999998],[395873.8871999979,138973.32169999927],[395871.93639999628,138974.98440000042],[395871.30960000306,138975.48640000075],[395869.30960000306,138977.00200000033],[395868.54900000244,138977.54199999943],[395866.45530000329,138978.93259999901],[395866.1819999963,138979.10990000144],[395865.71320000291,138979.40680000186],[395865.19479999691,138979.72060000151],[395864.19120000303,138980.30079999939],[395863.87060000002,138980.48079999909],[395862.83940000087,138981.04329999909],[395862.52589999884,138981.20949999988],[395861.494599998,138981.74080000073],[395861.16939999908,138981.90340000018],[395860.13819999993,138982.40340000018],[395859.64790000021,138982.63030000031],[395858.58540000021,138983.09899999946],[395857.929399997,138983.37000000104],[395856.74759999663,138983.82530000061],[395855.51990000159,138984.28170000017],[395855.02650000155,138984.45340000093],[395853.78339999914,138984.86019999906],[395852.50890000165,138985.25140000135],[395852.05349999666,138985.38269999996],[395851.27939999849,138985.59279999882],[395847.18150000274,138986.90060000122],[395843.05259999633,138988.21570000052],[395830.93370000273,138992.24489999935],[395827.34109999985,138993.44709999859],[395822.70189999789,138995.33709999919],[395816.4701000005,138997.85500000045],[395815.82090000063,138998.11470000073],[395815.45269999653,138998.25629999861],[395802.28989999741,139003.12390000001],[395801.43360000104,139003.40920000151],[395796.7920999974,139004.80160000175],[395794.15789999813,139005.67980000004],[395789.72680000216,139007.20769999921],[395786.56149999797,139008.3946999982],[395786.15209999681,139008.5848999992],[395785.8451000005,139008.85689999908],[395785.52090000361,139009.13599999994],[395784.07970000058,139010.33700000122],[395783.11060000211,139011.30600000173],[395780.90770000219,139013.65579999983],[395779.17880000174,139015.54190000147],[395778.72810000181,139016.01260000095],[395778.02390000224,139016.71680000052],[395777.66929999739,139017.1895999983],[395777.09549999982,139018.14589999989],[395776.79710000008,139018.62260000035],[395775.09669999778,139021.22989999875],[395774.2303000018,139023.27800000086],[395772.03819999844,139028.4589000009],[395769.77639999986,139033.73259999976],[395769.49210000038,139034.35599999875],[395767.91770000011,139037.60830000043],[395766.53079999983,139040.69029999897],[395765.05179999769,139044.30559999868],[395764.76150000095,139044.96920000017],[395763.76430000365,139047.10610000044],[395762.55569999665,139050.27870000154],[395762.36289999634,139050.75970000029],[395759.55730000138,139057.42300000042],[395758.96800000221,139058.66099999845],[395756.1623999998,139063.9215000011],[395753.49939999729,139068.91459999979],[395751.31939999759,139073.43039999902],[395749.23099999875,139078.2974999994],[395748.89389999956,139079.12060000002],[395748.04100000113,139080.99570000172],[395725.11519999802,139131.39779999852],[395701.47680000216,139183.42430000007],[395681.98380000144,139226.33669999987],[395665.30269999802,139263.41910000145],[395644.01510000229,139310.45800000057],[395641.71949999779,139315.48449999839],[395622.66260000318,139357.21139999852],[395618.28379999846,139366.93400000036],[395600.61110000312,139406.1726000011],[395583.87470000237,139443.14889999852],[395581.27499999851,139448.84019999951],[395562.80799999833,139489.30359999835],[395554.02870000154,139508.57209999859],[395546.64840000123,139524.75279999897],[395539.4394999966,139540.57039999962],[395535.12820000201,139550.03110000119],[395518.86860000342,139586.16010000184],[395495.46959999949,139637.26819999889],[395488.10080000013,139653.58339999989],[395484.33030000329,139661.93459999934],[395479.08799999952,139673.53599999845],[395475.31979999691,139681.87550000101],[395472.61159999669,139687.87159999833],[395471.6400000006,139690.02519999817],[395454.56490000337,139727.77639999986],[395450.79309999943,139736.10049999878],[395445.6325000003,139747.49159999937],[395441.2126000002,139757.2415000014],[395436.38939999789,139767.88850000128],[395418.68879999965,139806.82779999822],[395404.15600000322,139839.10390000045],[395397.61259999871,139853.49340000004],[395393.6229000017,139862.25279999897],[395388.56490000337,139873.37849999964],[395386.15919999778,139878.66899999976],[395368.39989999682,139917.87730000168],[395350.85000000149,139956.49720000103],[395337.19629999995,139986.64339999855],[395327.21519999951,140008.72580000013],[395321.72160000354,140020.84360000119],[395317.1528000012,140030.92110000178],[395313.40420000255,140039.19799999893],[395307.40250000358,140052.45160000026],[395302.95620000362,140062.25539999828],[395281.42949999869,140109.53819999844],[395272.36699999869,140129.60159999877],[395269.09939999878,140136.816300001],[395266.57909999788,140142.40700000152],[395260.21360000223,140156.45930000022],[395240.29930000007,140200.5885999985],[395237.72429999709,140206.23169999942],[395219.22779999673,140246.69399999827],[395203.03320000321,140282.29019999877],[395201.05799999833,140286.66959999874],[395197.32460000366,140294.90709999949],[395194.14239999652,140301.94189999998],[395190.73139999807,140309.45419999957],[395179.49430000037,140334.2734999992],[395162.35119999945,140372.86989999935],[395142.17450000346,140417.22459999844],[395140.14819999784,140421.57180000097],[395135.51780000329,140431.52800000086],[395131.66740000248,140440.00279999897],[395116.95400000364,140472.41039999947],[395114.37669999897,140478.06650000066],[395094.87160000205,140520.76009999961],[395091.49610000104,140528.39169999957],[395082.75829999894,140548.14710000157],[395075.18299999833,140565.27560000122],[395049.8478000015,140620.82600000128],[395048.98489999771,140622.70210000128],[395044.9375,140631.58460000157],[395044.30849999934,140632.9626000002],[395039.41969999671,140643.69999999925],[395030.39310000092,140663.49240000173],[395020.29060000181,140685.74579999968],[395015.36230000108,140696.62220000103],[395013.66279999912,140700.37090000138],[395010.15169999748,140708.12350000069],[395007.39360000193,140714.20149999857],[394988.60790000111,140755.39189999923],[394973.5856000036,140788.66279999912],[394952.76889999956,140835.13729999959],[394945.34960000217,140851.41019999981],[394940.84880000353,140861.29190000147],[394935.47800000012,140873.0634999983],[394927.91170000285,140889.66550000012],[394899.82940000296,140951.4085999988],[394883.29460000247,140987.92709999904],[394878.83370000124,140997.77910000086],[394877.38340000063,141000.97980000079],[394872.33529999852,141012.12550000101],[394869.84300000221,141017.64050000161],[394863.97810000181,141030.5513000004],[394855.69139999896,141048.81159999967],[394842.11760000139,141078.72250000015],[394830.68639999628,141103.875],[394823.59929999709,141119.46849999949],[394811.83420000225,141145.44779999927],[394806.79429999739,141156.57770000026],[394801.46239999682,141168.35179999843],[394799.80139999837,141172.01419999823],[394784.96209999919,141204.752700001],[394782.77350000292,141209.58089999855],[394771.27700000256,141234.94379999861],[394757.60589999706,141264.97430000082],[394752.05359999835,141277.33480000123],[394748.27189999819,141285.75869999826],[394742.74710000306,141298.03920000046],[394741.85960000008,141300.00780000165],[394724.46809999645,141338.08949999884],[394705.84860000014,141379.58799999952],[394688.21559999883,141418.31689999998],[394676.54089999944,141444.04509999976],[394672.81400000304,141452.26839999855],[394671.76449999958,141454.58729999885],[394668.63759999722,141461.4897999987],[394666.35649999976,141466.52499999851],[394665.63390000165,141468.11059999838],[394662.48470000178,141475.04679999873],[394661.37910000235,141477.48919999972],[394624.96069999784,141557.52560000122],[394620.67930000275,141566.99670000002],[394615.95690000057,141577.45190000162],[394611.76539999992,141586.7050999999],[394607.67660000175,141595.78049999848],[394564.99930000305,141690.54870000109],[394564.0794999972,141692.5604000017],[394558.96299999952,141703.85069999844],[394552.79290000349,141717.47089999914],[394542.87219999731,141739.35990000144],[394512.58320000023,141806.190200001],[394509.12690000236,141813.82200000063],[394508.24019999802,141815.78480000049],[394503.76139999926,141825.70199999958],[394491.02269999683,141853.92909999937],[394488.76240000129,141858.93989999965],[394481.23460000008,141875.61490000039],[394466.98839999735,141907.25530000031],[394459.33439999819,141923.56720000133],[394453.46239999682,141936.46400000155],[394448.91759999841,141946.4523999989],[394446.98200000077,141950.72260000184],[394446.7220999971,141951.26680000126],[394441.09130000323,141962.46869999915],[394434.13199999928,141978.97690000013],[394433.96389999986,141979.36070000008],[394430.08540000021,141987.88740000129],[394409.57159999758,142033.40830000117],[394407.39450000226,142038.23900000006],[394388.79379999638,142078.78079999983],[394383.30089999735,142090.94310000166],[394378.58709999919,142101.38410000131],[394378.43890000135,142101.72749999911],[394374.81859999895,142109.73820000142],[394367.54200000316,142125.83480000123],[394348.14769999683,142168.14249999821],[394328.26150000095,142212.32519999892],[394325.42740000039,142218.7564000003],[394320.41799999774,142230.13500000164],[394314.79720000178,142242.89680000022],[394314.133100003,142244.40320000052],[394303.77380000055,142267.23090000078],[394286.51619999856,142305.08159999922],[394277.5,142325.33830000088],[394273.86100000143,142333.4860999994],[394270.08579999954,142341.97509999946],[394269.9205000028,142342.33520000055],[394234.88880000263,142419.56980000064],[394230.66770000011,142428.86239999905],[394226.81099999696,142437.35709999874],[394177.76600000262,142544.7098999992],[394174.08399999887,142552.71079999954],[394173.98629999906,142552.94049999863],[394173.89310000092,142553.15929999948],[394173.70920000225,142553.59090000018],[394154.79860000312,142595.08229999989],[394149.71909999847,142606.22120000049],[394144.90070000291,142616.7976000011],[394142.91080000252,142621.16750000045],[394137.1203000024,142633.87849999964],[394126.2228000015,142657.79890000075],[394113.45199999958,142686.35619999841],[394108.78180000186,142696.78880000114],[394105.04469999671,142705.07149999961],[394103.55189999938,142708.42000000179],[394082.12569999695,142755.78610000014],[394054.50010000169,142816.88850000128],[394052.35029999912,142821.61789999902],[394047.94979999959,142831.35770000145],[394044.09350000322,142839.82160000131],[394028.97429999709,142873.10379999876],[394016.82109999657,142899.85669999942],[394015.56109999865,142902.61690000072],[394012.18890000135,142910.03959999979],[394008.72680000216,142917.67430000007],[394004.4143999964,142927.14959999919],[394001.27799999714,142934.05160000175],[393996.0746999979,142945.51990000159],[393991.63560000062,142955.31280000135],[393989.88189999759,142959.20859999955],[393982.80510000139,142974.98160000145],[393978.32670000196,142984.95800000057],[393974.57710000128,142993.32710000128],[393968.85540000349,143006.07699999958],[393954.20539999753,143037.89939999953],[393935.78509999812,143078.47599999979],[393929.01519999653,143093.50349999964],[393927.51680000126,143096.82589999959],[393927.39609999955,143097.08810000122],[393916.78450000286,143120.61520000175],[393910.75460000336,143133.99489999935],[393905.69349999726,143145.2173999995],[393899.21329999715,143159.58179999888],[393874.85209999979,143212.67650000006],[393862.05799999833,143240.73350000009],[393861.71169999987,143241.49540000036],[393850.46069999784,143266.16770000011],[393846.37039999664,143275.15830000117],[393834.85300000012,143300.40870000049],[393827.60209999979,143316.69350000098],[393824.65119999647,143323.31569999829],[393820.10209999979,143333.52360000089],[393807.21720000356,143362.46079999954],[393795.44120000303,143388.10319999978],[393794.88419999927,143389.35640000179],[393793.60369999707,143392.25389999896],[393765.90919999778,143452.94519999996],[393763.78050000221,143457.74460000172],[393760.00819999725,143466.23990000039],[393756.05080000311,143475.14400000125],[393752.9122999981,143482.22729999945],[393740.78570000082,143508.84670000151],[393730.36540000141,143531.8553000018],[393726.80479999632,143539.72659999877],[393722.75490000099,143548.66420000046],[393722.0279000029,143550.28950000182],[393705.78220000118,143585.83430000022],[393698.98330000043,143600.8535999991],[393698.60390000045,143601.71169999987],[393695.0251000002,143609.62590000033],[393691.25609999895,143617.94379999861],[393671.69730000198,143661.17020000145],[393671.47200000286,143661.7050999999],[393671.2370999977,143662.23460000008],[393670.60769999772,143663.54659999907],[393664.30009999871,143677.79800000042],[393660.01049999893,143687.41699999943],[393656.00079999864,143696.41660000011],[393655.27009999752,143698.05449999869],[393631.81589999795,143749.31810000166],[393625.39710000157,143763.41649999842],[393610.79190000147,143795.49500000104],[393606.42159999907,143805.09569999948],[393602.59120000154,143813.50649999827],[393601.05969999731,143816.86989999935],[393573.18879999965,143877.98990000039],[393559.19870000333,143908.93800000101],[393555.15919999778,143917.87700000033],[393550.69940000027,143927.74650000036],[393540.75119999796,143949.76440000162],[393514.28480000049,144007.92650000006],[393513.58229999989,144009.48000000045],[393509.50859999657,144018.5262000002],[393505.6603000015,144027.08240000159],[393481.69669999927,144080.37240000069],[393468.36190000176,144109.67500000075],[393464.12219999731,144118.98440000042],[393459.17300000042,144129.86250000075],[393448.49029999971,144153.33650000021],[393424.59679999948,144206.18219999969],[393423.97940000147,144207.54639999941],[393423.37830000371,144208.878800001],[393419.7201000005,144216.95490000024],[393416.40739999712,144224.29080000147],[393413.66480000317,144230.34659999982],[393406.50620000064,144246.16360000148],[393402.75859999657,144254.44830000028],[393399.71700000018,144261.18180000037],[393394.13170000166,144273.51339999959],[393381.57360000163,144301.18930000067],[393377.3703000024,144310.48440000042],[393372.94280000031,144320.29890000075],[393346.15820000321,144379.65680000186],[393344.87914202712,144381.93727030433],[393343.22351666912,144383.96098935127],[393341.24162916414,144385.66646759046],[393338.99369803671,144387.00188503569],[393336.54802539549,144387.92666578747],[393333.97892161267,144388.4127109086],[393331.36444744538,144388.44525219459],[393328.78404220409,144388.02330089698],[393326.31611003442,144387.15967776591],[393324.03563765151,144385.88062349899],[393322.01191591169,144384.22500143267],[393320.30643444892,144382.24311670166],[393318.97101334744,144379.9951877463],[393318.04622861772,144377.54951660926],[393317.56017931789,144374.98041361698],[393317.52763377945,144372.36593950263],[393317.94958088,144369.78553357505],[393318.81319999695,144367.31760000065],[393345.5971999988,144307.96110000089],[393350.02970000356,144298.13569999859],[393354.24650000036,144288.81069999933],[393366.80830000341,144261.12660000101],[393372.383100003,144248.81819999963],[393375.42159999907,144242.09149999917],[393379.17390000075,144233.7965000011],[393386.33529999852,144217.97340000048],[393389.07259999961,144211.92920000106],[393392.38279999793,144204.5987999998],[393396.04169999808,144196.52129999921],[393396.64069999754,144195.19359999895],[393397.26319999993,144193.81789999828],[393421.16969999671,144140.94350000098],[393431.86699999869,144117.4375],[393436.817900002,144106.55559999868],[393441.05810000002,144097.24500000104],[393454.36200000346,144068.01029999927],[393478.29980000108,144014.77769999951],[393482.15139999986,144006.21409999952],[393486.23770000041,143997.1400000006],[393486.9598999992,143995.54329999909],[393513.42819999903,143937.37700000033],[393523.36069999635,143915.39359999821],[393527.82090000063,143905.52309999987],[393531.86129999906,143896.58210000023],[393545.87189999968,143865.58889999986],[393573.76039999723,143804.43019999936],[393575.28890000284,143801.07349999994],[393579.11850000173,143792.66440000013],[393583.48820000142,143783.06500000134],[393598.09380000085,143750.98550000042],[393604.52409999818,143736.86190000176],[393627.92589999735,143685.7137000002],[393628.59929999709,143684.2034999989],[393632.60949999839,143675.20300000161],[393636.89989999682,143665.58210000023],[393643.46769999713,143650.89220000058],[393643.92759999633,143649.8275000006],[393644.20279999822,143649.25620000064],[393644.55849999934,143648.5159999989],[393663.92400000244,143605.57620000094],[393667.69489999861,143597.25409999862],[393671.21519999951,143589.46979999915],[393671.59730000049,143588.60579999909],[393678.47619999945,143573.40940000117],[393694.69409999996,143537.92559999973],[393695.40209999681,143536.34270000085],[393699.47519999743,143527.35339999944],[393703.0345999971,143519.48479999974],[393713.47290000319,143496.4365000017],[393725.54739999771,143469.93239999935],[393728.62919999659,143462.97610000148],[393732.59080000222,143454.06239999831],[393736.35949999839,143445.57539999858],[393738.55099999905,143440.63560000062],[393766.23589999974,143379.96570000052],[393767.45589999855,143377.20369999856],[393768.10080000013,143375.75389999896],[393779.88109999895,143350.10190000013],[393792.69789999723,143321.31650000066],[393797.24889999628,143311.10440000147],[393800.19789999723,143304.48660000041],[393807.5047999993,143288.07690000162],[393819.06960000098,143262.72179999948],[393823.15940000117,143253.7324000001],[393834.40929999948,143229.0625],[393834.75829999894,143228.2947999984],[393847.56930000335,143200.20059999824],[393871.90500000119,143147.16160000116],[393878.34660000354,143132.88259999827],[393883.40540000051,143121.66519999877],[393889.43559999764,143108.28480000049],[393900.10360000283,143084.63340000063],[393900.22500000149,143084.36960000172],[393901.66480000317,143081.17650000006],[393908.45260000229,143066.10920000076],[393926.91809999943,143025.43340000138],[393941.54290000349,142993.66600000113],[393947.20289999992,142981.05299999937],[393950.95329999924,142972.68210000172],[393955.43500000238,142962.69839999825],[393962.51810000092,142946.9114000015],[393964.28999999911,142942.97509999946],[393968.75299999863,142933.12939999998],[393973.9619999975,142921.64840000123],[393977.10570000112,142914.73039999977],[393981.41330000013,142905.26590000093],[393984.87110000104,142897.64050000161],[393988.25900000334,142890.18320000172],[393989.51889999956,142887.42330000177],[394001.66049999744,142860.69590000063],[394016.78660000116,142827.3984999992],[394020.63679999858,142818.94790000096],[394025.02579999715,142809.23369999975],[394027.17660000175,142804.50189999864],[394054.79100000113,142743.42430000007],[394076.17710000277,142696.14710000157],[394077.66179999709,142692.81709999964],[394081.41820000112,142684.49120000005],[394086.0680000037,142674.10390000045],[394098.87839999795,142645.4589000009],[394109.81979999691,142621.44150000066],[394115.60930000246,142608.73259999976],[394117.59929999709,142604.36239999905],[394122.42099999636,142593.77879999951],[394127.50150000304,142582.63769999892],[394146.33929999918,142541.2965000011],[394146.71959999949,142540.42220000178],[394150.49539999664,142532.2071999982],[394199.50339999795,142424.93519999832],[394203.35239999741,142416.45769999921],[394207.57119999826,142407.17029999942],[394242.61339999735,142329.91050000116],[394242.72940000147,142329.66070000082],[394246.45910000056,142321.27400000021],[394250.10010000318,142313.12170000002],[394259.16399999708,142292.75879999995],[394276.46630000323,142254.80920000002],[394286.74660000205,142232.15639999881],[394287.34279999882,142230.80319999903],[394292.9619999975,142218.04500000179],[394297.97259999812,142206.66360000148],[394300.85769999772,142200.11730000004],[394320.83299999684,142155.73640000075],[394340.24019999802,142113.40029999986],[394347.48139999807,142097.38190000132],[394351.02499999851,142089.54089999944],[394351.16870000213,142089.20789999887],[394355.95920000225,142078.59690000117],[394361.48809999973,142066.35539999977],[394380.08370000124,142025.82459999993],[394382.22060000151,142021.08269999921],[394402.76529999822,141975.49329999834],[394406.5700000003,141967.12860000134],[394413.64209999889,141950.35280000046],[394414.06199999899,141949.44289999828],[394419.78329999745,141938.06100000069],[394421.60239999741,141934.0476000011],[394426.15770000219,141924.03599999845],[394432.10469999909,141910.97590000182],[394439.73099999875,141894.7237999998],[394453.88539999723,141863.28510000184],[394461.41770000011,141846.60009999946],[394463.6772999987,141841.59090000018],[394476.41860000044,141813.35799999908],[394480.89989999682,141803.43530000001],[394481.79309999943,141801.45809999853],[394485.25680000335,141793.80990000069],[394515.5476000011,141726.97569999844],[394525.46720000356,141705.08909999952],[394531.63710000366,141691.46939999983],[394536.77809999883,141680.12519999966],[394537.68159999698,141678.14919999987],[394580.32349999994,141583.45949999988],[394584.43020000309,141574.34459999949],[394588.62309999764,141565.08819999918],[394593.34080000222,141554.64339999855],[394597.63939999789,141545.13439999893],[394634.06099999696,141465.09090000018],[394635.15839999914,141462.66649999842],[394638.32609999925,141455.68939999864],[394639.04720000178,141454.10689999908],[394641.31090000272,141449.11019999906],[394644.4355000034,141442.21279999986],[394645.48610000312,141439.8916000016],[394649.21909999847,141431.6548999995],[394660.90450000018,141405.90320000052],[394678.5075000003,141367.24049999937],[394697.13499999791,141325.72419999912],[394714.54029999673,141287.61219999939],[394715.39289999753,141285.72080000117],[394720.90820000321,141273.46130000055],[394724.68639999628,141265.04520000145],[394730.27260000259,141252.60940000042],[394743.95949999988,141222.54410000145],[394755.44950000197,141197.19550000131],[394757.63799999654,141192.36740000173],[394772.47869999707,141159.62579999864],[394774.13759999722,141155.96819999814],[394779.46580000222,141144.20230000094],[394784.50580000132,141133.07220000029],[394796.28010000288,141107.07290000096],[394803.37470000237,141091.46240000054],[394814.80240000039,141066.31749999896],[394828.37280000001,141036.41420000046],[394836.66189999878,141018.14869999886],[394842.5169999972,141005.25950000063],[394845.00349999964,140999.75719999894],[394850.05669999868,140988.60020000115],[394851.50639999658,140985.40089999884],[394855.96549999714,140975.55290000141],[394872.51070000231,140939.01139999926],[394900.60830000043,140877.23460000008],[394908.1819999963,140860.6165000014],[394913.55129999667,140848.84809999913],[394918.05049999803,140838.96979999915],[394925.43180000037,140822.78069999814],[394946.22969999909,140776.3478000015],[394961.29060000181,140742.9915000014],[394980.08479999751,140701.78220000118],[394982.82840000093,140695.73649999872],[394986.33720000088,140687.98919999972],[394988.03779999912,140684.23790000007],[394992.96940000355,140673.35420000181],[395003.0869999975,140651.06760000065],[395012.12039999664,140631.26009999961],[395017.01160000265,140620.51749999821],[395017.64249999821,140619.13549999893],[395021.71119999886,140610.20650000125],[395022.56589999795,140608.3478000015],[395047.81899999827,140552.97879999876],[395055.32180000097,140536.01289999858],[395064.05990000069,140516.25670000166],[395067.50919999927,140508.45969999954],[395087.08340000361,140465.61349999905],[395089.64609999955,140459.98959999904],[395104.3526000008,140427.5971999988],[395108.26120000333,140418.99500000104],[395112.95189999789,140408.90830000117],[395114.92660000175,140404.67229999974],[395134.98990000039,140360.56709999964],[395152.12340000272,140321.99219999835],[395163.40869999677,140297.06579999998],[395166.81759999692,140289.55820000172],[395169.99549999833,140282.53299999982],[395173.7220999971,140274.31049999967],[395175.70650000125,140269.91059999913],[395191.93219999969,140234.24610000104],[395210.43580000103,140193.76830000058],[395212.98089999706,140188.19090000167],[395232.88210000098,140144.09039999917],[395239.24229999632,140130.04980000108],[395241.76070000231,140124.46350000054],[395245.03299999982,140117.23840000108],[395254.10909999907,140097.14499999955],[395275.64299999923,140049.84620000049],[395280.0775000006,140040.06850000098],[395286.07590000331,140026.82200000063],[395289.82729999721,140018.53889999911],[395294.39840000123,140008.45639999956],[395299.88490000367,139996.35429999977],[395309.86379999667,139974.27670000121],[395323.53000000119,139944.10289999843],[395341.0800999999,139905.48270000145],[395358.84089999646,139866.27109999955],[395361.25519999862,139860.96150000021],[395366.31710000336,139849.82719999924],[395370.30740000308,139841.06659999862],[395376.8180000037,139826.74920000136],[395391.35360000283,139794.46709999815],[395409.070600003,139755.49159999937],[395413.88750000298,139744.85860000178],[395418.30749999732,139735.1083999984],[395423.46700000018,139723.71959999949],[395427.2351000011,139715.40370000154],[395444.30009999871,139677.67480000108],[395445.26839999855,139675.52849999815],[395447.98020000011,139669.52459999919],[395451.74939999729,139661.18290000036],[395456.9897999987,139649.58549999818],[395460.75919999927,139641.23669999838],[395468.15559999645,139624.86080000177],[395491.5503000021,139573.76220000163],[395507.80590000004,139537.64200000092],[395512.1406000033,139528.12959999964],[395519.35170000046,139512.30730000138],[395526.73139999807,139496.12799999863],[395535.51210000366,139476.85640000179],[395553.9851000011,139436.37990000099],[395556.55619999766,139430.75109999999],[395573.26889999956,139393.8273999989],[395590.93010000139,139354.61430000141],[395595.33940000087,139344.82440000027],[395614.43069999665,139303.02160000056],[395616.71230000257,139298.02569999918],[395637.95729999989,139251.08100000024],[395654.64169999957,139213.99139999971],[395674.16330000013,139171.01570000127],[395697.80479999632,139118.9822999984],[395720.73319999874,139068.57449999824],[395721.40470000356,139067.09820000082],[395721.56949999928,139066.68320000172],[395723.88199999928,139061.2938000001],[395724.15829999745,139060.68730000034],[395726.61320000142,139055.60209999979],[395726.88620000333,139055.0645999983],[395729.69189999998,139049.80389999971],[395732.17450000346,139045.14909999818],[395734.61349999905,139039.35640000179],[395735.92390000075,139035.91649999842],[395736.34839999676,139034.91319999844],[395737.42329999804,139032.60979999974],[395738.86379999667,139029.0887000002],[395739.067900002,139028.61309999973],[395740.64599999785,139025.10599999875],[395740.82379999757,139024.72520000115],[395742.34130000323,139021.59059999883],[395744.43569999933,139016.70729999989],[395746.60119999945,139011.58909999952],[395747.98799999803,139008.31089999899],[395748.81220000237,139006.65520000085],[395749.23849999905,139005.96119999886],[395751.51410000026,139002.47190000117],[395752.34260000288,139001.09109999985],[395753.2052000016,138999.80820000172],[395754.66340000182,138997.86400000006],[395755.1726000011,138997.22239999846],[395756.05669999868,138996.25759999827],[395757.28419999778,138995.03009999916],[395758.90349999815,138993.26440000162],[395761.39079999924,138990.61050000042],[395761.72770000249,138990.26249999925],[395763.34799999744,138988.64229999855],[395764.33200000226,138987.74230000004],[395766.12089999765,138986.25140000135],[395767.89819999784,138984.67689999938],[395769.62464548042,138983.35768938554],[395771.52359999716,138982.30180000141],[395772.77700000256,138981.71939999983],[395774.43860000372,138980.94729999825],[395775.49229999632,138980.50569999963],[395779.44910000265,138979.02230000123],[395779.75789999962,138978.91180000082],[395784.52960000187,138977.26680000126],[395787.51900000125,138976.26979999989],[395787.9525000006,138976.13259999827],[395792.36259999871,138974.80959999934],[395804.85899999738,138970.18829999864],[395805.29029999673,138970.01579999924],[395811.42010000348,138967.53909999877],[395816.46549999714,138965.48360000178],[395816.99469999969,138965.27959999815],[395817.36509999633,138965.15029999986],[395821.44129999727,138963.7862999998],[395833.76389999688,138959.68989999965],[395838.06849999726,138958.31819999963],[395842.47060000151,138956.91319999844],[395843.10279999673,138956.72670000046],[395843.96670000255,138956.49230000004],[395844.71760000288,138956.26280000061],[395845.38889999688,138956.04219999909],[395846.13000000268,138955.76700000092],[395846.80129999667,138955.50800000131],[395847.2920999974,138955.29149999842],[395847.91770000011,138954.98820000142],[395848.62789999694,138954.622299999],[395849.34099999815,138954.23330000043],[395849.95560000092,138953.87590000033],[395851.5625,138952.80990000069],[395852.84669999778,138951.83669999987],[395854.17350000143,138950.70569999889],[395855.40950000286,138949.55339999869],[395856.51889999956,138948.37330000103],[395857.65579999983,138947.02870000154],[395858.68180000037,138945.68879999965],[395859.59759999812,138944.32510000095],[395860.44259999692,138942.90309999883],[395861.14249999821,138941.55059999973],[395864.94910000265,138932.64429999888],[395869.31120000035,138921.7239000015],[395886.70669999719,138877.71990000084],[395886.86389999837,138877.33720000088],[395889.74229999632,138870.09939999878],[395892.80269999802,138862.35500000045],[395905.15169999748,138831.20120000094],[395911.74769999832,138814.6015000008],[395929.62110000104,138769.621199999],[395932.61980000138,138762.06210000068],[395933.40119999647,138760.09270000085],[395933.60140000284,138759.61259999871],[395935.13270000368,138756.11259999871],[395935.3376000002,138755.66450000182],[395935.93360000104,138754.41560000181],[395936.22039999813,138753.71660000086],[395936.76030000299,138752.36679999903],[395936.95560000092,138751.90150000155],[395945.08060000092,138733.41719999909],[395945.27970000356,138732.98299999908],[395954.00710000098,138714.72940000147],[395960.5298999995,138701.18420000002],[395962.05870000273,138697.41840000078],[395963.82869999856,138690.11719999835],[395965.81740000099,138679.48319999874],[395967.65139999986,138641.78009999916],[395969.94200000167,138608.2947999984],[395972.09549999982,138577.38030000031],[395973.74930000305,138551.69849999994],[395974.21769999713,138544.32959999889],[395974.27290000021,138543.68250000104],[395975.36659999937,138533.47940000147],[395975.44619999826,138532.85920000076],[395976.78999999911,138523.87489999831],[395976.85289999843,138523.48910000175],[395976.91459999979,138523.16059999913],[395978.96100000292,138512.89750000089],[395979.50559999794,138510.01139999926],[395981.44759999961,138499.71880000085],[395981.99899999797,138497.63309999928],[395987.95189999789,138480.2826000005],[395988.36060000211,138479.24799999967],[395995.24220000207,138463.58520000055],[396043.32800000161,138357.70430000126],[396065.59290000051,138308.02199999988],[396065.93450000137,138307.31049999967],[396070.09070000052,138299.20740000159],[396105.13149999827,138220.59959999844],[396106.4782000035,138217.6286999993],[396143.63270000368,138135.67399999872],[396149.49560000002,138122.74199999869],[396182.0271999985,138051.03799999878],[396186.77380000055,138040.57220000029],[396190.30210000277,138032.78400000185],[396246.71970000118,137908.33080000058],[396250.49620000273,137899.99529999867],[396254.71230000257,137890.69949999824],[396283.73489999771,137826.59360000119],[396297.22360000014,137796.60319999978],[396297.41730000079,137796.1715000011],[396311.4571999982,137764.88269999996],[396327.32999999821,137730.04120000079],[396337.68789999932,137704.83080000058],[396337.98470000178,137704.15599999949],[396378.98690000176,137616.8311999999],[396380.26820000261,137614.08540000021],[396384.67409999669,137604.45870000124],[396411.10599999875,137546.75360000134],[396411.54429999739,137545.70949999988],[396411.69449999928,137545.36389999837],[396418.59359999746,137530.02180000022],[396419.23589999974,137528.62189999968],[396419.95889999717,137526.99549999833],[396426.49629999697,137512.41270000115],[396426.95610000193,137511.41019999981],[396452.184799999,137455.86300000176],[396460.81080000103,137436.84530000016],[396465.96949999779,137425.49610000104],[396473.34049999714,137409.28049999848],[396473.64169999957,137408.63219999894],[396508.98080000281,137330.21209999919],[396515.76510000229,137315.1585999988],[396522.76359999925,137299.66869999841],[396523.04410000145,137299.03060000017],[396526.76280000061,137290.77279999852],[396530.44629999995,137282.60970000178],[396534.09250000119,137274.42929999903],[396537.79200000316,137266.21519999951],[396541.45589999855,137258.07979999855],[396543.45260000229,137253.56300000101],[396545.18379999697,137249.80209999904],[396548.81780000031,137241.66470000148],[396551.68860000372,137235.31450000033],[396554.5353000015,137228.93310000002],[396557.40339999646,137222.58900000155],[396560.10689999908,137216.52820000052],[396560.85130000114,137214.64400000125],[396561.52220000327,137212.66719999909],[396561.93240000308,137211.29980000108],[396562.30659999698,137209.87319999933],[396562.63740000129,137208.43189999834],[396562.91830000281,137206.99240000173],[396563.17109999806,137205.42489999905],[396563.38710000366,137203.92430000007],[396563.51810000092,137202.60460000113],[396563.61029999703,137201.22170000151],[396563.66019999981,137199.70050000027],[396563.68370000273,137198.22639999911],[396563.63660000265,137196.74300000072],[396563.54850000143,137194.90630000085],[396563.53230000287,137194.36199999973],[396563.43800000101,137186.21229999885],[396563.61376862804,137183.83338182274],[396564.16443858965,137181.51241028216],[396565.07608295645,137179.30808479633],[396566.32564543752,137177.27615470288],[396567.88152349467,137175.46800930766],[396569.70436759817,137173.92937820396],[396571.74807641143,137172.69917473078],[396573.96096273436,137171.80851181998],[396576.28706071828,137171.2799151229],[396578.66754129156,137171.12675331658],[396581.04219999909,137171.35289999843]]]},"properties":{"OBJECTID":29,"ROUTEID":"11025152","FROMMEASURE":137.18980000000002,"TOMEASURE":8065.2481000000007,"ROUTENAME":"CONNECTICUT AVE NW","CORRIDORID":"11025152_2","FROMSTREET":"17TH ST NW/K ST NW Service Rd/K ST NW","TOSTREET":"CHEVY CHASE CIR NW","LENGTH_MI":4.9262578000000001,"TIER_1":0,"TIER_2":1,"TIER_3":0,"GIS_ID":"HIN_CorridorsLn_7","SE_ANNO_CAD_DATA":null,"BUFF_DIST":15,"ORIG_FID":7,"SHAPE_Length":15950.288412657785,"SHAPE_Area":238545.45352078398}},{"type":"Feature","id":30,"geometry":{"type":"Polygon","coordinates":[[[398400.8553000018,136053.7762000002],[398401.91322578443,136056.15875824506],[398402.54266310972,136058.68850119747],[398402.7245999311,136061.28901840461],[398402.45354087796,136063.88176168952],[398401.73767324263,136066.38841768514],[398400.59861968446,136068.7332732763],[398399.07078512118,136070.8455025013],[398397.20031753421,136072.66130583803],[398395.04371407675,136074.1258372576],[398392.66611458699,136075.1948608392],[398390.13933405047,136075.83608690859],[398387.53969344072,136076.0301473421],[398384.94571445725,136075.77118057758],[398382.4357477912,136075.0670086618],[398380.08560655592,136073.93890098695],[398377.96627636516,136072.42093185216],[398376.14177122439,136070.55895125531],[398374.66719999909,136068.40920000151],[398368.40670000017,136057.08339999989],[398352.02830000222,136047.13199999928],[398334.01120000333,136040.76000000164],[398307.10639999807,136040.7974999994],[398272.66730000079,136040.84549999982],[398238.49170000106,136040.79179999977],[398192.79699999839,136040.7201000005],[398172.38480000198,136040.80000000075],[398151.5474999994,136040.78009999916],[398124.85339999944,136040.95969999954],[398116.45260000229,136041.01889999956],[398100.19539999962,136041.13369999826],[398099.28360000253,136041.1398999989],[398080.89699999988,136041.13430000097],[398066.96220000088,136041.12999999896],[398040.04999999702,136041.1099999994],[398013.03249999881,136041.12999999896],[397989.0407000035,136041.21000000089],[397962.59570000321,136041.23000000045],[397940.10209999979,136041.26000000164],[397935.15749999881,136041.27809999883],[397921.26470000297,136041.32889999822],[397918.20380000025,136041.33999999985],[397906.7744999975,136041.32990000024],[397884.29999999702,136041.31010000035],[397854.95109999925,136041.50989999995],[397838.25710000098,136041.51000000164],[397828.23719999939,136041.51000000164],[397804.9245999977,136041.46999999881],[397769.54609999806,136041.56989999861],[397757.21890000254,136041.61089999974],[397751.59730000049,136041.62959999964],[397745.29789999872,136041.65439999849],[397739.43909999728,136041.67760000005],[397728.71970000118,136041.71999999881],[397719.46490000188,136041.71999999881],[397704.3022999987,136041.71999999881],[397674.26539999992,136041.80000000075],[397651.65770000219,136041.8161999993],[397646.38340000063,136041.8200000003],[397621.36339999735,136041.87999999896],[397610.27799999714,136041.88800000027],[397593.6128000021,136041.89999999851],[397581.59269999713,136042.00149999931],[397579.4504000023,136042.01960000023],[397570.09740000218,136042.07809999958],[397565.67000000179,136042.0998999998],[397562.17610000074,136042.09659999982],[397558.96670000255,136042.09349999949],[397555.33060000092,136042.08999999985],[397554.77530000359,136042.08830000088],[397541.96639999747,136042.04989999905],[397541.54060000181,136042.04870000109],[397528.05659999698,136042.01000000164],[397504.46809999645,136042.03000000119],[397477.5754000023,136042.2397999987],[397450.51919999719,136042.21999999881],[397426.11500000209,136042.20279999822],[397422.14729999751,136042.19999999925],[397400.11540000141,136042.36950000003],[397394.87640000135,136042.40980000049],[397366.02530000359,136042.51999999955],[397361.12409999967,136042.51630000025],[397339.6093999967,136042.5],[397309.2928000018,136042.48000000045],[397279.09459999949,136042.39009999856],[397249.27970000356,136042.58889999986],[397246.15230000019,136042.6603000015],[397227.92199999839,136043.07609999925],[397227.44879999757,136043.07889999822],[397226.76299999654,136043.06799999997],[397209.82970000058,136042.77089999989],[397193.21350000054,136042.80000000075],[397192.70109999925,136042.79170000181],[397164.13920000196,136041.84129999951],[397137.28059999645,136041.97989999875],[397113.88409999758,136042.07939999923],[397099.45419999957,136042.35449999943],[397080.77059999853,136042.71059999987],[397061.31939999759,136043.08130000159],[397059.82400000095,136043.10869999975],[397056.88880000263,136043.11410000175],[397031.75720000267,136043.15089999884],[397011.87099999934,136043.1799999997],[396920.15320000052,136043.1799999997],[396888.39429999888,136043.40980000049],[396853.36930000037,136043.55000000075],[396842.40860000253,136043.56359999999],[396829.9199000001,136043.57919999957],[396815.24430000037,136043.59750000015],[396813.24379999936,136043.60000000149],[396778.7248999998,136043.62000000104],[396736.07090000063,136043.6799999997],[396702.93010000139,136043.76990000159],[396661.14980000257,136043.87999999896],[396624.40479999781,136043.87999999896],[396623.87250000238,136043.87999999896],[396605.98740000278,136043.9188000001],[396574.9606000036,136044.04989999905],[396561.43729999661,136044.11989999935],[396557.31979999691,136044.12999999896],[396477.78540000319,136044.08999999985],[396471.47980000079,136044.09959999844],[396470.97150000185,136044.125],[396421.43599999696,136044.12999999896],[396392.95090000331,136044.14999999851],[396379.70570000261,136044.16000000015],[396366.04060000181,136044.16000000015],[396364.39500000328,136044.1699000001],[396249.6297999993,136044.3200000003],[396249.27709999681,136044.3200000003],[396228.19919999689,136044.32999999821],[396214.75029999763,136044.33999999985],[396151.09870000184,136044.37999999896],[396112.9205000028,136044.39999999851],[396101.48390000314,136044.41000000015],[396091.22070000321,136044.42000000179],[396069.00850000232,136044.4299999997],[395964.64050000161,136044.5],[395950.72540000081,136044.51000000164],[395940.66770000011,136044.51000000164],[395932.18259999901,136044.51999999955],[395852.15380000323,136044.55999999866],[395838.32930000126,136044.55999999866],[395786.00509999692,136044.7798999995],[395775.44060000032,136044.7463000007],[395762.13180000335,136044.70360000059],[395751.64320000261,136044.67000000179],[395746.91629999876,136044.68299999833],[395715.13610000163,136044.76960000023],[395648.32460000366,136044.00079999864],[395645.72739895701,136043.74383373049],[395643.21405244095,136043.04057401349],[395640.86064896529,136041.91231118047],[395638.73843495891,136040.39320201694],[395636.91165787057,136038.52923570582],[395635.43562115548,136036.37684156085],[395634.35501003062,136034.00118069776],[395633.70253868389,136031.47417336077],[395633.49795989203,136028.87232162451],[395633.7474670292,136026.27439338685],[395634.44350657018,136023.75903776649],[395635.56500676414,136021.4024040965],[395637.07801555633,136019.27583659597],[395638.93672844511,136017.44371451036],[395641.08487515774,136015.96150310824],[395643.45742316428,136014.87407453766],[395645.98254645854,136014.21434937642],[395648.58380000293,136014.00230000168],[395715.24859999865,136014.76979999989],[395746.83399999887,136014.68320000172],[395751.65230000019,136014.67009999976],[395762.22789999843,136014.70380000025],[395775.53660000116,136014.74650000036],[395785.98480000347,136014.7798999995],[395838.25850000232,136014.56010000035],[395852.14630000293,136014.55999999866],[395932.15739999712,136014.51999999955],[395940.64119999856,136014.51000000164],[395950.71459999681,136014.51000000164],[395964.619599998,136014.5],[396068.99159999937,136014.4299999997],[396091.19929999858,136014.42000000179],[396101.45620000362,136014.41000000015],[396112.8994999975,136014.39999999851],[396151.08139999956,136014.37999999896],[396214.72969999909,136014.33999999985],[396228.18090000004,136014.32999999821],[396249.26650000364,136014.3200000003],[396249.61020000279,136014.3200000003],[396364.29360000044,136014.17000000179],[396365.95480000228,136014.16019999981],[396379.69439999759,136014.16000000015],[396392.92909999937,136014.14999999851],[396421.42400000244,136014.12999999896],[396470.70269999653,136014.125],[396471.19709999859,136014.10000000149],[396477.7648999989,136014.08999999985],[396557.28059999645,136014.12999999896],[396561.33889999986,136014.12000000104],[396574.81949999928,136014.05020000041],[396605.89209999889,136013.91890000179],[396623.82379999757,136013.87999999896],[396624.40479999781,136013.87999999896],[396661.12849999964,136013.87999999896],[396702.8498999998,136013.77010000125],[396736.00909999758,136013.68010000139],[396778.69510000199,136013.62000000104],[396813.21630000323,136013.60000000149],[396815.20679999888,136013.59750000015],[396829.8825000003,136013.57919999957],[396842.37129999697,136013.56359999999],[396853.28760000318,136013.55000000075],[396888.23430000246,136013.41019999981],[396920.04580000043,136013.18019999936],[397011.84899999946,136013.1799999997],[397031.71320000291,136013.15089999884],[397056.84489999712,136013.11410000175],[397059.51539999992,136013.11019999906],[397060.74759999663,136013.08669999987],[397080.19900000095,136012.71599999815],[397098.8825000003,136012.35990000144],[397113.53519999981,136012.08139999956],[397137.13939999789,136011.98020000011],[397164.31130000204,136011.84010000154],[397164.84889999777,136011.84829999879],[397193.43530000001,136012.79949999973],[397209.89660000056,136012.76999999955],[397210.30600000173,136012.77459999919],[397227.28859999776,136013.07259999961],[397227.54020000249,136013.07699999958],[397245.46790000051,136012.66809999943],[397248.83879999816,136012.59209999815],[397279.04150000215,136012.39009999856],[397309.33129999787,136012.48000000045],[397339.63069999963,136012.5],[397361.14689999819,136012.51630000025],[397365.98589999974,136012.51999999955],[397394.69470000267,136012.41019999981],[397399.88459999859,136012.37029999867],[397422.0549999997,136012.20010000095],[397426.13599999994,136012.20279999822],[397450.54089999944,136012.21999999881],[397477.49229999632,136012.23999999836],[397504.3451000005,136012.03029999882],[397528.07010000199,136012.01000000164],[397541.62579999864,136012.04890000075],[397542.05359999835,136012.05009999871],[397554.86469999701,136012.08850000054],[397555.38949999958,136012.09010000154],[397558.99570000172,136012.09349999949],[397562.20530000329,136012.09659999982],[397565.62380000204,136012.10000000149],[397569.92289999872,136012.07860000059],[397579.2295999974,136012.02039999887],[397581.33900000155,136012.00250000134],[397593.47129999846,136011.90029999986],[397610.25639999658,136011.88800000027],[397621.31660000235,136011.87999999896],[397646.33659999818,136011.8200000003],[397651.63610000163,136011.8161999993],[397674.2146999985,136011.80009999871],[397704.28010000288,136011.7201000005],[397719.46490000188,136011.71999999881],[397728.65590000153,136011.71999999881],[397739.32029999793,136011.67779999971],[397745.17920000106,136011.65459999815],[397751.49279999733,136011.6297999993],[397757.11930000037,136011.6110999994],[397769.45390000194,136011.57009999827],[397804.92450000346,136011.46999999881],[397828.27570000291,136011.51000000164],[397838.25710000098,136011.51000000164],[397854.84179999679,136011.51000000164],[397884.22029999644,136011.31010000035],[397906.80099999905,136011.32990000024],[397918.17080000043,136011.33999999985],[397921.15529999882,136011.3291000016],[397935.04770000279,136011.27829999849],[397940.03249999881,136011.26009999961],[397962.56430000067,136011.23000000045],[397988.98749999702,136011.21000000089],[398012.97950000316,136011.13010000065],[398040.04999999702,136011.1099999994],[398066.97789999843,136011.12999999896],[398080.90630000085,136011.13430000097],[398099.20380000025,136011.1400000006],[398099.98409999907,136011.13450000063],[398116.24090000242,136011.0196999982],[398124.64670000225,136010.96040000021],[398151.47119999677,136010.78009999916],[398172.34610000253,136010.80000000075],[398192.76820000261,136010.71999999881],[398238.53880000114,136010.79179999977],[398272.67090000212,136010.84549999982],[398307.0645999983,136010.7974999994],[398336.56509999931,136010.7564000003],[398339.18020000309,136010.98429999873],[398341.57689999789,136011.61470000073],[398363.55730000138,136019.38870000094],[398365.99140000343,136020.51680000126],[398366.28029999882,136020.68800000101],[398387.39440000057,136033.51680000126],[398389.45323836902,136035.02105314739],[398391.22722745873,136036.85259775913],[398392.66499999911,136038.95839999989],[398400.8553000018,136053.7762000002]]]},"properties":{"OBJECTID":30,"ROUTEID":"11025352","FROMMEASURE":640.74590000000001,"TOMEASURE":3393.6157000000003,"ROUTENAME":"CONSTITUTION AVE NW","CORRIDORID":"11025352_2","FROMSTREET":"PENNSYLVANIA AVE NW","TOSTREET":"INTERSTATE 66   BN","LENGTH_MI":2.0709717200000002,"TIER_1":0,"TIER_2":0,"TIER_3":1,"GIS_ID":"HIN_CorridorsLn_8","SE_ANNO_CAD_DATA":null,"BUFF_DIST":15,"ORIG_FID":8,"SHAPE_Length":5599.7350171789485,"SHAPE_Area":83290.646228612546}},{"type":"Feature","id":31,"geometry":{"type":"Polygon","coordinates":[[[398945.7602000013,136041.86549999937],[398943.98390000314,136041.97980000079],[398930.68840000033,136042.04529999942],[398895.24059999734,136042.21990000084],[398892.62370000035,136042.22470000014],[398856.65359999985,136042.28999999911],[398856.35040000081,136042.28720000014],[398851.82360000163,136042.19979999959],[398824.24989999831,136041.66739999875],[398816.60549999774,136041.51979999989],[398808.58850000054,136041.50829999894],[398783.48770000041,136041.47239999846],[398775.27660000324,136041.46070000157],[398767.84139999747,136041.44999999925],[398764.81030000001,136041.45670000091],[398726.87489999831,136041.53959999979],[398698.73390000314,136041.16849999875],[398694.68450000137,136041.11499999836],[398679.33810000122,136041.88129999861],[398678.59000000358,136041.89999999851],[398677.51410000026,136041.86140000075],[398648.01349999756,136039.73999999836],[398646.48470000178,136039.55070000142],[398645.70660000294,136039.39220000058],[398622.20549999923,136033.95210000128],[398620.45799999684,136033.43389999866],[398619.88459999859,136033.21180000156],[398583.87110000104,136018.40569999814],[398582.0976310175,136017.53597180921],[398580.45382829377,136016.44074034342],[398578.96819999814,136015.13899999857],[398567.67610000074,136003.84690000117],[398566.07496766985,136001.95645121983],[398564.80683062278,135999.82824780713],[398563.90628038795,135997.52034169761],[398563.39788166754,135995.09568665471],[398563.29550227575,135992.62042105361],[398563.60193485988,135990.16206379572],[398564.30882072443,135987.78767256631],[398565.39687783486,135985.56201467247],[398566.83642678178,135983.54580035718],[398568.58820035961,135981.79402677936],[398570.60441467492,135980.35447783238],[398572.83007256879,135979.26642072198],[398575.2044637982,135978.5595348574],[398577.66282105603,135978.25310227327],[398580.13808665716,135978.35548166512],[398582.56274170004,135978.86388038547],[398584.87064780958,135979.76443062033],[398586.99885122228,135981.0325676674],[398588.88930000365,135982.63369999826],[398598.0569999963,135991.80139999837],[398630.16170000285,136005.00050000101],[398651.3321999982,136009.9010999985],[398678.75500000268,136011.87310000136],[398693.66189999878,136011.1286999993],[398694.50919999927,136011.11070000008],[398699.1305000037,136011.17110000178],[398727.01099999994,136011.53970000148],[398764.74440000206,136011.45670000091],[398767.82620000094,136011.44999999925],[398775.31949999928,136011.46070000157],[398783.53059999645,136011.47239999846],[398808.63149999827,136011.50829999894],[398816.91560000181,136011.5214000009],[398824.82909999788,136011.67300000042],[398852.4028000012,136012.20540000126],[398856.76979999989,136012.28970000148],[398892.56930000335,136012.22470000014],[398895.15320000052,136012.21999999881],[398930.54060000181,136012.04569999874],[398942.94399999827,136011.98460000008],[398956.1622999981,136010.34160000086],[398958.01250000298,136010.22709999979],[398958.3599999994,136010.23110000044],[399000.17620000243,136011.19999999925],[399055.01250000298,136011.21000000089],[399069.8599999994,136011.19000000134],[399085.0244999975,136011.17000000179],[399094.59690000117,136011.14999999851],[399114.57249999791,136011.12999999896],[399115.78999999911,136011.12999999896],[399116.10450000316,136011.12999999896],[399133.01889999956,136011.1400000006],[399139.55569999665,136011.1400000006],[399152.86869999766,136011.14999999851],[399177.53289999813,136011.16039999947],[399187.12919999659,136011.24949999899],[399192.3180000037,136011.21049999818],[399194.66350000352,136011.183699999],[399199.79879999906,136010.96420000121],[399206.06689999998,136010.68730000034],[399209.76539999992,136010.49109999835],[399212.24168747757,136010.56459984492],[399214.67210381338,136011.04468143586],[399216.99035336688,136011.91824935365],[399219.13320012507,136013.16147486426],[399221.04219262174,136014.74044590481],[399222.66525834642,136016.61209211944],[399223.95812415116,136018.72535971022],[399224.88552391093,136021.02260405614],[399225.42216049437,136023.44116211348],[399225.55339580623,136025.91506170566],[399225.2756500775,136028.37682107845],[399224.59649951255,136030.75928963217],[399223.53446962946,136032.99747962115],[399222.11852993042,136035.03033885584],[399220.38730368664,136036.80241605279],[399218.38801439258,136038.26537340632],[399216.17519762833,136039.37930512187],[399213.8092134656,136040.113825946],[399211.3545999974,136040.44889999926],[399207.51820000261,136040.6521999985],[399201.10130000114,136040.93589999899],[399195.71069999784,136041.16629999876],[399195.24170000106,136041.1790000014],[399192.59220000356,136041.20930000022],[399187.11100000143,136041.24960000068],[399177.39280000329,136041.16000000015],[399152.85130000114,136041.14999999851],[399139.53869999945,136041.1400000006],[399133.00559999794,136041.1400000006],[399115.94060000032,136041.12999999896],[399114.59499999881,136041.12999999896],[399094.64320000261,136041.14999999851],[399085.07559999824,136041.17000000179],[399069.89999999851,136041.19000000134],[399055.03580000252,136041.21000000089],[398999.997299999,136041.19999999925],[398999.65250000358,136041.1959999986],[398958.76810000092,136040.24870000035],[398945.7602000013,136041.86549999937]]]},"properties":{"OBJECTID":31,"ROUTEID":"11025352","FROMMEASURE":0,"TOMEASURE":640.74490000000003,"ROUTENAME":"CONSTITUTION AVE NW","CORRIDORID":"11025352_1","FROMSTREET":"CONSTITUTION AVE NE/Driveway-58017012","TOSTREET":"PENNSYLVANIA AVE NW","LENGTH_MI":0.39813959999999998,"TIER_1":0,"TIER_2":0,"TIER_3":1,"GIS_ID":"HIN_CorridorsLn_9","SE_ANNO_CAD_DATA":null,"BUFF_DIST":15,"ORIG_FID":9,"SHAPE_Length":1375.635493744152,"SHAPE_Area":19928.30231966158}},{"type":"Feature","id":32,"geometry":{"type":"Polygon","coordinates":[[[395630.29020000249,136038.47989999875],[395612.37240000069,136038.68250000104],[395599.22140000015,136039.83729999885],[395597.19759999961,136040.03139999881],[395592.49430000037,136040.5476000011],[395587.81989999861,136041.13780000061],[395583.13830000162,136041.79710000008],[395578.51169999689,136042.52560000122],[395573.86999999732,136043.34360000119],[395569.22569999844,136044.2322999984],[395564.61299999803,136045.18340000138],[395559.90630000085,136046.24560000002],[395536.64829999954,136051.44150000066],[395511.96850000322,136057.87240000069],[395484.50869999826,136065.5289000012],[395484.15160000324,136065.62370000035],[395454.54789999872,136073.09899999946],[395442.59860000014,136076.30020000041],[395424.38289999962,136081.17489999905],[395410.38579999655,136084.72549999878],[395390.87550000101,136089.67370000109],[395386.28850000352,136090.83700000122],[395380.51910000294,136092.27569999918],[395358.94340000302,136097.65579999983],[395343.91449999809,136101.64999999851],[395322.8927000016,136107.23680000007],[395322.52470000088,136107.32959999889],[395294.72100000083,136113.97049999982],[395292.21649999917,136115.57360000163],[395291.63000000268,136115.93039999902],[395289.62870000303,136116.89579999819],[395280.93039999902,136120.32299999893],[395278.55835530238,136121.03771869495],[395276.1010233562,136121.35226370583],[395273.62543381262,136121.25805505816],[395271.19911434373,136120.75766251993],[395268.88824866153,136119.86473550377],[395266.75587119767,136118.60363074642],[395264.86014768743,136117.0087479199],[395263.25278855918,136115.12359129771],[395261.97763840749,136112.99958307078],[395261.06948002643,136110.69466068328],[395260.55308562494,136108.2716964492],[395260.44254110509,136105.79678255846],[395260.74086183502,136103.33742825306],[395261.43991039781,136100.96071834979],[395262.52061855886,136098.73148334018],[395263.95350739814,136096.71053098256],[395265.69949141861,136094.95298762387],[395267.71094469755,136093.50679449568],[395269.93299999833,136092.4114000015],[395277.27319999784,136089.51929999888],[395280.34730000049,136087.55169999972],[395280.682099998,136087.33729999885],[395282.90154466347,136086.16559666715],[395285.2853000015,136085.38039999828],[395315.3694999963,136078.19480000064],[395336.20910000056,136072.65639999881],[395351.45899999887,136068.60449999943],[395373.26049999893,136063.16710000113],[395378.98040000349,136061.74080000073],[395383.50039999932,136060.59439999983],[395403.01070000231,136055.64609999955],[395416.82069999725,136052.14359999821],[395434.83879999816,136047.32119999826],[395446.72730000317,136044.1361999996],[395447.11469999701,136044.03330000117],[395476.62759999931,136036.58190000057],[395504.15450000018,136028.90790000185],[395529.3377000019,136022.34470000118],[395529.84960000217,136022.22089999914],[395553.32590000331,136016.97619999945],[395558.28440000117,136015.85850000009],[395563.37590000033,136014.80820000172],[395568.48430000246,136013.83089999855],[395573.57180000097,136012.93510000035],[395578.71760000288,136012.12460000068],[395583.84459999949,136011.40239999816],[395588.98219999671,136010.75389999896],[395594.12590000033,136010.18899999931],[395596.47810000181,136009.96299999952],[395610.317900002,136008.74749999866],[395611.46040000021,136008.69099999964],[395630.10390000045,136008.48050000146],[395633.80610000342,136008.47450000048],[395636.72839999944,136008.46999999881],[395638.92330423201,136008.62974559545],[395641.07121443783,136009.10891674776],[395643.12590000033,136009.89719999954],[395654.88329999894,136015.4290000014],[395657.14317505999,136016.74410159499],[395659.14035259857,136018.43164696393],[395660.81414940761,136020.44036091445],[395662.11370803625,136022.70920971149],[395662.99954206723,136025.16925555709],[395663.44473589148,136027.74575122987],[395663.43576252472,136030.3604112406],[395662.97289461811,136032.93379049635],[395662.07019617374,136035.38769819867],[395660.7550952172,136037.64757363041],[395659.06755041127,136039.64475164475],[395657.05883693259,136041.31854902007],[395654.78998850193,136042.61810828827],[395652.32994290604,136043.50394301277],[395649.75344735873,136043.94913756335],[395647.1387873455,136043.94016493368],[395644.56540795922,136043.47729775254],[395642.11150000244,136042.57459999993],[395633.39850000292,136038.47520000115],[395630.29020000249,136038.47989999875]]]},"properties":{"OBJECTID":32,"ROUTEID":"11025352A","FROMMEASURE":0,"TOMEASURE":385.06240000000003,"ROUTENAME":"CONSTITUTION AVE NW","CORRIDORID":"11025352A_1","FROMSTREET":"23RD ST NW/CONSTITUTION AVE NW","TOSTREET":"INTERSTATE 66   BN","LENGTH_MI":0.23926621000000001,"TIER_1":0,"TIER_2":0,"TIER_3":1,"GIS_ID":"HIN_CorridorsLn_10","SE_ANNO_CAD_DATA":null,"BUFF_DIST":15,"ORIG_FID":10,"SHAPE_Length":864.20319752321359,"SHAPE_Area":12257.318189383157}},{"type":"Feature","id":33,"geometry":{"type":"Polygon","coordinates":[[[399217.61410000175,138088.875],[399220.13446939451,138089.54982953053],[399222.49977293087,138090.65119048505],[399224.63844528794,138092.14575976093],[399226.48577816266,138093.98831722845],[399227.98587810562,138096.12311392423],[399229.09335764957,138098.48555880849],[399229.77470856602,138101.00417305046],[399230.00931570027,138103.60275271325],[399229.7900807095,138106.20267440248],[399229.12363683246,138108.72527411903],[399228.03014819196,138111.09422734028],[399226.54269970366,138113.23785831736],[399224.70629604859,138115.09130871779],[399222.57649999857,138116.59849999845],[399207.52849999815,138125.39059999958],[399198.68500000238,138130.56010000035],[399198.13970000297,138130.86190000176],[399173.51470000297,138143.83069999889],[399164.76430000365,138148.43890000135],[399155.56469999999,138153.32820000127],[399152.93410000205,138154.7237999998],[399150.7282000035,138155.8916000016],[399135.00800000131,138164.24639999866],[399117.58280000091,138173.50189999864],[399100.02820000052,138183.02189999819],[399082.45019999892,138192.57990000024],[399064.89370000362,138202.17700000107],[399056.51579999924,138206.77149999887],[399047.35360000283,138211.79610000178],[399032.23470000178,138220.12000000104],[399014.02889999747,138230.14420000091],[399007.24469999969,138233.84739999846],[399006.8599999994,138234.06450000033],[398993.43079999834,138241.39909999818],[398991.83780000359,138242.26920000091],[398961.0503000021,138259.08430000022],[398952.73340000212,138263.62629999965],[398944.38239999861,138268.03049999848],[398924.35679999739,138278.57499999925],[398882.45059999824,138301.66319999844],[398881.02210000157,138302.44240000099],[398853.02759999782,138317.81940000132],[398832.66330000013,138328.98900000006],[398827.29249999672,138331.88199999928],[398820.4272999987,138335.56549999863],[398798.88199999928,138347.06430000067],[398794.47389999777,138349.53049999848],[398785.73049999774,138354.42240000144],[398775.10559999943,138360.35949999839],[398773.42080000043,138361.30240000039],[398760.88769999892,138368.02309999987],[398745.42960000038,138376.46920000017],[398705.67549999803,138398.24780000001],[398699.97060000151,138401.32669999823],[398690.75190000236,138406.32070000097],[398683.33649999648,138410.33359999955],[398680.90150000155,138411.6501000002],[398650.55279999971,138428.22019999847],[398645.17920000106,138431.22749999911],[398632.01590000093,138438.60350000113],[398611.15950000286,138449.93120000139],[398600.05020000041,138455.96460000053],[398599.65500000119,138456.17139999941],[398588.29089999944,138462.02600000054],[398555.7025000006,138480.02019999921],[398548.64989999682,138483.91699999943],[398542.47230000049,138487.33029999956],[398530.69550000131,138493.8321999982],[398527.01609999686,138495.80999999866],[398522.21320000291,138498.39620000124],[398515.1053000018,138502.22580000013],[398510.25230000168,138504.82200000063],[398504.44160000235,138507.95369999856],[398459.70690000057,138531.58619999886],[398442.79330000281,138541.00200000033],[398436.78620000184,138544.35130000114],[398432.83919999748,138546.55310000107],[398410.57779999822,138559.5784999989],[398410.17069999874,138559.80669999868],[398398.26650000364,138566.23900000006],[398377.63239999861,138577.371199999],[398365.62389999628,138583.85040000081],[398360.47600000352,138586.62929999828],[398350.74880000204,138591.88149999827],[398331.33299999684,138602.43140000105],[398311.55049999803,138613.18059999868],[398295.47240000218,138621.91340000182],[398294.35209999979,138622.55359999835],[398292.66640000045,138623.51689999923],[398281.63180000335,138629.80959999934],[398275.01789999753,138633.58269999921],[398269.43289999664,138636.76889999956],[398269.04930000007,138636.98039999977],[398264.73149999976,138639.27919999883],[398262.4504000023,138640.5036999993],[398237.65200000256,138653.74780000001],[398225.37389999628,138660.42330000177],[398223.72089999914,138661.32490000129],[398215.59499999881,138665.73809999973],[398208.48380000144,138669.60880000144],[398207.49120000005,138670.14770000055],[398207.22370000184,138670.2958999984],[398201.16019999981,138673.59160000086],[398175.54119999707,138687.40190000087],[398168.36990000308,138691.27259999886],[398163.99539999664,138693.62959999964],[398158.25299999863,138696.73090000078],[398151.77539999783,138700.22300000116],[398122.93320000172,138715.77149999887],[398120.17880000174,138717.31780000031],[398108.63780000061,138723.76379999891],[398106.37430000305,138725.03029999882],[398092.7731000036,138732.6409999989],[398086.41650000215,138736.19579999894],[398054.88939999789,138753.66950000077],[398038.18150000274,138762.92969999835],[398037.81909999996,138763.12409999967],[398026.99279999733,138768.74219999835],[398017.06260000169,138773.90230000019],[398007.01910000294,138779.11369999871],[398005.69529999793,138779.80519999936],[398003.89829999954,138780.5987999998],[397972.38620000333,138792.11400000006],[397971.26950000226,138792.52210000157],[397971.03230000287,138792.6063000001],[397942.17230000347,138802.58630000055],[397940.43259999901,138803.07279999927],[397939.93119999766,138803.18090000004],[397925.71069999784,138806.27670000121],[397923.11711691192,138806.60809091109],[397920.50539075251,138806.48407628541],[397917.95487749286,138805.90842424563],[397915.54307318298,138804.89862568662],[397913.34325927211,138803.48536282481],[397911.42227598891,138801.71157693458],[397909.83849143481,138799.63116359946],[397908.64002809924,138797.30733512211],[397907.86330068205,138794.81069985073],[397907.53190965136,138792.21711678023],[397907.65592415544,138789.60539061509],[397908.23157607642,138787.05487732857],[397909.24137452309,138784.64307297167],[397910.65463728242,138782.44325899502],[397912.42842308315,138780.52227562913],[397914.50883634452,138778.93849097815],[397916.83266476606,138777.74002753434],[397919.32930000126,138776.96330000088],[397933.21710000187,138773.94000000134],[397961.10499999672,138764.29610000178],[397962.08929999918,138763.9365000017],[397992.67710000277,138752.75910000131],[397993.16309999675,138752.50530000031],[398003.23460000008,138747.27919999883],[398013.16719999909,138742.11789999902],[398023.8180000037,138736.59079999849],[398040.34640000015,138727.43010000139],[398071.83609999716,138709.97720000148],[398078.12690000236,138706.45910000056],[398091.72580000013,138698.84970000014],[398094.00090000033,138697.57690000162],[398105.52130000293,138691.14229999855],[398108.46959999949,138689.48829999939],[398137.5393999964,138673.81590000167],[398144.00699999928,138670.32919999957],[398149.74849999696,138667.22839999944],[398154.13009999692,138664.8674999997],[398161.29890000075,138660.99810000136],[398186.87730000168,138647.20969999954],[398192.77750000358,138644.00310000032],[398193.04950000346,138643.85240000114],[398194.16269999743,138643.24769999832],[398201.2650000006,138639.38190000132],[398209.37560000271,138634.97700000182],[398211.02619999647,138634.07669999823],[398223.41250000149,138627.34259999916],[398248.29249999672,138614.05469999835],[398250.60819999874,138612.81170000136],[398254.75789999962,138610.60220000148],[398260.15209999681,138607.52490000054],[398266.76829999685,138603.75050000101],[398277.79370000213,138597.46310000122],[398279.46790000051,138596.5064000003],[398280.72789999843,138595.7864000015],[398281.01060000062,138595.62889999896],[398297.22950000316,138586.81949999928],[398317.00980000198,138576.07140000165],[398336.44579999894,138565.51060000062],[398346.22399999946,138560.23079999909],[398351.37610000372,138557.44959999993],[398363.38759999722,138550.96880000085],[398384.01359999925,138539.84099999815],[398395.68460000306,138533.5346999988],[398417.71620000154,138520.64339999855],[398418.0997999981,138520.42300000042],[398422.17689999938,138518.14889999852],[398428.18969999999,138514.79639999941],[398445.09650000185,138505.38399999961],[398445.56390000135,138505.12669999897],[398490.32050000131,138481.48490000144],[398496.05359999835,138478.39490000159],[398500.90460000187,138475.79960000142],[398507.98690000176,138471.98380000144],[398512.80399999768,138469.3900000006],[398516.34109999985,138467.48919999972],[398527.96769999713,138461.06969999894],[398534.14130000025,138457.6585999988],[398541.19759999961,138453.75979999825],[398573.97940000147,138435.65879999846],[398574.36039999872,138435.45549999923],[398585.91380000114,138429.50319999829],[398596.84059999883,138423.5689000003],[398617.52329999954,138412.33619999886],[398630.52080000192,138405.05249999836],[398636.04320000112,138401.96249999851],[398666.57900000364,138385.28979999945],[398669.06350000203,138383.94640000165],[398676.46809999645,138379.93939999864],[398685.70570000261,138374.93530000001],[398691.34730000049,138371.89059999958],[398731.03040000051,138350.15080000088],[398746.61020000279,138341.63839999959],[398759.00050000101,138334.99540000036],[398760.4544999972,138334.18050000072],[398771.08950000256,138328.23770000041],[398779.82609999925,138323.34959999844],[398784.49679999799,138320.73809999973],[398806.28010000288,138309.11059999838],[398813.0876000002,138305.45809999853],[398818.33860000223,138302.6297999993],[398838.5923999995,138291.52059999853],[398866.60779999942,138276.13219999894],[398868.01479999721,138275.36470000073],[398910.12650000304,138252.16479999945],[398930.39769999683,138241.48950000107],[398938.54680000246,138237.19269999862],[398946.66969999671,138232.75569999963],[398977.45740000159,138215.94040000066],[398979.05039999634,138215.07030000165],[398992.42409999669,138207.76339999959],[398992.8171999976,138207.54160000011],[398999.60100000352,138203.8414000012],[399017.76539999992,138193.83999999985],[399032.90649999678,138185.50389999896],[399042.09049999714,138180.46730000153],[399050.48629999906,138175.86309999973],[399068.08990000188,138166.24020000175],[399085.71190000325,138156.65810000151],[399103.38639999926,138147.07349999994],[399120.93129999936,138137.75400000066],[399136.67109999806,138129.3889000006],[399138.88589999825,138128.21629999951],[399141.49539999664,138126.83190000057],[399150.73560000211,138121.92119999975],[399159.53549999744,138117.28680000082],[399183.86739999801,138104.47239999846],[399192.39150000364,138099.48950000107],[399207.47590000182,138090.67619999871],[399209.36158547818,138089.75102692918],[399211.35801864712,138089.09833287654],[399213.42605155747,138088.73091648353],[399215.52513226273,138088.65598239854],[399217.61410000175,138088.875]]]},"properties":{"OBJECTID":33,"ROUTEID":"11036722","FROMMEASURE":0,"TOMEASURE":1465.595,"ROUTENAME":"FLORIDA AVE NW","CORRIDORID":"11036722_1","FROMSTREET":"FLORIDA AVE NE/NORTH CAPITOL ST BN","TOSTREET":"U ST NW/9TH ST NW","LENGTH_MI":0.91067680000000006,"TIER_1":1,"TIER_2":0,"TIER_3":0,"GIS_ID":"HIN_CorridorsLn_11","SE_ANNO_CAD_DATA":null,"BUFF_DIST":15,"ORIG_FID":11,"SHAPE_Length":3025.4297918090988,"SHAPE_Area":44674.496991496599}},{"type":"Feature","id":34,"geometry":{"type":"Polygon","coordinates":[[[398103.92469999939,138695.89790000021],[398106.17697100103,138696.4781153645],[398108.31247317058,138697.39953004723],[398110.27986486268,138698.63999143869],[398112.0318461362,138700.1696764229],[398113.5262959376,138701.95180838348],[398114.72728477308,138703.94354138535],[398115.60593852407,138706.09699027485],[398116.14113263728,138708.36038193229],[398116.3200000003,138710.67929999903],[398116.29999999702,138726.83480000123],[398116.28999999911,138731.69029999897],[398116.25999999791,138778.70329999924],[398116.2248999998,138792.98669999838],[398116.06000000238,138860.00690000132],[398116.06000000238,138863.01000000164],[398116.06000000238,138876.98000000045],[398116.06000000238,138890.87999999896],[398116.06000000238,138900.77409999818],[398115.95000000298,138935.06839999929],[398115.92000000179,138970.21860000119],[398115.90999999642,139005.27430000156],[398115.90999999642,139013.6400000006],[398115.90999999642,139024.05000000075],[398115.90999999642,139026.82519999892],[398115.76900000125,139068.63340000063],[398115.27470000088,139099.96449999884],[398114.78119999915,139114.43259999901],[398114.73480000347,139115.20600000024],[398114.59070000052,139116.88080000132],[398113.82509999722,139125.9224999994],[398113.76519999653,139126.61089999974],[398113.03599999845,139135.18160000071],[398113.00720000267,139135.48680000007],[398112.88009999692,139137.02230000123],[398112.83500000089,139137.48550000042],[398109.58669999987,139166.21059999987],[398105.34000000358,139204.45080000162],[398103.12449999899,139224.76920000091],[398102.96660000086,139226.27910000086],[398102.12520000339,139234.13259999827],[398101.24580000341,139242.39699999988],[398101.08299999684,139243.91959999874],[398097.59399999678,139272.59019999951],[398094.01550000161,139303.37099999934],[398092.28989999741,139319.14629999921],[398091.18999999762,139329.20109999925],[398085.83799999952,139377.52919999883],[398085.66589999944,139379.06819999963],[398084.75389999896,139387.11560000107],[398080.82360000163,139421.52809999883],[398071.70489999652,139501.7564000003],[398065.32180000097,139558.43549999967],[398062.80910000205,139582.50580000132],[398061.85949999839,139591.62269999832],[398061.04900000244,139599.41690000147],[398059.60010000318,139613.24830000103],[398057.69370000064,139629.82470000163],[398055.15129999816,139651.92799999937],[398054.11140000075,139660.92700000107],[398053.18190000206,139669.06280000135],[398051.67419999838,139682.10229999945],[398050.58479999751,139691.75719999894],[398049.60450000316,139700.39029999822],[398048.60469999909,139709.21810000017],[398042.91409999877,139759.46350000054],[398042.69749999791,139761.36410000175],[398041.90699999779,139768.47769999877],[398041.16610000283,139775.05579999834],[398038.3471999988,139800.2864000015],[398037.32729999721,139809.40540000051],[398036.5474999994,139816.3936999999],[398034.81570000201,139831.90909999982],[398032.01389999688,139856.55510000139],[398031.11439999938,139864.46059999987],[398029.57400000095,139878.08460000157],[398028.78419999778,139884.9924999997],[398028.48489999771,139887.64629999921],[398026.78379999846,139902.63630000129],[398025.07360000163,139917.61800000072],[398024.39419999719,139923.59340000153],[398023.71339999884,139929.59019999951],[398022.48309999704,139940.32229999825],[398021.03390000015,139953.05570000038],[398019.58389999717,139965.80519999936],[398019.15420000255,139969.58280000091],[398018.72389999777,139973.37519999966],[398017.9824000001,139979.87819999829],[398017.11249999702,139987.42740000039],[398016.25400000066,139994.9646999985],[398015.20409999788,140004.21350000054],[398014.43240000308,140010.99870000035],[398013.97269999981,140014.97580000013],[398013.52340000123,140018.940200001],[398012.35649999976,140029.10240000114],[398011.8451000005,140033.66519999877],[398011.32320000231,140038.24109999835],[398009.22299999744,140056.62269999832],[398007.12259999663,140075.00670000166],[398005.01370000094,140093.37649999931],[398001.94520000368,140120.57400000095],[398000.76539999992,140131.00180000067],[397999.70470000058,140140.42839999869],[397999.18800000101,140144.95879999921],[397993.71609999985,140195.10539999977],[397992.95069999993,140201.7228000015],[397989.86069999635,140228.46319999918],[397988.58039999753,140239.52580000088],[397987.2907000035,140250.65320000052],[397987.02260000259,140252.97619999945],[397982.06430000067,140296.62180000171],[397981.24440000206,140303.85110000148],[397980.39599999785,140311.32209999859],[397980.31769999862,140311.96119999886],[397976.52740000188,140345.93439999968],[397975.51730000228,140354.97480000183],[397973.8478000015,140369.9310999997],[397972.75699999928,140379.73809999973],[397971.90389999747,140387.31529999897],[397965.86760000139,140439.84290000051],[397964.25419999659,140454.83170000091],[397963.33150000125,140463.44359999895],[397963.2995999977,140463.76040000096],[397962.34369999915,140472.62700000033],[397958.86129999906,140504.96900000051],[397955.06870000064,140539.19220000133],[397955.01410000026,140539.62689999864],[397954.85069999844,140540.7901000008],[397953.65380000323,140549.57679999992],[397951.26829999685,140572.29419999942],[397950.30900000036,140581.45690000057],[397949.68140000105,140587.48640000075],[397946.80070000142,140612.73330000043],[397944.43789999932,140632.89779999852],[397943.38729999959,140641.8423999995],[397941.33889999986,140659.22890000045],[397940.52750000358,140666.19090000167],[397940.08169999719,140669.95279999822],[397939.88740000129,140671.59180000052],[397937.28890000284,140693.8685999997],[397936.38920000196,140701.57649999857],[397935.47829999775,140709.4039000012],[397934.66799999774,140716.28660000116],[397933.15070000291,140729.44310000166],[397932.19060000032,140737.72419999912],[397931.28069999814,140745.60310000181],[397926.07850000262,140790.53200000152],[397924.22609999776,140806.2228000015],[397922.99700000137,140816.58509999886],[397922.77120000124,140818.51460000128],[397922.53639999777,140820.52010000125],[397921.60559999943,140828.32649999857],[397920.46609999985,140837.98860000074],[397919.47749999911,140846.371199999],[397916.93860000372,140868.04140000045],[397915.87830000371,140877.13340000063],[397914.92790000141,140885.22729999945],[397912.37200000137,140907.04600000009],[397911.53679999709,140913.7798999995],[397908.29789999872,140940.18079999834],[397905.18770000339,140965.41250000149],[397903.34870000184,140980.37429999933],[397900.72879999876,141001.82290000096],[397898.77700000256,141017.72769999877],[397893.74880000204,141058.22329999879],[397892.14429999888,141071.61800000072],[397890.8647999987,141082.37379999831],[397889.65230000019,141092.54419999942],[397889.51089999825,141093.70600000024],[397888.75010000169,141100.00239999965],[397887.98089999706,141106.27629999816],[397887.22029999644,141112.5709999986],[397886.44870000333,141118.87409999967],[397885.6772999987,141125.16580000147],[397884.89729999751,141131.45580000058],[397884.12730000168,141137.73580000177],[397883.34579999745,141144.03750000149],[397882.56580000371,141150.31749999896],[397881.78620000184,141156.60429999977],[397881.40299999714,141159.69949999824],[397881.00379999727,141162.83100000024],[397880.58110000193,141165.99650000036],[397880.14119999856,141169.127700001],[397879.69439999759,141172.24529999867],[397879.23269999772,141175.3834999986],[397878.75190000236,141178.50450000167],[397878.26060000062,141181.63560000062],[397877.7444999963,141184.78379999846],[397877.20939999819,141187.92289999872],[397877.12189999968,141188.38479999825],[397876.70019999892,141190.43310000002],[397874.11860000342,141202.90060000122],[397872.44849999994,141210.97140000015],[397871.94179999828,141213.41710000113],[397867.47810000181,141236.05429999903],[397861.09309999645,141267.47949999943],[397857.90500000119,141283.36070000008],[397852.52390000224,141310.16580000147],[397852.3730000034,141310.94000000134],[397850.45229999721,141320.44370000064],[397848.59260000288,141329.63199999928],[397840.68259999901,141368.81219999865],[397839.51229999959,141374.59360000119],[397837.83160000294,141382.91079999879],[397828.78000000119,141427.7052000016],[397828.57989999652,141428.68569999933],[397826.50180000067,141438.96620000154],[397824.72110000253,141447.74980000034],[397814.48179999739,141498.2762000002],[397805.19950000197,141544.73790000007],[397802.79980000108,141556.75670000166],[397800.67949999869,141567.37819999829],[397797.60830000043,141582.74379999936],[397796.64890000224,141587.53049999848],[397793.48040000349,141603.41310000047],[397789.570600003,141623.03240000084],[397785.59570000321,141642.96680000052],[397781.88069999963,141661.29179999977],[397779.39010000229,141673.5645999983],[397777.44129999727,141683.15890000015],[397775.91960000247,141690.68699999899],[397768.65240000188,141726.26330000162],[397761.86509999633,141760.04980000108],[397757.27369999886,141782.81670000032],[397755.32259999961,141792.4822999984],[397753.5150000006,141801.41019999981],[397753.20679999888,141802.95160000026],[397752.90950000286,141804.42749999836],[397747.55399999768,141830.54160000011],[397746.13620000333,141837.45499999821],[397740.43159999698,141866.39750000089],[397735.02080000192,141893.33139999956],[397733.45729999989,141901.29850000143],[397731.61590000242,141910.61600000039],[397729.85769999772,141919.52650000155],[397729.32559999824,141922.23719999939],[397718.57119999826,141976.3284999989],[397710.49819999933,142019.78700000048],[397708.8470999971,142028.69319999963],[397707.22699999809,142037.37350000069],[397703.27000000328,142058.71189999953],[397694.03790000081,142137.61740000173],[397693.06809999794,142145.86580000073],[397692.03890000284,142154.67909999937],[397690.71790000051,142166.00129999965],[397681.20530000329,142254.92190000042],[397680.23470000178,142264.03770000115],[397679.30479999632,142272.66670000181],[397678.63270000368,142278.98640000075],[397677.72039999813,142287.24760000035],[397676.82129999995,142295.47870000079],[397675.92130000144,142303.71869999915],[397675.02229999751,142311.94979999959],[397674.13340000063,142320.17980000004],[397673.24340000004,142328.42980000004],[397672.36309999973,142336.59950000048],[397672.32370000333,142337.01669999957],[397671.47709999979,142344.87550000101],[397671.39840000123,142345.63280000165],[397670.60490000248,142353.14600000158],[397670.29500000179,142356.00539999828],[397669.74000000209,142361.33749999851],[397667.39729999751,142384.00299999863],[397665.79850000143,142398.87049999833],[397664.5578000024,142410.40850000083],[397663.8505000025,142417.24219999835],[397662.73139999807,142428.08419999853],[397661.88180000335,142436.37990000099],[397661.52740000188,142439.83210000023],[397660.47240000218,142449.58940000087],[397659.41149999946,142459.31700000167],[397658.35140000284,142469.02789999917],[397657.755400002,142474.48719999939],[397657.29140000045,142478.73779999837],[397656.23059999943,142488.45540000126],[397655.15890000015,142498.18059999868],[397654.07890000194,142507.89059999958],[397653.00879999995,142517.60139999911],[397651.9280000031,142527.30900000036],[397650.8518999964,142536.98420000076],[397650.75060000271,142537.94179999828],[397649.87359999865,142546.63230000064],[397649.06340000033,142554.59369999915],[397647.40980000049,142570.94900000095],[397644.14519999921,142601.59270000085],[397643.47590000182,142607.84659999982],[397642.84589999914,142613.8060999997],[397641.58389999717,142625.60460000113],[397641.28100000322,142628.40450000018],[397641.07129999995,142630.34250000119],[397640.71320000291,142633.65129999816],[397639.93349999934,142640.8786999993],[397638.24319999665,142656.5513000004],[397637.32249999791,142665.0577000007],[397636.4627000019,142672.96579999849],[397634.89410000294,142687.49300000072],[397631.06360000372,142723.29800000042],[397626.22439999878,142768.53040000051],[397625.98409999907,142770.76319999993],[397624.96339999884,142780.26979999989],[397624.03339999914,142788.84019999951],[397617.94449999928,142845.52380000055],[397616.05359999835,142863.12829999998],[397612.67580000311,142894.32809999958],[397611.95069999993,142901.38019999862],[397610.97980000079,142910.74940000102],[397610.10989999771,142919.10810000077],[397608.93879999965,142930.42889999971],[397606.09109999985,142957.41019999981],[397604.60710000247,142970.53139999881],[397602.89410000294,142985.67579999939],[397599.65049999952,143017.51260000095],[397599.22900000215,143021.11780000106],[397598.28079999983,143029.28290000185],[397597.32079999894,143037.62240000069],[397597.19740000367,143038.68569999933],[397594.81589999795,143061.08619999886],[397591.89559999853,143088.54089999944],[397591.57299999893,143091.57360000163],[397587.9328000024,143124.65480000153],[397586.65640000254,143136.74170000106],[397585.48589999974,143147.73600000143],[397584.40150000155,143157.94619999826],[397581.76359999925,143181.51799999923],[397579.13780000061,143206.66710000113],[397577.83889999986,143219.10779999942],[397576.72869999707,143229.74040000141],[397575.872299999,143237.91459999979],[397575.38819999993,143242.53489999846],[397574.23600000143,143253.50510000065],[397572.9048999995,143265.88569999859],[397572.01439999789,143274.25],[397570.44449999928,143288.77380000055],[397569.74700000137,143297.32770000026],[397569.13859999925,143306.01300000027],[397568.60689999908,143314.72630000114],[397568.17599999905,143323.40340000018],[397567.84170000255,143332.11549999937],[397567.59629999846,143340.80990000069],[397567.43879999965,143349.54149999842],[397567.3702000007,143358.24210000038],[397567.39959999919,143366.93299999833],[397567.50819999725,143374.52569999918],[397567.5252000019,143375.53409999982],[397567.76820000261,143382.09430000186],[397567.78760000318,143382.55900000036],[397568.03769999743,143388.83210000023],[397568.15690000355,143391.58419999853],[397568.31570000201,143395.5335999988],[397568.49440000206,143399.31480000168],[397568.62449999899,143402.25820000097],[397568.94179999828,143408.94999999925],[397569.28090000153,143415.67280000076],[397569.63759999722,143422.35970000178],[397570.01609999686,143429.07429999858],[397570.40359999985,143435.78060000017],[397570.81409999728,143442.52910000086],[397571.28540000319,143450.82039999962],[397571.76430000365,143459.08240000159],[397572.25230000168,143467.31899999827],[397572.76160000265,143475.58700000122],[397573.2798999995,143483.82970000058],[397573.80870000273,143492.08170000091],[397574.3470999971,143500.32699999958],[397574.90510000288,143508.56760000065],[397575.47389999777,143516.81960000098],[397576.05529999733,143525.1101000011],[397578.8703000024,143567.64699999988],[397583.18620000035,143639.80799999833],[397583.62179999799,143647.09090000018],[397584.37039999664,143659.05849999934],[397585.18010000139,143671.86300000176],[397585.55470000207,143677.78220000118],[397585.87470000237,143682.84189999849],[397585.9253000021,143683.79569999874],[397586.3770999983,143690.89669999853],[397587.0252000019,143700.32840000093],[397587.33820000291,143704.94409999996],[397587.72519999743,143710.64860000089],[397588.61519999802,143723.60750000179],[397589.1651000008,143731.69629999995],[397590.20750000328,143746.84409999847],[397593.76860000193,143803.43879999965],[397596.32530000061,143842.49929999933],[397597.22150000185,143855.09540000185],[397597.34120000154,143856.71209999919],[397597.91380000114,143864.88720000163],[397598.53480000049,143873.84180000052],[397598.67029999942,143875.83909999952],[397601.09210000187,143917.84380000085],[397603.70030000061,143958.87609999999],[397604.73049999774,143975.34910000116],[397605.28010000288,143983.96299999952],[397605.820600003,143992.5802000016],[397606.87389999628,144009.34589999914],[397607.5971999988,144022.43210000172],[397608.33510000259,144035.42590000108],[397609.11289999634,144048.41800000146],[397609.9002000019,144061.40399999917],[397610.72900000215,144074.41499999911],[397611.57620000094,144087.40289999917],[397612.45489999652,144100.40379999951],[397612.77419999987,144104.99410000071],[397613.35180000216,144113.37990000099],[397613.47150000185,144115.01539999992],[397614.11150000244,144124.09499999881],[397614.27970000356,144126.37139999866],[397615.22680000216,144139.35190000013],[397617.75039999932,144171.71339999884],[397619.58640000224,144198.99529999867],[397621.38579999655,144225.85750000179],[397622.19150000066,144237.17650000006],[397622.67130000144,144244.35249999911],[397622.82150000334,144245.88569999859],[397622.87889999896,144246.95870000124],[397623.52220000327,144255.71590000018],[397624.49379999936,144269.40839999914],[397628.19550000131,144323.63289999962],[397631.05189999938,144365.84149999917],[397631.67679999769,144374.10179999843],[397633.22680000216,144394.36239999905],[397633.76720000058,144401.50879999995],[397634.20660000294,144407.31929999962],[397635.07609999925,144418.62339999899],[397635.8852000013,144429.22679999843],[397636.07829999924,144432.48039999977],[397639.67230000347,144481.809799999],[397640.25389999896,144488.51339999959],[397640.28230000287,144488.89799999818],[397641.79200000316,144513.68250000104],[397642.38180000335,144523.25],[397642.991899997,144533.21150000021],[397643.64599999785,144543.85610000044],[397644.26889999956,144552.23950000107],[397644.97869999707,144561.80669999868],[397645.68869999796,144571.31760000065],[397646.33609999716,144580.06689999998],[397646.86029999703,144588.79349999875],[397648.51640000194,144616.40019999817],[397651.54230000079,144656.61840000004],[397651.64689999819,144658.18340000138],[397652.22670000046,144666.90080000088],[397652.74660000205,144674.65989999846],[397654.45560000092,144700.30510000139],[397657.37110000104,144742.48990000039],[397660.72320000082,144787.1838000007],[397664.31970000267,144830.06239999831],[397664.41099999845,144831.19819999859],[397665.00990000367,144838.5251000002],[397665.63000000268,144846.07629999891],[397668.22749999911,144877.91589999944],[397671.86729999632,144920.85370000079],[397671.90929999948,144921.35759999976],[397672.29100000113,144926.03860000148],[397673.1194999963,144936.32970000058],[397673.28949999809,144938.34120000154],[397673.82079999894,144944.99670000002],[397675.20729999989,144962.04320000112],[397676.56069999933,144978.06659999862],[397678.30669999868,144998.73600000143],[397681.05160000175,145031.15819999948],[397682.06260000169,145043.09849999845],[397683.91839999706,145063.53159999847],[397685.08850000054,145076.38340000063],[397686.34860000014,145090.29439999908],[397688.40839999914,145112.95210000128],[397688.43710000068,145113.31670000032],[397690.8104000017,145149.07600000128],[397695.36640000343,145205.67130000144],[397700.9477000013,145268.32129999995],[397703.88379999995,145305.9635999985],[397704.15129999816,145309.2520999983],[397705.02120000124,145320.09149999917],[397706.04299999774,145332.64339999855],[397706.19150000066,145334.56390000135],[397709.83690000325,145377.26889999956],[397713.59679999948,145422.35720000044],[397717.78010000288,145471.23820000142],[397717.97200000286,145473.70059999824],[397718.79179999977,145483.82820000127],[397719.62219999731,145494.23290000111],[397720.80399999768,145508.94680000097],[397723.91380000114,145549.56359999999],[397723.99080000073,145550.79340000078],[397724.28480000049,145555.45430000126],[397724.58940000087,145561.25439999998],[397724.60520000011,145561.64029999822],[397724.83900000155,145567.19909999892],[397724.92090000212,145569.60830000043],[397725.04330000281,145573.05220000073],[397725.17719999701,145578.93210000172],[397725.26910000294,145584.80290000141],[397725.28949999809,145589.91770000011],[397725.29800000042,145590.43409999833],[397725.29990000278,145590.71930000186],[397725.26929999888,145596.5447999984],[397725.24859999865,145598.183699999],[397725.18729999661,145602.41829999909],[397725.05610000342,145608.21139999852],[397724.31570000201,145640.61930000037],[397723.36540000141,145678.52149999887],[397722.62579999864,145708.74689999968],[397722.58600000292,145710.46730000153],[397722.38599999994,145719.08709999919],[397722.18599999696,145727.746199999],[397721.81509999931,145743.81230000034],[397720.66499999911,145785.01999999955],[397720.31620000303,145800.33909999952],[397719.73560000211,145826.19209999964],[397718.32519999892,145880.76979999989],[397716.91470000148,145937.61030000076],[397716.89490000159,145938.3040000014],[397716.68559999764,145946.91360000148],[397716.48560000211,145955.1838000007],[397715.26579999924,146005.30680000037],[397715.25760000199,146005.65579999983],[397715.13849999756,146014.0923999995],[397715.03850000352,146021.13239999861],[397714.19849999994,146080.63199999928],[397714.07859999686,146089.1099999994],[397713.97709999979,146096.40670000017],[397713.95759999752,146097.21889999881],[397713.49319999665,146132.75840000063],[397713.23870000243,146152.2415000014],[397712.64570000023,146195.13650000095],[397712.58269999921,146197.19889999926],[397712.24260000139,146208.01269999892],[397712.11069999635,146212.1854000017],[397712.07249999791,146213.39389999956],[397711.79240000248,146222.25710000098],[397710.5223999992,146261.8889000006],[397709.80210000277,146284.50860000029],[397709.77059999853,146285.45129999891],[397709.0393999964,146304.92289999872],[397708.80110000074,146307.0625],[397708.45740000159,146319.4609999992],[397708.18817560771,146321.92370336203],[397707.51727499999,146324.30850566039],[397706.46299863816,146326.55035556181],[397705.05410449603,146328.58810111118],[397703.32902361726,146330.36615780019],[397701.3348118143,146331.83602477124],[397699.12586610572,146332.95760779723],[397696.7624409041,146333.70031294992],[397694.30900442909,146334.04388112455],[397691.83248017862,146333.97894065635],[397689.40042142634,146333.50726295591],[397687.07916854037,146332.64171418952],[397684.932039387,146331.40590432286],[397683.01760218071,146329.83354310141],[397681.38807789219,146327.96752053435],[397680.08791579353,146325.85873696441],[397679.15258099517,146323.56471463616],[397678.60758704797,146321.14802863562],[397678.46779999882,146318.67460000142],[397678.83039999753,146304.84739999846],[397679.08410000056,146302.49230000004],[397679.78890000284,146284.40289999917],[397679.8180000037,146283.53150000051],[397680.53769999743,146260.9310999997],[397681.80759999901,146221.30290000141],[397682.08749999851,146212.44619999826],[397682.12569999695,146211.23779999837],[397682.2575000003,146207.06740000099],[397682.59730000049,146196.2611999996],[397682.65320000052,146194.46249999851],[397683.24140000343,146151.8385999985],[397683.49580000341,146132.36639999971],[397683.96289999783,146096.65920000151],[397683.9824000001,146095.84079999849],[397684.08150000125,146088.69009999931],[397684.20149999857,146080.20809999853],[397685.04150000215,146020.70769999921],[397685.14150000364,146013.66770000011],[397685.26280000061,146005.09980000183],[397685.27430000156,146004.59319999814],[397686.49440000206,145954.4561999999],[397686.69439999759,145946.18640000001],[397686.90529999882,145937.51359999925],[397686.9253000021,145936.80900000036],[397688.33479999751,145880.0102000013],[397689.7444999963,145825.46000000089],[397690.32389999926,145799.66090000048],[397690.67490000278,145784.25],[397691.82509999722,145743.03819999844],[397692.19399999827,145727.05380000174],[397692.39400000125,145718.39290000126],[397692.59399999678,145709.77270000055],[397692.63430000097,145708.03319999948],[397693.37460000068,145677.77849999815],[397694.32429999858,145639.90060000122],[397695.06390000135,145607.52859999985],[397695.19250000268,145601.86190000176],[397695.25140000135,145597.77629999816],[397695.27049999684,145596.27369999886],[397695.29930000007,145590.76419999823],[397695.29110000283,145590.22230000049],[397695.27049999684,145585.10009999946],[397695.18240000308,145579.49469999969],[397695.05610000342,145573.92779999971],[397694.93909999728,145570.65190000087],[397694.86060000211,145568.33810000122],[397694.62860000134,145562.83350000158],[397694.33510000259,145557.19150000066],[397694.04930000007,145552.66660000011],[397693.98539999872,145551.63639999926],[397690.89519999921,145511.28310000151],[397689.71790000051,145496.62719999999],[397688.88819999993,145486.23180000111],[397688.06710000336,145476.08740000054],[397687.880400002,145473.69029999897],[397683.70329999924,145424.88280000165],[397679.94189999998,145379.77699999884],[397676.28949999809,145336.9860999994],[397676.13539999723,145334.99639999866],[397675.11879999936,145322.5084999986],[397674.24880000204,145311.66800000146],[397673.97739999741,145308.33109999821],[397671.05160000175,145270.81579999998],[397665.47380000353,145208.20740000159],[397660.89069999754,145151.26850000024],[397658.5148999989,145115.48470000178],[397656.47140000015,145093.00560000166],[397655.21149999648,145079.09670000151],[397654.04169999808,145066.24839999899],[397652.17750000209,145045.7210999988],[397651.15860000253,145033.68910000101],[397648.41340000182,145001.26399999857],[397646.6670999974,144980.59169999883],[397645.31130000204,144964.53929999843],[397643.91849999875,144947.41479999945],[397643.39050000161,144940.79949999973],[397643.22089999914,144938.79390000179],[397642.38899999857,144928.46139999852],[397642.01039999723,144923.8189000003],[397641.9720999971,144923.35960000008],[397638.33169999719,144880.41340000182],[397635.72999999672,144848.52369999886],[397635.1101000011,144840.9748999998],[397634.50909999758,144833.62180000171],[397634.42019999772,144832.51619999856],[397630.8172999993,144789.55779999867],[397627.44889999926,144744.64799999818],[397624.5244999975,144702.33579999954],[397622.81340000033,144676.66019999981],[397622.29339999706,144668.89919999987],[397621.71320000291,144660.17669999972],[397621.61720000207,144658.73710000142],[397618.58460000157,144618.42190000042],[397616.91409999877,144590.58989999816],[397616.40309999883,144582.0709999986],[397615.77130000293,144573.54250000045],[397615.06139999628,144564.03330000117],[397614.35119999945,144554.46059999987],[397613.7146999985,144545.88569999859],[397613.04819999635,144535.0485999994],[397612.43829999864,144525.08999999985],[397611.84809999913,144515.51749999821],[397610.34939999878,144490.91420000046],[397609.76789999753,144484.20329999924],[397606.14289999753,144434.44680000097],[397605.95350000262,144431.25030000135],[397605.16390000284,144420.91660000011],[397604.29349999875,144409.60069999844],[397603.8526000008,144403.77079999819],[397603.31350000203,144396.64209999889],[397601.76330000162,144376.37829999998],[397601.14050000161,144368.15049999952],[397601.11620000005,144367.81069999933],[397598.26449999958,144325.66710000113],[397594.56599999964,144271.48849999905],[397593.5978000015,144257.84409999847],[397593.04800000042,144249.56760000065],[397592.89859999716,144248.03429999948],[397592.84049999714,144246.96139999852],[397592.26850000024,144239.32360000163],[397591.45570000261,144227.90379999951],[397589.65370000154,144201.0047999993],[397587.82909999788,144173.88529999927],[397585.31260000169,144141.61899999902],[397584.36029999703,144128.56870000064],[397584.18900000304,144126.25019999966],[397583.5476000011,144117.15199999884],[397583.42779999971,144115.51269999892],[397582.84589999914,144107.06590000167],[397582.5252000019,144102.45630000159],[397581.64299999923,144089.40399999917],[397580.79110000283,144076.34499999881],[397579.95889999717,144063.28069999814],[397579.16719999909,144050.22210000083],[397578.38549999893,144037.16340000182],[397577.64350000024,144024.09910000116],[397576.92580000311,144011.11129999906],[397575.87950000167,143994.45980000123],[397575.33990000188,143985.85700000077],[397574.78980000317,143977.23570000008],[397573.75970000029,143960.7639000006],[397571.14760000259,143919.66750000045],[397568.72969999909,143877.72679999843],[397568.6053000018,143875.89820000157],[397567.98589999974,143866.96810000017],[397567.4178000018,143858.85429999977],[397567.29940000176,143857.25629999861],[397566.39490000159,143844.54210000113],[397563.83079999685,143805.37079999968],[397560.2723999992,143748.81650000066],[397559.2349999994,143733.74370000139],[397558.68490000069,143725.65260000154],[397557.7947999984,143712.69150000066],[397557.40699999779,143706.97430000082],[397557.09489999712,143702.37280000001],[397556.44280000031,143692.88030000031],[397555.9755000025,143685.53040000051],[397555.9245999977,143684.57250000164],[397555.61469999701,143679.67749999836],[397555.24000000209,143673.75710000098],[397554.42960000038,143660.94159999862],[397553.67809999734,143648.92599999905],[397553.2397999987,143641.59899999946],[397548.93039999902,143569.54630000144],[397546.12319999933,143527.12829999998],[397545.54619999975,143518.90040000156],[397544.9748999998,143510.61239999905],[397544.41309999675,143502.31540000066],[397543.87129999697,143494.01839999855],[397543.34019999951,143485.7303000018],[397542.81899999827,143477.44179999828],[397542.30740000308,143469.13470000029],[397541.81570000201,143460.83769999817],[397541.33470000327,143452.53959999979],[397540.86609999835,143444.29399999976],[397540.45639999956,143437.55799999833],[397540.06440000236,143430.77479999885],[397539.68259999901,143424.00169999897],[397539.32020000368,143417.20729999989],[397538.97789999843,143410.42300000042],[397538.65569999814,143403.62649999931],[397538.5252000019,143400.67590000108],[397538.34440000355,143396.84519999847],[397538.18240000308,143392.81989999861],[397538.06300000101,143390.06340000033],[397537.81239999831,143383.77919999883],[397537.79169999808,143383.2798999995],[397537.53630000353,143376.34470000118],[397537.51190000027,143374.99439999834],[397537.40079999715,143367.20270000026],[397537.3702000007,143358.1875],[397537.44150000066,143349.14559999853],[397537.60419999808,143340.12319999933],[397537.85849999636,143331.11089999974],[397538.20480000228,143322.09039999917],[397538.65320000052,143313.06120000035],[397539.20229999721,143304.05909999833],[397539.83320000023,143295.05629999936],[397540.55960000306,143286.14090000093],[397540.59690000117,143285.74799999967],[397542.18460000306,143271.05909999833],[397543.07519999892,143262.69429999962],[397544.40399999917,143250.3348999992],[397545.55189999938,143239.40509999916],[397546.03559999913,143234.78860000148],[397546.89140000194,143226.61960000172],[397548.00110000372,143215.99219999835],[397549.29999999702,143203.55169999972],[397551.93710000068,143178.29699999839],[397554.57819999754,143154.6950000003],[397555.65410000086,143144.56410000101],[397556.82370000333,143133.57840000093],[397558.10649999976,143121.43200000003],[397561.74560000002,143088.35909999907],[397562.06379999965,143085.36780000106],[397564.98409999907,143057.91380000114],[397567.38210000098,143035.36239999905],[397567.51919999719,143034.17760000005],[397568.47929999977,143025.83720000088],[397569.43100000173,143017.64220000058],[397569.82840000093,143014.25010000169],[397573.06610000134,142982.46709999815],[397574.79720000178,142967.15949999914],[397576.26749999821,142954.16149999946],[397579.10209999979,142927.3022999987],[397580.27009999752,142916.01199999824],[397581.14029999822,142907.65060000122],[397582.10930000246,142898.29980000108],[397582.84290000051,142891.16569999978],[397586.22649999708,142859.91180000082],[397588.11609999835,142842.31980000064],[397594.20669999719,142785.61989999935],[397595.13660000265,142777.05020000041],[397596.15590000153,142767.55680000037],[397596.39559999853,142765.32959999889],[397601.23380000144,142720.10669999942],[397605.06589999795,142684.28709999844],[397606.63729999959,142669.73420000076],[397607.49750000238,142661.82229999825],[397608.41679999977,142653.32880000025],[397610.10649999976,142637.6614000015],[397610.88679999858,142630.42870000005],[397611.24539999664,142627.11520000175],[397611.4550999999,142625.17709999904],[397611.75530000031,142622.40320000052],[397613.01410000026,142610.63399999961],[397613.64419999719,142604.67350000143],[397614.31480000168,142598.40740000084],[397617.57039999962,142567.84809999913],[397619.21660000086,142551.566300001],[397620.02650000155,142543.60770000145],[397620.90950000286,142534.85810000077],[397621.02759999782,142533.74210000038],[397622.11200000346,142523.99100000039],[397623.19120000303,142514.2985999994],[397624.26110000163,142504.58940000087],[397625.34109999985,142494.87939999998],[397626.40950000286,142485.18459999934],[397627.46859999746,142475.4822999984],[397627.93259999901,142471.23160000145],[397628.52859999985,142465.77219999954],[397629.58850000054,142456.06300000101],[397630.64769999683,142446.35060000047],[397631.69340000302,142436.67940000072],[397632.03819999844,142433.32019999996],[397632.88870000094,142425.01579999924],[397634.0094999969,142414.15780000016],[397634.72290000319,142407.26610000059],[397635.97049999982,142395.66299999878],[397637.56279999763,142380.85559999943],[397639.9001000002,142358.2424999997],[397640.46400000155,142352.82539999858],[397640.7752000019,142349.9541000016],[397641.56170000136,142342.50719999894],[397641.64329999685,142341.72159999982],[397642.48680000007,142333.87249999866],[397642.52669999748,142333.44920000061],[397643.41659999639,142325.21020000055],[397644.30659999698,142316.96020000055],[397645.1977000013,142308.71029999852],[397646.09870000184,142300.46130000055],[397646.99870000035,142292.22129999846],[397647.89970000088,142283.97239999846],[397648.80799999833,142275.74740000069],[397649.47519999743,142269.47329999879],[397650.40529999882,142260.8423999995],[397651.37470000237,142251.73809999973],[397660.90309999883,142162.67309999838],[397662.24120000005,142151.20100000128],[397663.27189999819,142142.37429999933],[397664.24210000038,142134.12269999832],[397673.53159999847,142054.72690000013],[397673.66969999671,142053.80020000041],[397677.7330000028,142031.88650000095],[397679.35180000216,142023.21290000156],[397681.00180000067,142014.31309999898],[397689.11020000279,141970.66770000011],[397699.89450000226,141916.42289999872],[397700.42230000347,141913.73350000009],[397702.18419999629,141904.8040000014],[397704.02269999683,141895.50160000101],[397705.59730000049,141887.4785999991],[397711.00659999996,141860.55139999837],[397716.72450000048,141831.54289999977],[397718.16560000181,141824.51460000128],[397723.50980000198,141798.45560000092],[397723.79330000281,141797.04850000143],[397724.10480000079,141795.49089999869],[397725.91679999977,141786.54080000147],[397727.86630000174,141776.88329999894],[397732.45489999652,141754.13019999862],[397739.24870000035,141720.31179999933],[397746.5204000026,141684.71310000122],[397748.03880000114,141677.20120000094],[397749.98990000039,141667.59549999982],[397752.47940000147,141655.32820000127],[397756.18370000273,141637.0560999997],[397760.1494999975,141617.16759999841],[397764.05960000306,141597.54690000042],[397767.23120000213,141581.64889999852],[397768.19169999659,141576.8563000001],[397771.26060000062,141561.50189999864],[397773.38030000031,141550.88329999894],[397775.78050000221,141538.86219999939],[397785.07479999959,141492.34109999985],[397795.31899999827,141441.79019999877],[397797.09839999676,141433.01300000027],[397799.18020000309,141422.71429999918],[397799.38009999692,141421.73479999974],[397808.42599999905,141376.96869999915],[397810.10769999772,141368.64649999887],[397811.27750000358,141362.86780000106],[397819.18739999831,141323.68800000101],[397821.04770000279,141314.49639999866],[397822.94799999893,141305.09450000152],[397823.0951000005,141304.33980000019],[397828.49180000275,141277.45609999821],[397831.68689999729,141261.54050000012],[397838.06159999967,141230.16649999842],[397842.53769999743,141207.46759999916],[397843.07159999758,141204.88870000094],[397844.74140000343,141196.81949999928],[397847.31989999861,141184.36690000072],[397847.68689999729,141182.5839000009],[397848.15500000119,141179.83850000054],[397848.63870000094,141176.88769999892],[397849.10920000076,141173.88850000128],[397849.56660000235,141170.92020000145],[397850.00500000268,141167.93899999931],[397850.43829999864,141164.91569999978],[397850.85949999839,141161.91840000078],[397851.25689999759,141158.94240000099],[397851.63549999893,141155.97190000117],[397852.01380000263,141152.91569999978],[397852.79420000315,141146.62260000035],[397853.57419999689,141140.34259999916],[397854.35279999673,141134.06430000067],[397855.12280000001,141127.78429999948],[397855.9028000012,141121.49430000037],[397856.67130000144,141115.22599999979],[397857.43969999999,141108.94909999892],[397858.19990000129,141102.6576000005],[397858.96909999847,141096.38369999826],[397859.72909999639,141090.09400000051],[397859.86770000309,141088.95589999855],[397861.07530000061,141078.82629999891],[397862.35580000281,141068.06199999899],[397863.97039999813,141054.58379999921],[397869.00299999863,141014.0522999987],[397870.95120000094,140998.17709999904],[397873.57140000165,140976.72569999844],[397875.4123999998,140961.74749999866],[397878.52220000327,140936.51920000091],[397881.7629000023,140910.10339999944],[397882.58900000155,140903.44469999894],[397885.13220000267,140881.73279999942],[397886.08229999989,140873.64139999822],[397887.14150000364,140864.55860000104],[397889.68259999901,140842.86890000105],[397890.6726000011,140834.47470000014],[397891.81440000236,140824.79360000044],[397892.74549999833,140816.98420000076],[397892.97460000217,140815.02699999884],[397893.20300000161,140813.07499999925],[397894.43400000036,140802.69729999825],[397896.28180000186,140787.04569999874],[397901.47929999977,140742.15700000152],[397902.38939999789,140734.27580000088],[397903.34929999709,140725.99700000137],[397904.87089999765,140712.80380000174],[397905.68169999868,140705.91620000079],[397906.59089999646,140698.10350000113],[397907.49109999835,140690.39149999991],[397910.09269999713,140668.08830000088],[397910.29020000249,140666.42190000042],[397910.7322999984,140662.69090000167],[397911.54190000147,140655.74430000037],[397913.59269999713,140638.3376000002],[397914.64220000058,140629.40230000019],[397916.99989999831,140609.28159999847],[397919.85840000212,140584.23180000111],[397920.47100000083,140578.34310000017],[397921.43180000037,140569.16589999944],[397923.84200000018,140546.21350000054],[397923.89720000327,140545.75549999997],[397925.13159999996,140536.69429999962],[397925.27549999952,140535.66970000044],[397929.03760000318,140501.72089999914],[397932.51640000194,140469.41299999878],[397933.45910000056,140460.67069999874],[397933.48990000039,140460.36470000073],[397934.42580000311,140451.62840000167],[397936.05219999701,140436.52109999955],[397942.09679999948,140383.91910000145],[397942.94309999794,140376.40190000087],[397944.03230000287,140366.60889999941],[397945.70269999653,140351.64519999921],[397946.7127000019,140342.60570000112],[397950.5223999992,140308.46229999885],[397950.60390000045,140307.79580000043],[397951.43569999933,140300.46889999881],[397952.25580000132,140293.23820000142],[397957.2173999995,140249.56370000169],[397957.48929999769,140247.20679999888],[397958.77960000187,140236.07429999858],[397960.05939999968,140225.01680000126],[397963.14930000156,140198.2771999985],[397963.90309999883,140191.76110000163],[397969.37259999663,140141.63670000061],[397969.89649999887,140137.04179999977],[397970.95459999889,140127.63819999993],[397972.13490000367,140117.20600000024],[397975.20629999787,140089.98380000144],[397977.31750000268,140071.59329999983],[397979.41700000316,140053.21730000153],[397981.51680000126,140034.83889999986],[397982.03499999642,140030.2947999984],[397982.54559999704,140025.73910000175],[397983.71670000255,140015.53979999945],[397984.16730000079,140011.56419999897],[397984.62810000032,140007.5773999989],[397985.39590000361,140000.82660000026],[397986.44609999657,139991.57530000061],[397987.30749999732,139984.01269999892],[397988.17759999633,139976.46180000156],[397988.91610000283,139969.98490000144],[397989.34589999914,139966.19680000097],[397989.77610000223,139962.41479999945],[397991.22619999945,139949.66440000013],[397992.67689999938,139936.91770000011],[397993.90670000017,139926.18989999965],[397994.58590000123,139920.20659999922],[397995.26640000194,139914.22199999914],[397996.97630000114,139899.24370000139],[397998.67509999871,139884.27380000055],[397998.97580000013,139881.60759999976],[397999.76640000194,139874.69269999862],[398001.30560000241,139861.07950000092],[398002.20610000193,139853.16499999911],[398005.00559999794,139828.53909999877],[398006.73260000348,139813.066300001],[398007.51269999892,139806.07470000163],[398008.53289999813,139796.95369999856],[398011.35360000283,139771.70780000091],[398012.09300000221,139765.14229999855],[398012.88409999758,139758.0223999992],[398013.10589999706,139756.07660000026],[398018.79529999942,139705.84200000018],[398019.79559999704,139697.00979999825],[398020.7752000019,139688.38300000131],[398021.86699999869,139678.70769999921],[398023.37900000066,139665.6297999993],[398024.30810000002,139657.49769999832],[398025.34860000014,139648.49340000004],[398027.89029999822,139626.39649999887],[398029.77920000255,139609.97480000183],[398031.21100000292,139596.30319999903],[398032.02059999853,139588.51729999855],[398032.97089999914,139579.39429999888],[398035.49769999832,139555.19200000167],[398041.89509999752,139498.38369999826],[398051.01650000364,139418.13199999928],[398054.94619999826,139383.72439999878],[398055.85419999808,139375.71189999953],[398056.02120000124,139374.21829999983],[398061.37009999901,139325.91789999977],[398062.46779999882,139315.88399999961],[398064.20470000058,139300.00829999894],[398067.80520000309,139269.03770000115],[398071.27639999986,139240.51839999855],[398071.41420000046,139239.22300000116],[398072.2947999984,139230.94739999995],[398073.13390000165,139223.11630000174],[398073.2949000001,139221.57699999958],[398075.52000000328,139201.16930000111],[398079.77329999954,139162.86950000003],[398082.99889999628,139134.34530000016],[398083.10989999771,139132.98770000041],[398083.14410000294,139132.62090000138],[398083.87520000339,139124.04450000077],[398083.93530000001,139123.3535999991],[398084.69940000027,139114.32930000126],[398084.81210000068,139113.01880000159],[398085.28410000354,139099.21550000086],[398085.7704000026,139068.34849999845],[398085.90999999642,139026.77939999849],[398085.90999999642,139024.05000000075],[398085.90999999642,139013.6400000006],[398085.90999999642,139005.26790000126],[398085.92000000179,138970.20149999857],[398085.95009999722,138935.01960000023],[398086.06000000238,138900.73310000077],[398086.06000000238,138890.87999999896],[398086.06000000238,138876.98000000045],[398086.06000000238,138863.01000000164],[398086.06000000238,138859.95160000026],[398086.2248999998,138792.91290000081],[398086.25999999791,138778.65680000186],[398086.28999999911,138731.64979999885],[398086.29999999702,138726.7853000015],[398086.3200000003,138710.65139999986],[398086.55078341096,138708.04879317677],[398087.22968694364,138705.52571702818],[398088.33611157583,138703.15872573297],[398089.83648660884,138701.01963760515],[398091.68528825662,138699.17335601087],[398093.8264209106,138697.67590009625],[398096.19491917046,138696.57270507654],[398098.71891899838,138695.89724365887],[398101.32183818967,138695.67001042646],[398103.92469999939,138695.89790000021]]]},"properties":{"OBJECTID":34,"ROUTEID":"11040042","FROMMEASURE":0,"TOMEASURE":7652.4874,"ROUTENAME":"GEORGIA AVE NW","CORRIDORID":"11040042_1","FROMSTREET":"7TH ST NW/FLORIDA AVE NW","TOSTREET":"CHESAPEAKE ST NW","LENGTH_MI":4.7550256900000001,"TIER_1":1,"TIER_2":0,"TIER_3":0,"GIS_ID":"HIN_CorridorsLn_12","SE_ANNO_CAD_DATA":null,"BUFF_DIST":15,"ORIG_FID":12,"SHAPE_Length":15399.192796626283,"SHAPE_Area":230280.26835821834}},{"type":"Feature","id":35,"geometry":{"type":"Polygon","coordinates":[[[398686.43020000309,136949.58029999956],[398683.67909999937,136949.83549999818],[398682.26089999825,136949.76830000058],[398681.78180000186,136949.7228000015],[398680.72779999673,136949.5848999992],[398677.35209999979,136949.02079999819],[398665.18180000037,136948.79520000145],[398662.61789999902,136948.87060000002],[398662.10980000347,136948.87680000067],[398652.4803000018,136948.7910999991],[398645.84070000052,136948.7910999991],[398645.18389999866,136948.77670000121],[398623.60300000012,136947.83089999855],[398621.65510000288,136947.61740000173],[398621.3180000037,136947.5540000014],[398610.1406000033,136945.31850000098],[398608.65739999712,136944.9422999993],[398590.50739999861,136939.3387000002],[398588.08581814007,136938.35256060099],[398585.87226655049,136936.96090009186],[398583.9340027034,136935.2060032654],[398582.32991961495,136933.14119163775],[398581.10875641386,136930.82920330547],[398580.30761743139,136928.34028668512],[398579.95084480819,136925.75006605597],[398580.04927887215,136923.13724376055],[398580.59992876183,136920.58120887986],[398581.58606330142,136918.15962504235],[398582.97771936847,136915.94607066002],[398584.73261230526,136914.00780329132],[398586.79742071393,136912.40371605926],[398589.10940659558,136911.18254821849],[398591.59832160827,136910.38140424134],[398594.18854152143,136910.02462642017],[398596.80136401439,136910.12305524084],[398599.3574000001,136910.67370000109],[398616.77570000291,136916.05139999837],[398626.06979999691,136917.91019999981],[398646.16889999807,136918.7910999991],[398652.61410000175,136918.79140000045],[398662.02350000292,136918.87510000169],[398664.65900000185,136918.7976000011],[398665.23920000345,136918.79239999875],[398679.01309999824,136919.0465000011],[398681.2071999982,136919.2490000017],[398683.36450000107,136919.60949999839],[398690.80550000072,136918.14609999955],[398693.18909999728,136917.89539999887],[398709.24769999832,136917.50230000168],[398725.88570000231,136917.2686999999],[398737.92230000347,136916.77169999853],[398761.63769999892,136915.48559999838],[398762.44789999723,136915.4635999985],[398769.69579999894,136915.4626000002],[398770.34809999913,136915.47670000046],[398772.17740000039,136915.55629999936],[398778.38019999862,136915.8487999998],[398791.16489999741,136915.62559999898],[398801.53429999948,136915.25530000031],[398810.29420000315,136913.34459999949],[398812.22970733757,136913.05306801957],[398814.18670000136,136913.01619999856],[398820.994599998,136913.33240000159],[398835.70480000228,136913.01350000128],[398836.03000000119,136913.01000000164],[398836.46450000256,136913.01630000025],[398862.39599999785,136913.76779999956],[398873.31319999695,136913.15459999815],[398876.10700000077,136913.00699999928],[398877.3967999965,136912.78680000082],[398881.04619999975,136912.16380000114],[398882.92080000043,136911.96409999952],[398884.49300000072,136911.89600000158],[398890.54110000283,136911.63399999961],[398891.18999999762,136911.62000000104],[398891.69169999659,136911.62840000167],[398918.60450000316,136912.52910000086],[398943.98269999772,136912.440200001],[399041.78440000117,136913.22839999944],[399051.93689999729,136913.31019999832],[399195.02610000223,136913.71000000089],[399196.37060000002,136913.71000000089],[399213.69370000064,136913.41820000112],[399216.29329444323,136913.62284949885],[399218.81816333131,136914.27462383173],[399221.1919994101,136915.35382490369],[399223.34305997845,136916.8278368148],[399225.20633511554,136918.65211158755],[399226.72551242774,136920.77151550775],[399227.85467893688,136923.1219953901],[399228.5597086745,136925.63251441054],[399228.81929404545,136928.22719899987],[399228.62558979209,136930.82763191481],[399227.98445009562,136933.35522218468],[399226.91525164928,136935.7335803085],[399225.45030805102,136937.89082691862],[399223.63389321335,136939.76176513793],[399221.52090330556,136941.28985097725],[399219.17519766686,136942.42890222254],[399216.66766883287,136943.14449416607],[399214.07410000265,136943.41499999911],[399196.62680000067,136943.70899999887],[399194.99909999967,136943.71000000089],[399051.76860000193,136943.30970000103],[399041.54249999672,136943.22740000114],[398943.92629999667,136942.440200001],[398918.40640000254,136942.53000000119],[398917.87830000371,136942.52160000056],[398891.26439999789,136941.63089999929],[398885.79110000283,136941.86789999902],[398885.16350000352,136941.89499999955],[398882.44449999928,136942.35909999907],[398880.29389999807,136942.72610000148],[398878.56120000035,136942.91910000145],[398874.95470000058,136943.10960000008],[398863.44129999727,136943.7564000003],[398862.60000000149,136943.78000000119],[398862.16550000012,136943.77369999886],[398835.97590000182,136943.01469999924],[398821.1352000013,136943.33650000021],[398820.81000000238,136943.33999999985],[398820.11400000006,136943.32380000129],[398814.76250000298,136943.07519999892],[398806.61169999838,136944.85300000012],[398806.01990000159,136944.96970000118],[398803.95049999654,136945.18800000101],[398791.96040000021,136945.61499999836],[398778.28899999708,136945.85390000045],[398777.45130000263,136945.83830000088],[398770.84359999746,136945.52659999952],[398769.37089999765,136945.4626000002],[398762.85769999772,136945.46350000054],[398739.35689999908,136946.73739999905],[398726.91870000213,136947.25149999931],[398726.51030000299,136947.26280000061],[398709.82819999754,136947.49670000002],[398695.20090000331,136947.85509999841],[398686.43020000309,136949.58029999956]]]},"properties":{"OBJECTID":35,"ROUTEID":"11042442","FROMMEASURE":0,"TOMEASURE":620.69900000000007,"ROUTENAME":"H ST NW","CORRIDORID":"11042442_1","FROMSTREET":"H ST NE/NORTH CAPITOL ST BN","TOSTREET":"MASSACHUSETTS AVE NW/4TH ST NW","LENGTH_MI":0.38564594000000002,"TIER_1":1,"TIER_2":0,"TIER_3":0,"GIS_ID":"HIN_CorridorsLn_13","SE_ANNO_CAD_DATA":null,"BUFF_DIST":15,"ORIG_FID":13,"SHAPE_Length":1335.5233435146301,"SHAPE_Area":19326.454931555796}},{"type":"Feature","id":36,"geometry":{"type":"Polygon","coordinates":[[[394882.62730000168,137209.56230000034],[394880.82010000199,137210.04069999978],[394878.64169999957,137210.91209999844],[394876.33784883842,137211.62486300629],[394873.94955214678,137211.95922836158],[394871.53853852476,137211.90655396157],[394869.16712372069,137211.46820124393],[394866.89660000056,137210.65549999848],[394865.62529999763,137210.08130000159],[394864.12789999694,137209.74859999865],[394860.14570000023,137209.35689999908],[394853.48139999807,137209.05330000073],[394833.4253000021,137209.74480000138],[394832.98669999838,137209.75349999964],[394785.70859999955,137210.00019999966],[394697.10209999979,137210.00030000135],[394615.88459999859,137209.8583999984],[394594.04020000249,137209.63340000063],[394568.36469999701,137210.07999999821],[394557.24689999968,137210.54030000046],[394554.63497790846,137210.42035315456],[394552.08356516663,137209.84867380597],[394549.67018490011,137208.84263208436],[394547.46816620172,137207.43279595609],[394545.54441607161,137205.66200243525],[394543.9573864885,137203.58405600692],[394542.7552983819,137201.26209381071],[394541.97467646858,137198.76666725703],[394541.63923947088,137196.17359836531],[394541.75917943829,137193.56167595819],[394542.33085206768,137191.01026171088],[394543.3368874336,137188.59687879492],[394544.74671776284,137186.39485638373],[394546.51750621747,137184.47110159023],[394548.59544846631,137182.88406653481],[394550.91740749677,137181.68197231332],[394553.4128319947,137180.90134382821],[394556.00590000302,137180.56590000167],[394567.30049999803,137180.09829999879],[394567.66009999812,137180.08779999986],[394593.72720000148,137179.63439999893],[394594.06549999863,137179.6325000003],[394616.0625,137179.85889999941],[394697.14140000194,137180.00030000135],[394785.62939999998,137180.00030000135],[394832.61060000211,137179.75499999896],[394853.04789999872,137179.05040000007],[394853.56480000168,137179.04149999842],[394854.24740000069,137179.05700000003],[394861.90420000255,137179.40579999983],[394862.68980000168,137179.46229999885],[394867.96559999883,137179.98119999841],[394869.10209999979,137180.13709999993],[394869.75140000135,137180.26639999822],[394873.18299999833,137181.02899999917],[394875.19990000129,137180.49509999901],[394875.7031000033,137180.371199999],[394880.36670000106,137179.30759999901],[394883.9953000024,137178.33999999985],[394885.25559999794,137178.06140000001],[394885.85660000145,137177.96790000051],[394897.80449999869,137176.35750000179],[394899.50169999897,137176.22619999945],[394964.76210000366,137174.89240000024],[395005.9747999981,137174.05000000075],[395063.5447999984,137172.87469999865],[395133.3200000003,137172.75259999931],[395208.26370000094,137172.6229000017],[395250.72940000147,137172.54610000178],[395376.17119999975,137172.33249999955],[395386.71609999985,137172.31430000067],[395388.09250000119,137172.3172999993],[395432.82310000062,137172.07770000026],[395471.30590000004,137171.82770000026],[395523.83479999751,137171.69750000164],[395540.22739999741,137171.65419999883],[395552.55919999629,137171.61769999936],[395589.87510000169,137171.88479999825],[395595.34120000154,137171.93050000072],[395710.62629999965,137171.86730000004],[395716.76669999957,137171.86410000175],[395764.81430000067,137171.83929999918],[395776.37009999901,137171.83830000088],[395953.57909999788,137171.73440000042],[395966.48990000039,137171.60979999974],[395967.08320000023,137171.60940000042],[396033.14109999686,137171.51559999958],[396084.17310000211,137171.48440000042],[396092.05579999834,137171.51570000127],[396105.61699999869,137171.56260000169],[396117.90579999983,137171.60940000042],[396119.18530000001,137171.60940000042],[396172.30929999799,137171.59380000085],[396208.70889999717,137171.45320000127],[396218.39609999955,137171.4375],[396230.20120000094,137171.39070000127],[396242.47020000219,137171.35949999839],[396244.02149999887,137171.34409999847],[396293.89790000021,137171.45309999958],[396330.13939999789,137171.48440000042],[396369.45390000194,137171.40630000085],[396370.875,137171.40630000085],[396383.90630000085,137171.40630000085],[396396.40630000085,137171.40630000085],[396398.36400000006,137171.40630000085],[396419.62759999931,137171.375],[396458.74759999663,137171.45300000161],[396509.36180000007,137171.28130000085],[396552.27409999818,137171.17190000042],[396558.34399999678,137171.15630000085],[396578.42520000041,137171.125],[396637.34329999983,137171.12000000104],[396659.63780000061,137171.10190000013],[396686.48359999806,137171.07999999821],[396737.33359999955,137171.26009999961],[396768.10429999977,137171.32999999821],[396813.99340000004,137171.30009999871],[396830.27049999684,137171.25290000066],[396869.20099999756,137171.14009999856],[396931.29200000316,137171.07999999821],[396982.15500000119,137171.14959999919],[396997.98279999942,137170.48279999942],[397000.02160000056,137170.39689999819],[397000.27030000091,137170.38639999926],[397014.58869999647,137169.78330000117],[397015.26690000296,137169.77019999921],[397064.97169999778,137170.0811999999],[397083.01850000024,137170.38100000098],[397116.5978000015,137170.93969999999],[397195.22020000219,137170.78999999911],[397225.90999999642,137170.8498999998],[397228.07829999924,137170.83370000124],[397246.05370000005,137170.70010000095],[397297.34470000118,137170.71000000089],[397372.62569999695,137170.4701000005],[397400.09480000287,137170.64339999855],[397410.64209999889,137170.71000000089],[397430.21710000187,137170.72450000048],[397464.70570000261,137170.75010000169],[397511.88509999961,137170.93980000168],[397539.39029999822,137170.75129999965],[397563.86509999633,137170.18409999833],[397564.35400000215,137170.18149999902],[397581.04079999775,137170.49469999969],[397588.75689999759,137170.64009999856],[397603.19650000334,137170.65560000017],[397626.03050000221,137170.6799999997],[397654.61460000277,137170.65049999952],[397655.09149999917,137170.6501000002],[397687.38229999691,137170.55999999866],[397702.46829999983,137170.57889999822],[397719.33150000125,137170.60000000149],[397745.52690000087,137170.5700000003],[397745.86069999635,137170.56980000064],[397793.002700001,137170.53999999911],[397796.84390000254,137170.53869999945],[397911.20430000126,137170.5],[397916.83070000261,137170.49010000005],[397919.4349006032,137170.71556723572],[397921.96041860362,137171.38970006528],[397924.33056038641,137172.49202677354],[397926.47335071833,137173.98907247619],[397928.32371845673,137175.83537566772],[397929.82547259628,137177.97486877284],[397930.93300864805,137180.34258077736],[397931.61269353318,137182.86661023428],[397931.84388693445,137185.47030872942],[397931.61956809089,137188.07460850073],[397930.94654900045,137190.60042352686],[397929.84526755696,137192.97105117046],[397928.34916690266,137195.11450144387],[397926.50367984432,137196.96568316373],[397924.36484917329,137198.46838060606],[397921.99762578739,137199.5769606363],[397919.47389629541,137200.25775847255],[397916.8703000024,137200.49010000005],[397911.23579999804,137200.5],[397796.85409999639,137200.53869999945],[397793.01730000228,137200.53999999911],[397745.87929999828,137200.56980000064],[397745.55319999903,137200.5700000003],[397719.3294999972,137200.60000000149],[397702.43079999834,137200.57889999822],[397687.38830000162,137200.55999999866],[397655.14859999716,137200.64999999851],[397654.6454000026,137200.65049999952],[397626.02979999781,137200.6799999997],[397603.1643999964,137200.65560000017],[397588.4606000036,137200.63870000094],[397580.47540000081,137200.48930000141],[397564.24650000036,137200.18340000138],[397539.84520000219,137200.74780000001],[397511.91420000046,137200.93980000168],[397464.62910000235,137200.75],[397430.19489999861,137200.72450000048],[397410.53710000217,137200.7098999992],[397399.90519999713,137200.64279999956],[397372.58410000056,137200.4701000005],[397297.375,137200.71000000089],[397246.14639999717,137200.69999999925],[397228.30179999769,137200.83289999887],[397225.97749999911,137200.8498999998],[397195.21930000186,137200.7901000008],[397116.50429999828,137200.94000000134],[397116.24040000141,137200.93789999932],[397082.51940000057,137200.37680000067],[397064.63009999692,137200.07919999957],[397015.48879999667,137199.77199999988],[397001.53410000354,137200.35979999974],[397001.2853000015,137200.37029999867],[396999.2453000024,137200.4561999999],[396983.09130000323,137201.13670000061],[396982.44979999959,137201.14999999851],[396931.28400000185,137201.07999999821],[396869.25900000334,137201.1400000006],[396830.35750000179,137201.252700001],[396814.04670000076,137201.30000000075],[396768.07190000266,137201.32999999821],[396737.24639999866,137201.26000000164],[396686.45210000128,137201.07999999821],[396659.66219999641,137201.10190000013],[396637.35679999739,137201.12000000104],[396578.44990000129,137201.125],[396558.40600000322,137201.15630000085],[396552.35090000182,137201.17190000042],[396509.45090000331,137201.28119999915],[396458.75699999928,137201.45309999958],[396419.61720000207,137201.375],[396398.38610000163,137201.40630000085],[396396.40630000085,137201.40630000085],[396383.90630000085,137201.40630000085],[396370.875,137201.40630000085],[396369.49859999865,137201.40630000085],[396330.16189999878,137201.48440000042],[396293.85209999979,137201.45309999958],[396244.12210000306,137201.34400000051],[396242.65950000286,137201.3590000011],[396230.29879999906,137201.39059999958],[396218.47940000147,137201.4375],[396208.78779999912,137201.45309999958],[396172.37489999831,137201.59380000085],[396119.18969999999,137201.60940000042],[396117.84650000185,137201.60940000042],[396105.50800000131,137201.56239999831],[396091.94420000166,137201.51550000161],[396084.12759999931,137201.48440000042],[396033.17159999907,137201.51559999958],[395967.10450000316,137201.60940000042],[395966.63549999893,137201.60940000042],[395953.73340000212,137201.73409999907],[395776.38019999862,137201.83830000088],[395764.82329999655,137201.83929999918],[395716.78220000118,137201.86410000175],[395710.64230000228,137201.86730000004],[395595.24090000242,137201.93030000106],[395589.64209999889,137201.88390000165],[395552.50509999692,137201.61760000139],[395540.31170000136,137201.65399999917],[395523.91160000116,137201.69739999995],[395471.43320000172,137201.8273999989],[395433.00219999999,137202.07719999924],[395388.12889999896,137202.3172999993],[395386.70650000125,137202.31439999864],[395376.22269999981,137202.33249999955],[395250.78199999779,137202.54610000178],[395208.31679999828,137202.6229000017],[395133.37200000137,137202.75259999931],[395063.877700001,137202.8729000017],[395006.58780000359,137204.0438000001],[394965.37510000169,137204.8861999996],[394900.96700000018,137206.20259999856],[394890.80610000342,137207.57209999859],[394887.83320000023,137208.36490000039],[394887.30340000242,137208.49590000138],[394882.62730000168,137209.56230000034]]]},"properties":{"OBJECTID":36,"ROUTEID":"11050892","FROMMEASURE":1294.8452,"TOMEASURE":4656.2759999999998,"ROUTENAME":"K ST NW","CORRIDORID":"11050892_3","FROMSTREET":"9TH ST NW","TOSTREET":"WATER ST NW/WISCONSIN AVE NW","LENGTH_MI":2.0886924699999998,"TIER_1":0,"TIER_2":0,"TIER_3":1,"GIS_ID":"HIN_CorridorsLn_14","SE_ANNO_CAD_DATA":null,"BUFF_DIST":15,"ORIG_FID":14,"SHAPE_Length":6816.6196224127534,"SHAPE_Area":101544.82882935391}},{"type":"Feature","id":37,"geometry":{"type":"Polygon","coordinates":[[[398098.86129999906,137200.3936999999],[398096.25733546447,137200.16934648191],[398093.73184156779,137199.49640786948],[398091.36149160354,137198.39531439234],[398089.21824873955,137196.89949494321],[398087.36718123505,137195.05436218588],[398085.86448698631,137192.91593383937],[398084.75578737416,137190.54913199545],[398084.07474221144,137188.02581210199],[398083.8420278405,137185.42258145145],[398084.06470940512,137182.81847340468],[398084.73602635477,137180.29254796013],[398085.83559769293,137177.92149151399],[398087.33004073857,137175.77728868273],[398089.17398461519,137173.92503686983],[398091.31144769781,137172.4209699269],[398093.67753719975,137171.31075090935],[398096.20041929977,137170.62808575877],[398098.80349999666,137170.3936999999],[398119.74080000073,137170.33999999985],[398136.75439999998,137170.33999999985],[398157.68029999733,137170.37999999896],[398180.06000000238,137170.32009999827],[398200.0401000008,137170.37339999899],[398206.22670000046,137170.3900000006],[398211.62590000033,137170.36569999903],[398226.37870000303,137170.30029999837],[398253.9653000012,137170.35990000144],[398261.41040000319,137170.33289999887],[398273.23539999872,137170.28999999911],[398286.23129999638,137170.29919999838],[398287.36810000241,137170.30000000075],[398309.1745999977,137170.23999999836],[398317.21930000186,137170.25340000167],[398339.07209999859,137170.2901000008],[398346.83389999717,137170.31030000001],[398358.19539999962,137170.33999999985],[398369.56589999795,137170.30680000037],[398385.5495999977,137170.26009999961],[398412.00060000271,137170.23000000045],[398444.14180000126,137170.26999999955],[398468.37489999831,137170.27789999917],[398474.95430000126,137170.28000000119],[398477.26389999688,137170.27529999986],[398491.06069999933,137170.24709999934],[398514.13009999692,137170.19999999925],[398546.22039999813,137170.1799999997],[398576.20049999654,137170.12000000104],[398588.11169999838,137170.09690000117],[398596.87810000032,137170.07999999821],[398606.58420000225,137170.09499999881],[398616.28610000014,137170.1101000011],[398637.72029999644,137170.1799999997],[398660.89389999956,137170.19990000129],[398670.99140000343,137170.07310000062],[398678.2555000037,137169.98189999908],[398683.39509999752,137169.9439000003],[398688.04529999942,137169.91019999981],[398688.48430000246,137169.91409999877],[398697.23920000345,137170.04419999942],[398699.57299999893,137170.07889999822],[398704.14559999853,137170.03189999983],[398715.07329999655,137169.92029999942],[398725.72929999977,137169.95120000094],[398732.05009999871,137169.96970000118],[398732.33209999651,137169.96680000052],[398737.86789999902,137169.90359999985],[398747.76110000163,137169.79080000147],[398767.92819999903,137169.62029999867],[398778.10679999739,137169.58159999922],[398791.68659999967,137169.53009999916],[398795.94579999894,137169.50400000066],[398809.65410000086,137169.42020000145],[398809.99260000139,137169.42289999872],[398821.64620000124,137169.65019999817],[398821.8919999972,137169.65069999918],[398859.98049999774,137169.71999999881],[398900.15259999782,137169.80990000069],[398924.55789999664,137169.73009999841],[398932.39490000159,137169.72210000083],[398944.2656000033,137169.71000000089],[399018.01150000095,137169.71999999881],[399025.31059999764,137169.71000000089],[399033.49700000137,137169.69999999925],[399052.82069999725,137169.69000000134],[399104.54950000346,137169.53999999911],[399149.74279999733,137169.57609999925],[399154.57370000333,137169.57999999821],[399197.59960000217,137169.41010000184],[399213.81580000371,137169.4728000015],[399216.41802884388,137169.71050497174],[399218.93952096801,137170.39619882315],[399221.30375660013,137171.50907278969],[399223.43898823066,137173.01535446109],[399225.2804179393,137174.86933267504],[399226.772163819,137177.01474471472],[399227.86895582546,137179.38648371474],[399228.537509588,137181.91257446058],[399228.75753649115,137184.51635762199],[399228.52235937375,137187.11881613522],[399227.83911516092,137189.64097313574],[399226.72853827942,137192.0062886707],[399225.22433142981,137194.14298245861],[399223.37214280985,137195.98621220706],[399221.22818082734,137197.48004138318],[399218.85750834289,137198.57913672077],[399216.3320682054,137199.2501439499],[399213.72850000113,137199.47269999981],[399197.60109999776,137199.41010000184],[399154.61580000073,137199.57999999821],[399149.71880000085,137199.57609999925],[399104.5644999966,137199.53999999911],[399052.85570000112,137199.69000000134],[399033.5231000036,137199.69999999925],[399025.34939999878,137199.71000000089],[399018.03620000184,137199.71999999881],[398944.28329999745,137199.71000000089],[398932.42539999634,137199.72210000083],[398924.6099999994,137199.73000000045],[398900.15519999713,137199.80999999866],[398859.91960000247,137199.71999999881],[398821.83659999818,137199.65069999918],[398821.32970000058,137199.64860000089],[398809.60069999844,137199.4208999984],[398796.1296999976,137199.50340000167],[398791.82450000197,137199.52980000153],[398778.22060000151,137199.58139999956],[398768.11789999902,137199.61969999969],[398748.03859999776,137199.78950000182],[398738.21029999852,137199.90159999952],[398732.65860000253,137199.96499999985],[398732.14580000192,137199.96959999949],[398725.64130000025,137199.95100000128],[398715.1670999974,137199.92020000145],[398704.45390000194,137200.03029999882],[398699.61710000038,137200.07959999889],[398699.31710000336,137200.07829999924],[398696.79349999875,137200.04080000147],[398688.09160000086,137199.91149999946],[398683.61509999633,137199.94310000166],[398678.55009999871,137199.98039999977],[398671.36829999834,137200.07070000097],[398661.03850000352,137200.19959999993],[398637.66910000145,137200.1799999997],[398616.21389999986,137200.1099999994],[398606.53779999912,137200.09499999881],[398596.88579999655,137200.07999999821],[398588.1697999984,137200.09690000117],[398576.25959999859,137200.12000000104],[398546.25970000029,137200.1799999997],[398514.17000000179,137200.19999999925],[398491.12200000137,137200.24709999934],[398477.32509999722,137200.27529999986],[398474.98860000074,137200.28000000119],[398468.36519999802,137200.27789999917],[398444.11819999665,137200.26999999955],[398411.99830000103,137200.23000000045],[398385.61050000042,137200.26000000164],[398369.65359999985,137200.30660000071],[398358.20149999857,137200.33989999816],[398346.75559999794,137200.31010000035],[398339.00789999962,137200.28999999911],[398317.16910000145,137200.25340000167],[398309.17360000312,137200.23999999836],[398287.38030000031,137200.30000000075],[398286.21029999852,137200.29919999838],[398273.27080000192,137200.28999999911],[398261.51929999888,137200.33269999921],[398253.97730000317,137200.3599999994],[398226.40890000015,137200.30040000007],[398211.75980000198,137200.36540000141],[398206.24909999967,137200.3898999989],[398199.9598999992,137200.37319999933],[398180.06009999663,137200.3200000003],[398157.67379999906,137200.37999999896],[398136.71130000055,137200.33999999985],[398119.79850000143,137200.33999999985],[398098.86129999906,137200.3936999999]]]},"properties":{"OBJECTID":37,"ROUTEID":"11050892","FROMMEASURE":0,"TOMEASURE":1114.9262000000001,"ROUTENAME":"K ST NW","CORRIDORID":"11050892_1","FROMSTREET":"K ST NE/NORTH CAPITOL ST BN","TOSTREET":"7TH ST NW","LENGTH_MI":0.69278167000000002,"TIER_1":0,"TIER_2":0,"TIER_3":1,"GIS_ID":"HIN_CorridorsLn_15","SE_ANNO_CAD_DATA":null,"BUFF_DIST":15,"ORIG_FID":15,"SHAPE_Length":2324.1002149551482,"SHAPE_Area":34154.592675640553}},{"type":"Feature","id":38,"geometry":{"type":"Polygon","coordinates":[[[398098.99580000341,137153.79659999907],[398081.44110000134,137153.64070000127],[398010.81120000035,137153.70259999856],[397918.94910000265,137152.45010000095],[397916.35332158965,137152.1877836468],[397913.84226206975,137151.479648401],[397911.49188977061,137150.34711782995],[397909.37331166986,137148.82445494217],[397907.55062216037,137146.9577256123],[397906.07896397088,137144.80340492763],[397905.00285990577,137142.42666861918],[397904.3548658744,137139.89942126797],[397904.15458596125,137137.29812094019],[397904.40807933378,137134.70146606342],[397905.10767693137,137132.18801452412],[397906.23221348127,137129.83380701696],[397907.74766782223,137127.710066548],[397909.60819216311,137125.88104368979],[397911.75749913935,137124.40207277704],[397914.13056470221,137123.31789784948],[397916.65559532342,137122.66131898836],[397919.25620000064,137122.45219999924],[398010.9701000005,137123.70300000161],[398081.5401000008,137123.64079999924],[398099.19600000232,137123.7974999994],[398101.79493855312,137124.04786693054],[398104.31108980288,137124.74511012985],[398106.66821731022,137125.86810394342],[398108.79490286688,137127.38282297147],[398110.6267103866,137129.24337299808],[398112.10813824285,137131.3933815324],[398113.19430090336,137133.76770582912],[398113.85228890914,137136.29440663749],[398114.0621659928,137138.89692787675],[398113.81757312402,137141.49641619553],[398113.12592118088,137144.01411013649],[398112.00816640869,137146.37372651638],[398110.49817547045,137148.50377171714],[398108.64169932646,137150.33970785915],[398106.49498703366,137151.82590822349],[398104.12308146514,137152.9173426764],[398101.59784858697,137153.5809420298],[398098.99580000341,137153.79659999907]]]},"properties":{"OBJECTID":38,"ROUTEID":"11050892","FROMMEASURE":1114.9272000000001,"TOMEASURE":1294.8442,"ROUTENAME":"K ST NW","CORRIDORID":"11050892_2","FROMSTREET":"7TH ST NW/MASSACHUSETTS AVE NW","TOSTREET":"9TH ST NW/NEW YORK AVE NW","LENGTH_MI":0.11179562,"TIER_1":0,"TIER_2":0,"TIER_3":1,"GIS_ID":"HIN_CorridorsLn_16","SE_ANNO_CAD_DATA":null,"BUFF_DIST":15,"ORIG_FID":16,"SHAPE_Length":454.08338905240237,"SHAPE_Area":6104.2807089197568}},{"type":"Feature","id":39,"geometry":{"type":"Polygon","coordinates":[[[396434.63340000063,137549.69709999859],[396432.90630000085,137549.79690000042],[396432.5353000015,137549.79230000079],[396411.741899997,137549.2778000012],[396409.30929999799,137549.2333999984],[396397.08879999816,137549.13919999823],[396383.96970000118,137548.90370000154],[396372.76709999889,137548.68640000001],[396345.79389999807,137548.48490000144],[396331.44950000197,137548.61580000073],[396313.34250000119,137548.78090000153],[396240.05120000243,137549.01550000161],[396231.41459999979,137549.04690000042],[396221.93230000138,137549.0625],[396172.30349999666,137548.92889999971],[396169.70000000298,137548.92190000042],[396120.72370000184,137549.09349999949],[396118.88960000128,137549.1090000011],[396105.84059999883,137549.18719999865],[396095.5530000031,137549.24980000034],[396092.47890000045,137549.26550000161],[396054.47420000285,137549.27969999984],[396050.12510000169,137549.28119999915],[396003.53970000148,137549.26559999958],[395986.24880000204,137549.21880000085],[395983.34820000082,137549.2340000011],[395980.33669999987,137549.20219999924],[395980.00599999726,137549.1950000003],[395977.16219999641,137549.10130000114],[395976.83299999684,137549.08680000156],[395973.86659999937,137548.92280000076],[395970.9002000019,137548.71189999953],[395970.57389999926,137548.68499999866],[395967.73009999841,137548.41939999908],[395967.40529999882,137548.38549999893],[395964.56149999797,137548.05730000138],[395964.21769999713,137548.01359999925],[395961.29659999907,137547.60709999874],[395958.59589999914,137547.19079999998],[395956.02769999951,137546.74219999835],[395955.75659999996,137546.69200000167],[395953.35029999912,137546.22320000082],[395951.35360000283,137545.68910000101],[395950.25990000367,137545.31410000101],[395949.97200000286,137545.21209999919],[395948.84089999646,137544.79619999975],[395947.42000000179,137544.26339999959],[395947.03400000185,137544.11250000075],[395945.55290000141,137543.50829999894],[395944.07190000266,137542.87269999832],[395943.68310000002,137542.69880000129],[395942.30460000038,137542.05840000138],[395940.79619999975,137541.33900000155],[395939.35390000045,137540.61930000037],[395938.97039999813,137540.42060000077],[395937.55830000341,137539.66120000184],[395936.0401000008,137538.80739999935],[395934.57190000266,137537.94150000066],[395933.87169999629,137537.51209999993],[395929.32840000093,137535.30849999934],[395924.07850000262,137532.76170000061],[395918.88130000234,137530.24089999869],[395913.62610000372,137527.70699999854],[395908.40420000255,137525.17430000007],[395903.20480000228,137522.66809999943],[395897.96809999645,137520.14319999889],[395892.32689999789,137517.43169999868],[395886.6406000033,137514.71350000054],[395880.93869999796,137511.9721999988],[395875.35750000179,137509.28959999979],[395874.83320000023,137509.04320000112],[395873.25230000168,137508.26819999889],[395872.0746999979,137507.76069999859],[395870.84809999913,137507.29289999977],[395869.66080000252,137506.90049999952],[395868.40150000155,137506.54949999973],[395867.14599999785,137506.25589999929],[395865.94720000029,137506.03970000148],[395864.71679999679,137505.87379999831],[395863.39150000364,137505.76859999821],[395861.98589999974,137505.70160000026],[395858.76070000231,137505.68730000034],[395854.05629999936,137505.65599999949],[395849.36879999936,137505.62469999865],[395844.69129999727,137505.59360000119],[395833.55960000306,137505.53139999881],[395822.42899999768,137505.54690000042],[395811.35540000349,137505.62420000136],[395800.27539999783,137505.78649999946],[395780.84229999781,137506.21819999814],[395776.42289999872,137506.316300001],[395776.04789999872,137506.31989999861],[395766.05799999833,137506.2639000006],[395753.18490000069,137506.19150000066],[395676.45130000263,137505.75989999995],[395664.27700000256,137505.73149999976],[395653.65200000256,137505.70659999922],[395645.18969999999,137505.68679999933],[395569.64100000262,137505.51000000164],[395551.74580000341,137505.52930000052],[395541.0196999982,137505.54089999944],[395532.55680000037,137505.55000000075],[395532.16369999945,137505.5485999994],[395389.98730000108,137505.01049999893],[395388.93360000104,137505.02840000018],[395377.50609999895,137505.22230000049],[395368.96450000256,137505.36740000173],[395368.34390000254,137505.37790000066],[395368.07360000163,137505.37999999896],[395290.66350000352,137505.21029999852],[395278.5530000031,137505.40670000017],[395278.01919999719,137505.40210000053],[395261.28450000286,137504.94280000031],[395251.06009999663,137504.66220000014],[395242.34929999709,137504.75530000031],[395231.65990000218,137504.86950000003],[395226.00659999996,137504.92960000038],[395202.65649999678,137504.94999999925],[395181.20139999688,137504.94999999925],[395166.63859999925,137504.96110000089],[395154.94590000063,137504.96999999881],[395149.52560000122,137505.01410000026],[395136.47020000219,137505.11980000138],[395111.94319999963,137505.01999999955],[395098.28000000119,137505.01999999955],[395097.63379999995,137505.00609999895],[395086.65070000291,137504.53209999949],[395075.38459999859,137503.92029999942],[395063.46819999814,137503.07840000093],[395056.0577000007,137502.71130000055],[395046.75840000063,137504.58509999886],[395046.4002000019,137504.65269999951],[395043.65600000322,137504.87929999828],[394959.47110000253,137503.31430000067],[394958.95899999887,137503.29600000009],[394950.47980000079,137502.84820000082],[394947.06400000304,137502.6678000018],[394934.49120000005,137502.59730000049],[394910.84969999641,137501.97569999844],[394891.34899999946,137501.56789999828],[394878.30529999733,137501.40469999984],[394867.75259999931,137501.2723999992],[394866.73260000348,137501.25970000029],[394858.71329999715,137501.22780000046],[394849.04829999804,137501.18809999898],[394826.68020000309,137500.70630000159],[394808.68370000273,137500.30249999836],[394789.34200000018,137499.5588000007],[394785.0046999976,137499.3916000016],[394781.80070000142,137499.41090000048],[394772.69420000166,137499.46539999917],[394766.94510000199,137499.49989999831],[394766.58910000324,137499.49680000171],[394756.85149999708,137499.2949000001],[394750.22559999675,137499.1576000005],[394729.10890000314,137498.8189000003],[394713.42440000176,137498.67779999971],[394703.04339999706,137498.44509999827],[394695.23719999939,137498.26960000023],[394692.98680000007,137498.26460000128],[394683.25779999793,137498.24300000072],[394668.36680000275,137498.2098999992],[394668.01120000333,137498.20490000024],[394647.8294999972,137497.68140000105],[394627.63530000299,137497.82970000058],[394627.36509999633,137497.82840000093],[394625.1045999974,137497.79600000009],[394603.6576000005,137497.48829999939],[394580.83879999816,137497.13850000128],[394565.96599999815,137496.94759999961],[394560.65110000223,137496.87939999998],[394551.79029999673,137496.82290000096],[394544.994599998,137496.77969999984],[394544.45220000297,137496.76639999822],[394539.63799999654,137496.5615000017],[394528.12359999865,137496.07160000131],[394498.48799999803,137495.28480000049],[394477.55590000004,137494.74570000172],[394453.41340000182,137494.1950000003],[394435.69659999758,137493.6854000017],[394414.71280000359,137493.24469999969],[394394.53970000148,137492.62620000169],[394372.6101000011,137492.25439999998],[394355.7731000036,137491.66420000046],[394354.14959999919,137491.62970000133],[394346.09179999679,137491.45850000158],[394336.08030000329,137491.24650000036],[394331.96880000085,137491.15819999948],[394328.09350000322,137491.07569999993],[394300.30600000173,137490.34499999881],[394279.26169999689,137489.83669999987],[394277.53679999709,137489.79509999976],[394271.34480000287,137489.62790000066],[394261.78339999914,137489.36980000138],[394252.92549999803,137489.12950000167],[394236.53310000151,137488.38239999861],[394207.82349999994,137487.75400000066],[394180.7546999976,137486.84209999815],[394174.07190000266,137486.60029999912],[394135.39899999648,137485.22300000116],[394124.49949999899,137484.94509999827],[394116.19839999825,137484.73539999872],[394106.72810000181,137484.50530000031],[394102.3403000012,137484.39409999922],[394075.82020000368,137483.58060000092],[394067.37789999694,137483.97370000184],[394049.04909999669,137485.88540000096],[394047.49300000072,137485.96629999951],[394046.7920999974,137485.94990000129],[394031.33049999923,137485.22659999877],[394029.96410000324,137485.0998999998],[394016.54029999673,137483.23200000077],[394009.05860000104,137482.23710000142],[394007.05900000036,137481.96730000153],[393996.70149999857,137481.83639999852],[393950.23669999838,137480.50879999995],[393942.34009999782,137480.46979999915],[393917.247299999,137480.3599999994],[393915.99130000174,137480.35920000076],[393908.2920999974,137480.24830000103],[393901.00859999657,137480.14229999855],[393898.4130000025,137480.19680000097],[393873.85000000149,137480.70630000159],[393872.2453000024,137480.7435999997],[393854.95840000361,137481.36470000073],[393837.45639999956,137482.74720000103],[393828.49610000104,137483.35940000042],[393825.65569999814,137483.58989999816],[393822.71519999951,137483.95219999924],[393819.89880000055,137484.27879999951],[393817.35970000178,137484.66349999979],[393814.57930000126,137485.11890000105],[393810.54720000178,137485.81370000169],[393806.57559999824,137486.45470000058],[393800.82129999995,137487.70569999889],[393798.22762361902,137488.03636388388],[393795.61593182129,137487.91161723013],[393793.06557948294,137487.33525039884],[393790.65405771305,137486.32477599187],[393788.45463932719,137484.91089674042],[393786.53415249154,137483.13657261897],[393784.95095018449,137481.05571552899],[393783.75313717214,137478.73155121438],[393782.9771083704,137476.23469818052],[393782.64644300455,137473.64102198838],[393782.77118816716,137471.02933011943],[393783.34755354229,137468.47897745203],[393784.35802657244,137466.06745510519],[393785.77190456813,137463.86803591205],[393787.54622759309,137461.94754806336],[393789.62708377908,137460.36434456825],[393791.95124740986,137459.16653022895],[393794.44810000062,137458.39050000161],[393800.60069999844,137457.05290000141],[393801.29079999775,137456.92009999976],[393805.61360000074,137456.22210000083],[393809.60679999739,137455.53390000015],[393812.68410000205,137455.03020000085],[393815.66409999877,137454.57809999958],[393816.18400000036,137454.50860000029],[393819.15230000019,137454.16450000182],[393822.2968999967,137453.77690000087],[393822.91910000145,137453.71330000088],[393826.25639999658,137453.44319999963],[393835.24840000272,137452.8284999989],[393852.9157000035,137451.43259999901],[393853.55860000104,137451.39570000023],[393871.35649999976,137450.75679999962],[393873.190200001,137450.7135999985],[393897.7872999981,137450.20329999924],[393900.64549999684,137450.14330000058],[393901.06930000335,137450.14079999924],[393908.72800000012,137450.25149999931],[393916.20740000159,137450.3599999994],[393917.32280000299,137450.3601000011],[393942.47999999672,137450.4701000005],[393950.56430000067,137450.51009999961],[393950.91870000213,137450.5159999989],[393997.32140000165,137451.84270000085],[394008.34839999676,137451.98119999841],[394010.1657000035,137452.11470000073],[394013.03670000285,137452.50200000033],[394020.59229999781,137453.50690000132],[394033.41899999976,137455.29149999842],[394047.06270000339,137455.92980000004],[394064.69389999658,137454.09079999849],[394065.55240000039,137454.0260999985],[394075.00249999762,137453.58610000089],[394075.70009999722,137453.56989999861],[394076.15999999642,137453.57699999958],[394103.16969999671,137454.40560000017],[394107.4721999988,137454.51449999958],[394116.94160000235,137454.74460000172],[394125.26070000231,137454.95479999855],[394136.31830000132,137455.23710000142],[394175.14819999784,137456.61960000172],[394181.80089999735,137456.86030000076],[394208.65900000185,137457.76559999958],[394237.36810000241,137458.39350000024],[394237.72420000285,137458.40549999848],[394254.01690000296,137459.14930000156],[394262.59290000051,137459.38080000132],[394272.15439999849,137459.6389000006],[394278.30309999734,137459.80490000173],[394279.98569999635,137459.84549999982],[394301.06830000132,137460.35469999909],[394328.80650000274,137461.08419999853],[394332.60960000008,137461.1651000008],[394336.71999999881,137461.25340000167],[394346.72800000012,137461.4653000012],[394354.78689999878,137461.63650000095],[394356.62280000001,137461.67619999871],[394373.39039999992,137462.26440000162],[394395.24669999629,137462.63450000063],[394415.4822999984,137463.25459999964],[394436.44309999794,137463.69469999894],[394454.18770000339,137464.20490000024],[394478.27409999818,137464.75439999998],[394499.27220000327,137465.29509999976],[394529.15799999982,137466.08949999884],[394540.91350000352,137466.5887000002],[394545.45570000261,137466.78200000152],[394551.98129999638,137466.82349999994],[394560.94420000166,137466.88080000132],[394566.35119999945,137466.94999999925],[394581.26129999757,137467.14149999991],[394604.10270000249,137467.49159999937],[394625.53480000049,137467.79899999872],[394627.63409999758,137467.8291000016],[394647.91489999741,137467.68019999936],[394648.35890000314,137467.68499999866],[394668.61150000244,137468.21029999852],[394683.32440000027,137468.24300000072],[394693.05319999903,137468.26460000128],[394695.6053000018,137468.27180000022],[394703.71769999713,137468.45270000026],[394713.89490000159,137468.68149999902],[394729.48749999702,137468.82129999995],[394750.77579999715,137469.16259999946],[394757.47330000252,137469.3013000004],[394767.01229999959,137469.49909999967],[394772.51420000196,137469.46599999815],[394781.62060000002,137469.41149999946],[394785.20489999652,137469.39009999856],[394785.82779999822,137469.40100000054],[394790.49689999968,137469.58100000024],[394809.59950000048,137470.31650000066],[394827.3396999985,137470.7135999985],[394849.43060000241,137471.19049999863],[394858.83269999921,137471.22800000012],[394866.97330000252,137471.26069999859],[394868.127700001,137471.27479999885],[394878.68100000173,137471.40709999949],[394891.85080000013,137471.57220000029],[394911.56440000236,137471.98429999873],[394934.96790000051,137472.60110000148],[394947.5821999982,137472.67009999976],[394948.29140000045,137472.69079999998],[394952.06220000237,137472.8900000006],[394960.28480000049,137473.32429999858],[395042.43739999831,137474.85269999877],[395051.96689999849,137472.93259999901],[395053.81083561038,137472.67886714381],[395055.67199999839,137472.65549999848],[395065.26919999719,137473.13259999827],[395077.25299999863,137473.97850000113],[395088.10899999738,137474.56749999896],[395098.60379999876,137475.01999999955],[395112.01070000231,137475.02010000125],[395136.42199999839,137475.11969999969],[395149.28140000254,137475.01509999856],[395154.81319999695,137474.97030000016],[395166.61580000073,137474.96110000089],[395181.18429999799,137474.94999999925],[395202.64360000193,137474.94999999925],[395225.83850000054,137474.93010000139],[395231.33950000256,137474.8713000007],[395242.02880000323,137474.75710000098],[395251.1080000028,137474.66050000116],[395251.59960000217,137474.66560000181],[395262.10750000179,137474.95399999991],[395278.51550000161,137475.40430000052],[395290.31549999863,137475.21200000122],[395290.57649999857,137475.21000000089],[395367.97879999876,137475.37970000133],[395368.45600000024,137475.37170000002],[395376.99700000137,137475.22670000046],[395388.42400000244,137475.03280000016],[395389.63490000367,137475.01220000163],[395389.91839999706,137475.01009999961],[395532.27619999647,137475.54879999906],[395532.58860000223,137475.55000000075],[395540.98730000108,137475.54089999944],[395551.71350000054,137475.52930000052],[395569.66629999876,137475.51000000164],[395645.25990000367,137475.68679999933],[395653.72230000049,137475.70659999922],[395664.3471999988,137475.73149999976],[395676.56970000267,137475.76009999961],[395753.35369999707,137476.19189999998],[395766.22670000046,137476.26429999992],[395775.96720000356,137476.31899999827],[395780.17620000243,137476.22560000047],[395799.72360000014,137475.79160000011],[395811.02530000359,137475.6259999983],[395822.31220000237,137475.54710000008],[395833.6147999987,137475.53139999881],[395844.8730000034,137475.59409999847],[395849.56880000234,137475.62530000135],[395854.25630000234,137475.65659999847],[395858.92029999942,137475.68760000169],[395862.44129999727,137475.70320000127],[395863.08889999986,137475.7201000005],[395865.05759999901,137475.81390000135],[395865.53079999983,137475.84389999881],[395867.49960000068,137476.00019999966],[395868.3172999993,137476.08779999986],[395870.28599999845,137476.35330000147],[395870.91470000148,137476.45179999992],[395872.8497999981,137476.80070000142],[395873.6032000035,137476.95659999922],[395875.5407000035,137477.4096999988],[395876.15209999681,137477.566300001],[395878.05839999765,137478.09760000184],[395878.73879999667,137478.30469999835],[395880.58250000328,137478.91409999877],[395881.11259999871,137479.10090000182],[395883.06350000203,137479.84400000051],[395883.65550000221,137480.08430000022],[395885.46809999645,137480.86549999937],[395886.14500000328,137481.17740000039],[395887.79249999672,137481.98669999838],[395888.20279999822,137482.17880000174],[395893.93630000204,137484.93400000036],[395899.6093999967,137487.66149999946],[395905.29619999975,137490.37999999896],[395910.97519999743,137493.10960000008],[395916.23269999772,137495.64460000023],[395921.46710000187,137498.16770000011],[395926.68659999967,137500.69920000061],[395931.93659999967,137503.23050000146],[395937.17159999907,137505.76960000023],[395942.42159999907,137508.31650000066],[395947.6398999989,137510.84760000184],[395948.59380000085,137511.35339999944],[395948.95549999923,137511.56909999996],[395950.05240000039,137512.24410000071],[395951.02109999955,137512.81540000066],[395952.00240000337,137513.36740000173],[395952.96450000256,137513.88360000029],[395953.95470000058,137514.3786999993],[395955.07209999859,137514.91090000048],[395956.12240000069,137515.3984999992],[395957.13629999757,137515.83469999954],[395958.14850000292,137516.24659999833],[395959.2826000005,137516.67190000042],[395960.02839999646,137516.9477000013],[395960.30380000174,137517.03029999882],[395961.35599999875,137517.21880000085],[395963.46450000256,137517.58839999884],[395965.64230000228,137517.92350000143],[395968.17329999804,137518.27499999851],[395970.6827000007,137518.5645999983],[395973.20019999892,137518.79969999939],[395975.75890000165,137518.98250000179],[395978.31340000033,137519.1229000017],[395980.83070000261,137519.20580000058],[395983.41279999912,137519.23389999941],[395986.20459999889,137519.21880000085],[396003.58529999852,137519.26570000127],[396050.12479999661,137519.28119999915],[396054.46339999884,137519.27969999984],[396092.39660000056,137519.26559999958],[396095.38459999859,137519.25030000135],[396105.65950000286,137519.18780000135],[396118.67279999703,137519.10979999974],[396120.5353000015,137519.09409999847],[396169.68330000341,137518.92199999839],[396172.38400000334,137518.92909999937],[396221.93010000139,137519.0625],[396231.34640000015,137519.04690000042],[396239.94879999757,137519.01570000127],[396313.1494999975,137518.78150000051],[396331.17580000311,137518.61699999869],[396345.77300000191,137518.48470000178],[396373.17029999942,137518.68910000101],[396384.52759999782,137518.90879999846],[396397.47200000286,137519.1416000016],[396409.69449999928,137519.23589999974],[396412.38499999791,137519.28480000049],[396432.22510000318,137519.77549999952],[396453.96040000021,137517.25609999895],[396455.04200000316,137517.17020000145],[396463.38579999655,137516.81080000103],[396464.12870000303,137516.7976000011],[396489.50720000267,137517.12629999965],[396490.12650000304,137517.14710000157],[396507.37690000236,137518.08460000157],[396519.0271999985,137518.71840000153],[396556.22460000217,137518.6875],[396660.50649999827,137518.42000000179],[396699.44210000336,137518.3200000003],[396751.66200000048,137518.19000000134],[396775.33519999683,137518.21119999886],[396796.44780000299,137518.23039999977],[396831.20419999957,137518.55959999934],[396865.48550000042,137518.3702000007],[396890.32329999655,137518.26069999859],[396910.88030000031,137518.17020000145],[396957.45579999685,137517.88030000031],[397001.5196999982,137517.66010000184],[397148.23860000074,137517.54879999906],[397188.61079999804,137517.51810000092],[397191.21529732645,137517.74493948714],[397193.74085050169,137518.42054561895],[397196.11074040184,137519.52439540374],[397198.25297651259,137521.02295702475],[397200.10248379421,137522.87070844244],[397201.6030794761,137525.01152022436],[397202.70917972975,137527.38036059789],[397203.38718437555,137529.90527093026],[397203.61649756087,137532.50955162736],[397203.39015340339,137535.11409204913],[397202.71502759482,137537.63977366581],[397201.61162853689,137540.00987345382],[397200.11347435456,137542.15239452309],[397198.26607471058,137544.00225317758],[397196.12554835144,137545.50325597305],[397193.75691837945,137546.60980671397],[397191.23213703604,137547.28829153627],[397188.62789999694,137547.51810000092],[397148.26139999926,137547.54879999906],[397001.60209999979,137547.66000000015],[396957.62680000067,137547.87970000133],[396911.03980000317,137548.1697999984],[396890.45549999923,137548.26049999893],[396865.6344999969,137548.36989999935],[396831.15839999914,137548.55970000103],[396796.29590000212,137548.22989999875],[396775.30839999765,137548.21119999886],[396751.69399999827,137548.19000000134],[396699.51799999923,137548.3200000003],[396660.58349999785,137548.42000000179],[396556.27549999952,137548.6875],[396518.63120000064,137548.71869999915],[396517.81019999832,137548.69660000131],[396505.74809999764,137548.04039999843],[396488.8069999963,137547.11969999969],[396464.2575000003,137546.80110000074],[396456.87489999831,137547.11910000071],[396434.63340000063,137549.69709999859]]]},"properties":{"OBJECTID":39,"ROUTEID":"11057852","FROMMEASURE":1902.9024000000002,"TOMEASURE":5304.7692000000006,"ROUTENAME":"M ST NW","CORRIDORID":"11057852_3","FROMSTREET":"THOMAS CIR NW/MASSACHUSETTS AVE NW Service Rd","TOSTREET":"CANAL RD NW","LENGTH_MI":2.1138184600000001,"TIER_1":0,"TIER_2":1,"TIER_3":0,"GIS_ID":"HIN_CorridorsLn_17","SE_ANNO_CAD_DATA":null,"BUFF_DIST":15,"ORIG_FID":17,"SHAPE_Length":6897.9201414756317,"SHAPE_Area":102761.62789442892}},{"type":"Feature","id":40,"geometry":{"type":"Polygon","coordinates":[[[397917.10760000348,137215.88699999824],[397919.62062799209,137216.55916520406],[397921.97973412444,137217.65540148871],[397924.11396576936,137219.14273837762],[397925.95913363568,137220.97644262874],[397927.45974233322,137223.10136363248],[397928.57065945631,137225.45359212501],[397929.25847298838,137227.96238232756],[397929.50249620446,137230.55227970111],[397929.29538984632,137233.14539032191],[397928.64338285831,137235.66372362452],[397927.56608504552,137238.03153805094],[397926.09589728783,137240.17761905884],[397924.27703704877,137242.0374209747],[397922.1642084886,137243.55500827386],[397919.8209571779,137244.68473790097],[397917.31775889714,137245.39263203344],[397914.72990000248,137245.65740000084],[397914.34769999981,137245.66319999844],[397911.9701000005,137245.69949999824],[397896.2351000011,137252.08819999918],[397879.94820000231,137259.16930000111],[397851.02639999986,137272.27290000021],[397847.96079999954,137273.63830000162],[397834.26340000331,137279.73860000074],[397814.5,137288.53999999911],[397804.05810000002,137293.07730000094],[397777.04029999673,137304.81639999896],[397752.63000000268,137316.41959999874],[397752.07630000263,137316.68250000104],[397726.32559999824,137328.67449999973],[397725.88949999958,137328.86919999868],[397699.21949999779,137340.27030000091],[397677.72720000148,137349.4552000016],[397660.29540000111,137357.45949999988],[397659.81149999797,137357.67520000041],[397618.52319999784,137376.02389999852],[397604.03750000149,137382.46119999886],[397570.2669999972,137397.15159999952],[397547.58299999684,137407.12249999866],[397501.29399999976,137428.0047999993],[397436.70740000159,137456.0791000016],[397413.28079999983,137466.93490000069],[397401.43020000309,137472.42550000176],[397270.80120000243,137530.76009999961],[397234.7731000036,137546.67469999939],[397198.41969999671,137562.73050000146],[397092.43940000236,137609.9226000011],[397076.87960000336,137616.85119999945],[397007.88949999958,137647.57200000063],[396987.81859999895,137656.75109999999],[396987.50419999659,137656.89050000161],[396966.07479999959,137666.10300000012],[396945.21310000122,137675.45780000091],[396933.12590000033,137680.8264000006],[396915.81669999659,137688.875],[396867.80059999973,137711.20190000162],[396865.47560848051,137712.0573728387],[396863.04152059497,137712.51849701378],[396860.56473194866,137712.57269425507],[396858.11280291324,137712.21848620239],[396855.75261575455,137711.46553473291],[396853.54855025798,137710.33437841025],[396851.56072761491,137708.85587224556],[396849.84337047226,137707.07034605311],[396848.4433238795,137705.02650435726],[396847.39877747727,137702.78009785956],[396846.73822378274,137700.39240270396],[396846.47968098772,137697.92854902273],[396846.63020146929,137695.45574435513],[396847.18567941902,137693.04144040021],[396848.13096283883,137690.75149310919],[396849.44026684831,137688.64836630606],[396851.07787702931,137686.78942783625],[396852.99912362261,137685.22538472078],[396855.15160000324,137683.99890000001],[396903.16770000011,137661.67199999839],[396920.71329999715,137653.51469999924],[396932.991899997,137648.05990000069],[396954.00919999927,137638.63630000129],[396975.49589999765,137629.39820000157],[396995.55409999937,137620.22529999912],[397064.67610000074,137589.44539999962],[397080.23589999974,137582.51680000126],[397186.24430000037,137535.31219999865],[397222.65200000256,137519.2324000001],[397258.6229000017,137503.34310000017],[397389.00829999894,137445.11800000072],[397400.66749999672,137439.7153000012],[397424.25330000371,137428.78570000082],[397424.58049999923,137428.6389000006],[397489.13939999789,137400.5773999989],[397535.37780000269,137379.71750000119],[397558.22540000081,137369.67440000176],[397591.95440000296,137355.0020999983],[397606.34000000358,137348.60909999907],[397647.62879999727,137330.2602000013],[397647.94650000334,137330.11899999902],[397665.39029999822,137322.10860000178],[397665.75530000031,137321.94680000097],[397687.42859999835,137312.68450000137],[397713.87759999931,137301.37790000066],[397739.30179999769,137289.53810000047],[397739.75010000169,137289.32510000095],[397764.39039999992,137277.61259999871],[397764.85239999741,137277.40249999985],[397792.10300000012,137265.56230000034],[397802.42090000212,137261.07930000126],[397822.05830000341,137252.33359999955],[397835.75580000132,137246.23319999874],[397838.72969999909,137244.90879999846],[397867.77440000325,137231.75030000135],[397884.43919999897,137224.50389999896],[397884.7771999985,137224.36190000176],[397903.28859999776,137216.84600000083],[397905.04320635652,137216.25684047843],[397906.85701001703,137215.88823676403],[397908.7023999989,137215.74579999968],[397913.89169999957,137215.66660000011],[397914.38939999789,137215.66000000015],[397917.10760000348,137215.88699999824]]]},"properties":{"OBJECTID":40,"ROUTEID":"11059602","FROMMEASURE":1228.9688000000001,"TOMEASURE":2381.3822,"ROUTENAME":"MASSACHUSETTS AVE NW","CORRIDORID":"11059602_2","FROMSTREET":"MT VERNON PL NW/9TH ST NW","TOSTREET":"SCOTT CIR NW","LENGTH_MI":0.71607562000000002,"TIER_1":0,"TIER_2":1,"TIER_3":0,"GIS_ID":"HIN_CorridorsLn_18","SE_ANNO_CAD_DATA":null,"BUFF_DIST":15,"ORIG_FID":18,"SHAPE_Length":2399.0078022943499,"SHAPE_Area":35278.481514382838}},{"type":"Feature","id":41,"geometry":{"type":"Polygon","coordinates":[[[399216.29630000144,136609.64330000058],[399218.70408108219,136610.27769995257],[399220.97374354152,136611.30166545612],[399223.0427466213,136612.68698104747],[399224.85407875106,136614.39547422784],[399226.35782850714,136616.3800673103],[399227.51255992649,136618.58607464962],[399228.28645427834,136620.95270951031],[399228.65818683268,136623.41475905079],[399228.61751446471,136625.90438126918],[399228.16555790522,136628.35297439588],[399227.31477085885,136630.69306722173],[399226.08859684109,136632.86017827332],[399224.52082318987,136634.79459260596],[399222.65465005266,136636.44300725459],[399220.54150000215,136637.76000000164],[399202.2295999974,136647.15960000083],[399200.2949000001,136648.15630000085],[399155.89310000092,136671.30160000175],[399088.37189999968,136706.49219999835],[399045.36349999905,136728.90139999986],[399037.10350000113,136733.20879999921],[398974.44030000269,136767.31210000068],[398929.07989999652,136791.66459999979],[398928.11879999936,136792.13720000163],[398844.01129999757,136829.82710000128],[398821.22230000049,136840.03929999843],[398785.09070000052,136856.23039999977],[398778.15200000256,136859.3396999985],[398777.41839999706,136859.66840000078],[398769.28689999878,136863.31230000034],[398766.76030000299,136864.44460000098],[398691.53949999809,136898.1521999985],[398656.46339999884,136913.87040000036],[398654.13080000132,136914.91569999978],[398623.86529999971,136928.47810000181],[398601.29619999975,136938.59160000086],[398583.86429999769,136947.10770000145],[398583.2052000016,136947.41010000184],[398572.18129999936,136952.15019999817],[398469.19669999927,136997.37959999964],[398432.6454000026,137013.69729999825],[398428.80889999866,137015.4096999988],[398401.66669999808,137027.50070000067],[398390.02799999714,137032.69110000134],[398377.51940000057,137038.26889999956],[398375.34009999782,137039.20740000159],[398364.28360000253,137043.96489999816],[398352.5998999998,137049.25219999999],[398344.07310000062,137053.11089999974],[398316.47980000079,137065.54329999909],[398313.33320000023,137066.97810000181],[398313.02399999648,137067.11499999836],[398293.84619999677,137075.34250000119],[398288.83039999753,137077.46180000156],[398278.71180000156,137082.08989999816],[398270.79020000249,137086.06030000001],[398269.69150000066,137086.55680000037],[398264.32129999995,137088.72810000181],[398248.74859999865,137095.0278000012],[398234.64909999818,137101.63569999859],[398210.50919999927,137112.44949999824],[398205.94099999964,137114.47590000182],[398196.17509999871,137118.56850000098],[398192.72829999775,137120.3209999986],[398192.00770000368,137120.66349999979],[398164.51039999723,137132.85000000149],[398138.8030000031,137144.0764000006],[398138.36379999667,137144.26000000164],[398131.55380000174,137146.98000000045],[398131.2324000001,137147.10410000011],[398127.39639999717,137148.53480000049],[398126.31009999663,137148.88870000094],[398121.70009999722,137150.1986999996],[398120.11100000143,137150.55799999833],[398101.47980000079,137153.60080000013],[398098.87769426993,137153.7957476122],[398096.28117707866,137153.53679340475],[398093.7688262827,137152.83177405468],[398091.41667262767,137151.70202541485],[398089.29589884682,137150.18173683161],[398087.4706854726,137148.31691647979],[398085.99626855488,137146.16399902693],[398084.91726806393,137143.78813776278],[398084.2663375655,137141.2612328789],[398084.06317603285,137138.65975556825],[398084.31393170089,137136.06243379365],[398085.01101600338,137133.54786975961],[398086.1333332241,137131.19216119061],[398087.64691891224,137129.06659840143],[398089.50596774125,137127.23550685338],[398091.65421970596,137125.75430048624],[398094.02666270739,137124.66780473795],[398096.55150000006,137124.00890000165],[398114.33070000261,137121.10520000011],[398117.53040000051,137120.1959999986],[398120.58579999954,137119.05629999936],[398127.01630000025,137116.48779999837],[398152.43519999832,137105.38749999925],[398179.48629999906,137093.39869999886],[398183.07159999758,137091.57580000162],[398184.07460000366,137091.11149999872],[398194.06220000237,137086.92790000141],[398198.27359999716,137085.05810000002],[398222.1501000002,137074.36340000108],[398236.38180000335,137067.6922999993],[398237.12309999764,137067.36890000105],[398253.07360000163,137060.91640000045],[398257.88729999959,137058.9701000005],[398265.50879999995,137055.1501000002],[398265.99090000242,137054.91910000145],[398276.55089999735,137050.08909999952],[398276.95199999958,137049.91270000115],[398282.08529999852,137047.74379999936],[398301.04439999908,137039.6099999994],[398304.09749999642,137038.21799999848],[398331.71949999779,137025.77250000089],[398340.23139999807,137021.92060000077],[398352.17350000143,137016.51779999956],[398363.48210000247,137011.65040000156],[398365.48080000281,137010.79030000046],[398377.80900000036,137005.29230000079],[398389.45340000093,137000.09930000082],[398416.59109999985,136988.01029999927],[398420.41659999639,136986.30279999971],[398457.03679999709,136969.95459999889],[398560.22630000114,136924.63529999927],[398571.02019999921,136919.99379999936],[398588.34809999913,136911.52849999815],[398588.79839999974,136911.31780000031],[398611.59730000049,136901.10119999945],[398641.86270000041,136887.53880000114],[398644.19529999793,136886.49350000173],[398679.27149999887,136870.77519999817],[398754.491899997,136837.06780000031],[398757.01850000024,136835.93560000136],[398765.15100000054,136832.29129999876],[398765.88459999859,136831.96249999851],[398772.8227000013,136828.85339999944],[398808.95419999957,136812.6623999998],[398831.74319999665,136802.45019999892],[398915.36200000346,136764.97920000181],[398960.17430000007,136740.92110000178],[399022.99689999968,136706.7322999984],[399031.49650000036,136702.2985999994],[399074.508100003,136679.88780000061],[399142.02690000087,136644.69849999994],[399186.48860000074,136621.52210000157],[399188.51039999723,136620.48039999977],[399206.84170000255,136611.07079999894],[399209.08651612973,136610.13980437731],[399211.45220949984,136609.5835246176],[399213.87668385135,136609.41656231356],[399216.29630000144,136609.64330000058]]]},"properties":{"OBJECTID":41,"ROUTEID":"11059602","FROMMEASURE":0,"TOMEASURE":1228.9678000000001,"ROUTENAME":"MASSACHUSETTS AVE NW","CORRIDORID":"11059602_1","FROMSTREET":"MASSACHUSETTS AVE NE/NORTH CAPITOL ST BN","TOSTREET":"K ST NW/7TH ST NW","LENGTH_MI":0.76364365000000001,"TIER_1":0,"TIER_2":1,"TIER_3":0,"GIS_ID":"HIN_CorridorsLn_19","SE_ANNO_CAD_DATA":null,"BUFF_DIST":15,"ORIG_FID":19,"SHAPE_Length":2552.1757831996911,"SHAPE_Area":37575.618922674097}},{"type":"Feature","id":42,"geometry":{"type":"Polygon","coordinates":[[[397965.49610000104,137247.74949999899],[397964.79060000181,137247.73739999905],[397913.88729999959,137245.64649999887],[397911.29412522545,137245.31190126401],[397908.7984487291,137244.53208683233],[397906.47610000614,137243.33075085454],[397904.39764210151,137241.74439513747],[397902.62622759718,137239.82122006058],[397901.21567976271,137237.61966003888],[397900.20885717013,137235.20660803167],[397899.63635146443,137232.65538304366],[397899.51555785653,137230.04350237511],[397899.85014658107,137227.45032630936],[397900.62995137885,137224.95464680274],[397901.83127839176,137222.63229344235],[397903.41762608546,137220.55382941398],[397905.34079432429,137218.78240748576],[397907.54234890087,137217.37185115274],[397909.95539702149,137216.36501924519],[397912.50661979947,137215.79250369116],[397915.11850000173,137215.67170000076],[397965.62539999932,137217.7463000007],[398009.53890000284,137217.21990000084],[398009.78999999911,137217.21920000017],[398042.48849999905,137217.52959999815],[398081.2452000007,137216.62900000066],[398081.65479999781,137216.62530000135],[398098.85559999943,137216.7650000006],[398101.45504140173,137217.01345567007],[398103.97200482694,137217.70895616582],[398106.33021104941,137218.83042361334],[398108.45819214749,137220.34387076131],[398110.29145741434,137222.20343100099],[398111.77444781648,137224.35274840207],[398112.86221976893,137226.7266856386],[398113.52180719777,137229.25329804403],[398113.73322061182,137231.8560139701],[398113.49005290499,137234.45595537135],[398112.79967353056,137236.97432828712],[398111.68300516211,137239.33481077562],[398110.17388960987,137241.46586593057],[398108.318062209,137243.30290988262],[398106.17176576215,137244.79026908125],[398103.80004604213,137245.88286754049],[398101.27478051127,137246.54759291408],[398098.6724999994,137246.76429999992],[398081.70859999955,137246.62640000135],[398042.9421999976,137247.52730000019],[398042.5223999992,137247.53099999949],[398009.73730000108,137247.21959999949],[397965.49610000104,137247.74949999899]]]},"properties":{"OBJECTID":42,"ROUTEID":"11062592","FROMMEASURE":0,"TOMEASURE":184.2893,"ROUTENAME":"MT VERNON PL NW","CORRIDORID":"11062592_1","FROMSTREET":"7TH ST NW/NEW YORK AVE NW","TOSTREET":"9TH ST NW/MASSACHUSETTS AVE NW","LENGTH_MI":0.11451183000000001,"TIER_1":0,"TIER_2":1,"TIER_3":0,"GIS_ID":"HIN_CorridorsLn_20","SE_ANNO_CAD_DATA":null,"BUFF_DIST":15,"ORIG_FID":20,"SHAPE_Length":462.82592426850459,"SHAPE_Area":6235.5102762798806}},{"type":"Feature","id":43,"geometry":{"type":"Polygon","coordinates":[[[399135.61469999701,136011.36789999902],[399138.0088967515,136011.99748107413],[399140.26693437324,136013.01227983669],[399142.32730750501,136014.38465478082],[399144.1338948565,136016.07722459355],[399145.63748785865,136018.04388636249],[399146.7971310271,136020.23107134583],[399147.58123752452,136022.57920409981],[399147.96844953572,136025.02432521907],[399147.9482200208,136027.49983348933],[399147.52109999955,136029.93829999864],[399141.84109999985,136051.63839999959],[399136.40929999948,136072.3861999996],[399121.87919999659,136124.42760000005],[399109.91110000014,136167.43629999831],[399108.25039999932,136173.29450000077],[399106.10840000212,136180.83399999887],[399105.88189999759,136181.59189999849],[399101.72249999642,136195.76590000093],[399099.83280000091,136202.19790000096],[399095.44889999926,136217.12000000104],[399089.59660000354,136237.66770000011],[399084.27660000324,136256.35770000145],[399081.64209999889,136265.60790000111],[399068.5530000031,136317.8647999987],[399067.87520000339,136320.5821999982],[399065.18500000238,136330.68950000033],[399065.07609999925,136331.0775000006],[399062.15699999779,136340.96440000087],[399056.47630000114,136360.23490000144],[399051.13539999723,136379.33659999818],[399026.85239999741,136464.47740000114],[399026.27059999853,136466.54839999974],[399022.77099999785,136478.99680000171],[399019.00039999932,136492.4290000014],[398984.81189999729,136613.89719999954],[398977.57580000162,136639.69979999959],[398975.54379999638,136646.98660000041],[398970.10429999977,136666.40529999882],[398964.97360000014,136684.89149999991],[398964.87759999931,136685.22289999947],[398961.99870000035,136694.74060000107],[398954.41749999672,136719.80480000004],[398936.41269999743,136782.55200000107],[398921.08240000159,136836.90029999986],[398894.36519999802,136931.61699999869],[398860.24130000174,137054.90780000016],[398860.04399999976,137055.65100000054],[398848.19749999791,137100.25670000166],[398845.34480000287,137112.81929999962],[398844.98860000074,137114.11580000073],[398840.72600000352,137127.28860000148],[398837.16160000116,137138.42020000145],[398835.59309999645,137143.64840000123],[398830.70189999789,137161.4272999987],[398827.77019999921,137173.75600000098],[398824.26579999924,137188.00299999863],[398824.07729999721,137188.69700000063],[398820.11079999804,137202.03079999983],[398818.42080000043,137207.71169999987],[398812.36559999734,137228.50670000166],[398805.23900000006,137253.61919999868],[398798.72999999672,137276.50560000166],[398790.71620000154,137304.79789999872],[398789.00419999659,137311.23820000142],[398785.50360000134,137324.40359999985],[398783.20910000056,137332.49570000172],[398778.69370000064,137348.4123999998],[398772.38679999858,137369.97430000082],[398771.08399999887,137374.42799999937],[398765.02300000191,137396.18050000072],[398759.77189999819,137416.75560000166],[398756.87409999967,137428.10949999839],[398756.67610000074,137428.81329999864],[398754.16430000216,137436.97260000184],[398749.54659999907,137451.97179999948],[398742.00789999962,137478.12060000002],[398738.80349999666,137488.76069999859],[398738.51009999961,137489.63580000028],[398732.42549999803,137505.84430000186],[398731.60610000044,137507.65289999917],[398728.99989999831,137512.52019999921],[398726.76709999889,137519.85390000045],[398725.07429999858,137525.41369999945],[398723.69870000333,137530.55429999903],[398722.06310000271,137536.66679999977],[398698.24629999697,137626.19629999995],[398687.84700000286,137664.14919999987],[398685.18599999696,137673.67870000005],[398679.29290000349,137694.78200000152],[398677.64869999886,137701.9728000015],[398675.39840000123,137711.81450000033],[398671.46800000221,137729.76029999927],[398671.24949999899,137730.63230000064],[398648.73740000278,137810.25439999998],[398646.13610000163,137819.68939999864],[398634.67180000246,137861.26810000092],[398632.06539999694,137870.23160000145],[398628.12240000069,137883.84259999916],[398626.36230000108,137890.05759999901],[398616.52130000293,137924.80119999871],[398614.309799999,137932.59530000016],[398613.34420000017,137935.99839999899],[398612.82220000029,137937.83819999918],[398609.64720000327,137949.06560000032],[398608.83720000088,137951.92489999905],[398606.1481000036,137961.65560000017],[398601.63859999925,137977.97370000184],[398601.15439999849,137979.72670000046],[398598.52250000089,137989.02699999884],[398587.83680000156,138026.74709999934],[398583.50029999763,138042.05490000173],[398582.10930000246,138046.94810000062],[398578.7717999965,138058.70949999988],[398577.19820000231,138064.27050000057],[398575.2295999974,138071.70230000094],[398573.77809999883,138077.17790000141],[398572.22339999676,138083.02450000122],[398563.92499999702,138112.25809999928],[398557.45009999722,138135.29019999877],[398555.04779999703,138143.83260000125],[398552.77709999681,138152.04910000041],[398544.31059999764,138182.62810000032],[398533.51609999686,138220.47960000113],[398533.16120000184,138221.72670000046],[398531.74870000035,138226.63549999893],[398529.28000000119,138235.27079999819],[398521.27750000358,138263.14990000054],[398510.91260000318,138300.49540000036],[398508.61180000007,138308.76839999855],[398506.41369999945,138316.67529999837],[398506.17880000174,138317.53790000081],[398496.24849999696,138352.26619999856],[398486.28700000048,138388.13080000132],[398484.52889999747,138394.27439999953],[398477.13270000368,138420.11679999903],[398474.07190000266,138431.46829999983],[398472.47829999775,138437.36800000072],[398470.88099999726,138443.28159999847],[398468.80080000311,138450.98270000145],[398467.88369999826,138454.37460000068],[398465.67520000041,138462.28200000152],[398462.53339999914,138473.48600000143],[398452.33449999988,138507.3713000007],[398443.84480000287,138535.57380000129],[398442.93725108617,138537.87895966155],[398441.66266239213,138540.00330185538],[398440.05580152618,138541.88887981797],[398438.16049965128,138543.4842596782],[398436.02845588257,138544.7459234464],[398433.7178270648,138545.63945607693],[398431.29164139781,138546.14048422477],[398428.81607918476,138546.23534108978],[398426.35866759793,138545.92143921289],[398423.9864387057,138545.20734105559],[398421.76410100464,138544.11252543729],[398419.75227433303,138542.66685620166],[398418.00583631237,138540.90976760531],[398416.57242542272,138538.88918864939],[398415.49114154355,138536.66023569609],[398414.79147940635,138534.28370903112],[398414.49252405186,138531.82443438369],[398414.60243023763,138529.34949464182],[398415.11819999665,138526.92639999837],[398423.60790000111,138498.7239000015],[398433.72450000048,138465.11659999937],[398436.78490000218,138454.19810000062],[398438.95380000025,138446.43360000104],[398439.83929999918,138443.15740000084],[398441.91899999976,138435.45839999989],[398443.51630000025,138429.54500000179],[398445.10809999704,138423.65179999918],[398448.22810000181,138412.08379999921],[398455.68689999729,138386.0196999982],[398457.41250000149,138379.99029999971],[398467.37259999663,138344.13089999929],[398477.2798999995,138309.48449999839],[398477.48619999737,138308.72549999878],[398479.70830000192,138300.73169999942],[398482.00739999861,138292.4646999985],[398492.40429999679,138255.00499999896],[398500.43999999762,138227.00930000097],[398502.91139999777,138218.36450000107],[398504.32039999962,138213.46750000119],[398504.66390000284,138212.26049999893],[398515.429399997,138174.51110000163],[398523.86289999634,138144.05099999905],[398526.15110000223,138135.77180000022],[398528.5700000003,138127.1699000001],[398535.0549999997,138104.10190000013],[398543.29609999806,138075.07349999994],[398544.78199999779,138069.48209999874],[398546.23049999774,138064.01779999956],[398548.26340000331,138056.34750000015],[398549.90829999745,138050.53060000017],[398553.25069999695,138038.75189999864],[398554.63979999721,138033.86520000175],[398558.97259999812,138018.57019999996],[398569.65749999881,137980.85310000181],[398572.26039999723,137971.65579999983],[398572.72140000015,137969.98640000075],[398577.23189999908,137953.66450000182],[398579.94470000267,137943.8489000015],[398580.77199999988,137940.9272999987],[398583.9579000026,137929.66189999878],[398584.48359999806,137927.80920000002],[398585.44900000095,137924.40650000051],[398587.65869999677,137916.61879999936],[398597.49769999832,137881.88239999861],[398599.28000000119,137875.58949999884],[398603.2546999976,137861.86850000173],[398605.80730000138,137853.09230000153],[398617.21509999782,137811.71570000052],[398619.84269999713,137802.18600000069],[398642.25900000334,137722.90199999884],[398646.12240000069,137705.26370000094],[398648.40349999815,137695.28579999879],[398650.12740000337,137687.74650000036],[398650.30269999802,137687.05559999868],[398656.29140000045,137665.60990000144],[398658.93689999729,137656.13650000095],[398669.28040000051,137618.38769999892],[398693.07699999958,137528.93320000172],[398694.71829999983,137522.79940000176],[398696.15980000049,137517.41250000149],[398696.30039999634,137516.9208999984],[398698.067900002,137511.11589999869],[398700.73040000349,137502.37110000104],[398700.98460000008,137501.60970000178],[398701.85639999807,137499.65940000117],[398704.68909999728,137494.36910000071],[398710.22240000218,137479.62999999896],[398713.22999999672,137469.64479999989],[398720.7955000028,137443.40579999983],[398725.49220000207,137428.14579999819],[398727.89639999717,137420.33579999954],[398730.70369999856,137409.33669999987],[398735.99589999765,137388.60060000047],[398736.08039999753,137388.28379999846],[398742.23690000176,137366.1911999993],[398743.59340000153,137361.55169999972],[398749.86540000141,137340.10990000144],[398754.34790000319,137324.30840000138],[398756.57569999993,137316.4552000016],[398760.01099999994,137303.53130000085],[398761.78559999913,137296.85929999873],[398769.86999999732,137268.31439999864],[398776.38099999726,137245.42080000043],[398783.53400000185,137220.21570000052],[398789.64039999992,137199.24469999969],[398791.35620000213,137193.47670000046],[398795.21999999881,137180.48840000108],[398798.61200000346,137166.69900000095],[398801.57689999789,137154.23000000045],[398801.70729999989,137153.7210999988],[398806.7126000002,137135.52749999985],[398806.80789999664,137135.19629999995],[398808.50829999894,137129.53269999847],[398812.16600000113,137118.10590000078],[398816.23860000074,137105.51990000159],[398819.00240000337,137093.3489000015],[398819.13260000199,137092.82030000165],[398831.04869999737,137047.95230000094],[398831.28639999777,137047.05820000172],[398865.47399999946,136923.53620000184],[398892.20899999887,136828.75589999929],[398907.55740000308,136774.34400000051],[398925.64069999754,136711.32530000061],[398933.28350000083,136686.05490000173],[398936.11360000074,136676.69839999825],[398941.20880000293,136658.34019999951],[398946.64999999851,136638.9151000008],[398948.68429999799,136631.6202000007],[398955.93010000139,136605.78280000016],[398990.119599998,136484.31100000069],[398993.88899999857,136470.88329999894],[398997.38949999958,136458.43169999868],[398997.98719999939,136456.30440000072],[399022.26860000193,136371.16899999976],[399027.64310000092,136351.94979999959],[399033.38300000131,136332.47560000047],[399036.24700000137,136322.77529999986],[399038.82450000197,136313.0951000005],[399039.44709999859,136310.59530000016],[399052.59950000048,136258.08540000021],[399052.72370000184,136257.621199999],[399055.42339999974,136248.14240000024],[399060.74340000004,136229.4523999989],[399066.63099999726,136208.78159999847],[399071.04919999838,136193.74170000106],[399072.93760000169,136187.31410000101],[399077.11980000138,136173.06309999898],[399077.31159999967,136172.42300000042],[399079.38970000297,136165.10550000146],[399081.03360000253,136159.30649999902],[399092.98089999706,136116.37240000069],[399107.45009999722,136064.5522999987],[399112.81889999658,136044.04170000181],[399118.49889999628,136022.34169999883],[399119.32279471634,136020.0032240045],[399120.52064527344,136017.83241159236],[399122.05972433253,136015.88857308682],[399123.89798160968,136014.22481749518],[399125.98519275815,136012.88660147841],[399128.26433158369,136011.91048739708],[399130.67312809813,136011.32314436472],[399133.14576984267,136011.140619602],[399135.61469999701,136011.36789999902]]]},"properties":{"OBJECTID":43,"ROUTEID":"11064282","FROMMEASURE":0,"TOMEASURE":2602.4720000000002,"ROUTENAME":"NEW JERSEY AVE NW","CORRIDORID":"11064282_1","FROMSTREET":"CONSTITUTION AVE NW","TOSTREET":"FLORIDA AVE NW","LENGTH_MI":1.6189143800000001,"TIER_1":0,"TIER_2":1,"TIER_3":0,"GIS_ID":"HIN_CorridorsLn_22","SE_ANNO_CAD_DATA":null,"BUFF_DIST":15,"ORIG_FID":22,"SHAPE_Length":5299.1722816444862,"SHAPE_Area":78780.378878960531}},{"type":"Feature","id":44,"geometry":{"type":"Polygon","coordinates":[[[398101.09579999745,137216.95169999823],[398119.52530000359,137219.89189999923],[398122.17210000008,137220.58889999986],[398122.86670000106,137220.86149999872],[398153.45979999751,137233.75329999998],[398194.16690000147,137250.90879999846],[398206.10880000144,137256.23200000077],[398220.91790000349,137262.83540000021],[398279.46549999714,137288.83029999956],[398337.37139999866,137314.52580000088],[398364.27660000324,137326.46489999816],[398392.71630000323,137339.21119999886],[398425.62820000201,137353.96180000156],[398475.62430000305,137376.36930000037],[398500.23210000247,137387.39820000157],[398602.61060000211,137433.28420000151],[398618.8104000017,137440.316300001],[398627.82299999893,137444.2285999991],[398631.20359999686,137445.69590000063],[398633.03980000317,137446.49289999902],[398634.63639999926,137447.18600000069],[398639.11770000309,137449.13129999861],[398660.28029999882,137458.40879999846],[398676.434799999,137465.59699999914],[398685.74210000038,137469.73840000108],[398724.45750000328,137486.85759999976],[398794.71720000356,137518.03390000015],[398822.27260000259,137530.26110000163],[398843.09600000083,137539.5009999983],[398951.35069999844,137587.53689999878],[399048.46769999713,137630.6708999984],[399120.85400000215,137662.80930000171],[399127.84939999878,137665.91160000116],[399130.22879999876,137666.97030000016],[399172.42710000277,137685.8284999989],[399176.95740000159,137687.85860000178],[399194.78719999641,137695.8275000006],[399201.31849999726,137698.77699999884],[399208.97439999878,137702.22729999945],[399220.95489999652,137707.62660000101],[399223.12174090993,137708.82752718983],[399225.06136277359,137710.36872564661],[399226.72085774026,137712.20815548016],[399228.05495909724,137714.29564182175],[399229.02727602422,137716.57424346538],[399229.61128624075,137718.98180607602],[399229.79105946468,137721.45265759825],[399229.56169194949,137723.9193996196],[399228.92944024527,137726.31474582411],[399227.91155053652,137728.57335738826],[399226.53578821081,137730.63362525441],[399224.83968049154,137732.4393506659],[399222.86949279229,137733.94127812309],[399220.67896671675,137735.09843894566],[399218.32785412722,137735.87926879158],[399215.88028726907,137736.26246865056],[399213.40302940964,137736.23758582567],[399210.96365370974,137735.80529905573],[399208.62870000303,137734.97740000114],[399196.64819999784,137729.57809999958],[399188.98160000145,137726.12299999967],[399182.4924999997,137723.19249999896],[399164.70269999653,137715.2415000014],[399160.17289999872,137713.21159999818],[399118.01120000333,137694.36980000138],[399115.67069999874,137693.32840000093],[399108.68599999696,137690.23079999909],[399036.29230000079,137658.08909999952],[398939.17819999903,137614.95639999956],[398830.92819999903,137566.9226000011],[398810.10480000079,137557.6827000007],[398782.54940000176,137545.45549999923],[398712.30749999732,137514.28709999844],[398673.57800000161,137497.16160000116],[398664.23870000243,137493.00600000098],[398648.16099999845,137485.85190000013],[398627.12680000067,137476.63069999963],[398622.69060000032,137474.7050999999],[398621.09449999779,137474.01220000163],[398619.25869999826,137473.2153000012],[398615.87759999931,137471.74769999832],[398606.8647999987,137467.83540000021],[398590.50609999895,137460.73380000144],[398487.96230000257,137414.77430000156],[398463.35469999909,137403.74549999833],[398413.35859999806,137381.33799999952],[398380.44669999927,137366.58740000054],[398352.05529999733,137353.86270000041],[398325.20319999754,137341.94720000029],[398267.29439999908,137316.25050000101],[398208.7220999971,137290.24460000172],[398193.89119999856,137283.6314000003],[398182.23260000348,137278.43279999867],[398141.81000000238,137261.39889999852],[398112.88840000331,137249.21150000021],[398096.25,137246.55700000003],[398093.72540272784,137245.90331375913],[398091.35218067735,137244.82224290702],[398089.20206970163,137243.34646518648],[398087.34006163111,137241.5205892231],[398085.82243975269,137239.39980613132],[398084.69507752347,137237.04822124183],[398083.99205194501,137234.53691637699],[398083.73461351066,137231.94180124643],[398083.93054386298,137229.3413189094],[398084.57392057643,137226.81407466065],[398085.64529617561,137224.43646001277],[398087.11228597804,137222.28034359482],[398088.93054699234,137220.41089876488],[398091.04511828255,137218.8846336022],[398093.39208228345,137217.74768282624],[398095.90049684909,137217.03441327336],[398098.49453963549,137216.76638508361],[398101.09579999745,137216.95169999823]]]},"properties":{"OBJECTID":44,"ROUTEID":"11064672","FROMMEASURE":0,"TOMEASURE":1219.3288,"ROUTENAME":"NEW YORK AVE NW","CORRIDORID":"11064672_1","FROMSTREET":"NEW YORK AVE NE/N ST NE","TOSTREET":"MT VERNON PL NW/7TH ST NW","LENGTH_MI":0.7576543,"TIER_1":1,"TIER_2":0,"TIER_3":0,"GIS_ID":"HIN_CorridorsLn_23","SE_ANNO_CAD_DATA":null,"BUFF_DIST":15,"ORIG_FID":23,"SHAPE_Length":2532.8836482846973,"SHAPE_Area":37286.352765210868}},{"type":"Feature","id":45,"geometry":{"type":"Polygon","coordinates":[[[398580.88740000129,135978.46819999814],[398583.26224960724,135979.0909604526],[398585.50369799772,135980.09278396374],[398587.55169621337,135981.44683143086],[398589.35137787316,135983.11682758591],[398590.85452905839,135985.05803281692],[398592.02087997529,135987.2184417535],[398592.81918379298,135989.54017650345],[398593.22805375385,135991.96103721601],[398593.23653613013,135994.41616843123],[398592.84440367681,135996.83979657383],[398592.06216171972,135999.1669920437],[398590.91076671524,136001.33540869609],[398589.42106482165,136003.28695411005],[398587.63296552282,136004.9693458991],[398585.5943724431,136006.33751236924],[398583.35989999771,136007.35480000079],[398508.53190000355,136033.95459999889],[398481.23319999874,136043.65870000049],[398392.75840000063,136075.1623999998],[398390.23103060259,136075.8209890674],[398387.62773548817,136076.03120367578],[398385.02743949491,136075.78667068895],[398382.50897653506,136075.09480368288],[398380.14869956556,136073.97657818615],[398378.01816577377,136072.46589575883],[398376.18196715787,136070.60855618914],[398374.69577227288,136068.46086896842],[398373.60463851126,136066.08794614027],[398372.94164608524,136063.56172828004],[398372.72689512454,136060.95880345226],[398372.96689629502,136058.35808526829],[398373.65437341307,136055.83842044012],[398374.76848403952,136053.47619836201],[398376.27545136609,136051.34303519179],[398378.12958823628,136049.50360264321],[398380.27468225593,136048.01366731536],[398382.64570000023,136046.91840000078],[398471.1772999987,136015.39420000091],[398498.48359999806,136005.68739999831],[398573.25859999657,135979.10669999942],[398575.75210225495,135978.45529584467],[398578.32030747109,135978.24034735566],[398580.88740000129,135978.46819999814]]]},"properties":{"OBJECTID":45,"ROUTEID":"11069812","FROMMEASURE":352.00240000000002,"TOMEASURE":554.25779999999997,"ROUTENAME":"PENNSYLVANIA AVE NW","CORRIDORID":"11069812_1","FROMSTREET":"PEACE MONUMENT CIR NW","TOSTREET":"15TH ST NW/E ST NW","LENGTH_MI":1.1931025100000001,"TIER_1":0,"TIER_2":0,"TIER_3":1,"GIS_ID":"HIN_CorridorsLn_24","SE_ANNO_CAD_DATA":null,"BUFF_DIST":15,"ORIG_FID":24,"SHAPE_Length":498.75844282593124,"SHAPE_Area":6774.5064718964395}},{"type":"Feature","id":46,"geometry":{"type":"Polygon","coordinates":[[[396435.51099999994,137520.02479999885],[396437.78239999712,137520.61160000041],[396452.09870000184,137525.53269999847],[396455.63350000232,137526.64669999853],[396456.04900000244,137526.78429999948],[396460.55849999934,137528.35229999945],[396461.00670000166,137528.51949999854],[396465.35040000081,137530.22260000184],[396466.05330000073,137530.51900000125],[396480.05470000207,137536.8478000015],[396491.82789999992,137542.17229999974],[396492.36779999733,137542.41560000181],[396494.03989999741,137543.16930000111],[396508.04050000012,137549.48200000077],[396511.29179999977,137550.94790000096],[396522.02859999985,137555.78920000046],[396536.05349999666,137562.08309999853],[396550.05399999768,137568.38010000065],[396564.07209999859,137574.65560000017],[396578.05960000306,137580.93120000139],[396592.02920000255,137587.16919999942],[396615.52939999849,137597.41719999909],[396666.76619999856,137619.76060000062],[396667.27130000293,137619.99210000038],[396688.36789999902,137630.13780000061],[396705.3572999984,137637.15639999881],[396705.78970000148,137637.34310000017],[396712.56549999863,137640.3946999982],[396714.44120000303,137641.23939999938],[396740.44189999998,137652.94999999925],[396757.21360000223,137660.80719999969],[396780.6454000026,137671.78590000048],[396807.97670000046,137684.59169999883],[396810.12559500453,137685.82444851569],[396812.04227783711,137687.39408081776],[396813.67446626333,137689.25778132633],[396814.97763833252,137691.36471302967],[396815.91624682368,137693.65740418743],[396816.4646888834,137696.07331601353],[396816.60800440662,137698.54654857542],[396816.3422841102,137701.00963837656],[396815.67477616837,137703.39539858914],[396814.62368850067,137705.63875173996],[396813.2176921065,137707.67850485834],[396811.49513899302,137709.45901866496],[396809.50301602983,137710.93172526982],[396807.29566326679,137712.05645298079],[396804.93329167541,137712.8025220854],[396802.48034074687,137713.14958171517],[396800.00372074632,137713.08816496577],[396797.57098757091,137712.61994712995],[396795.24849999696,137711.75769999996],[396767.9170999974,137698.95190000162],[396744.48529999703,137687.97320000082],[396727.9205000028,137680.21200000122],[396702.122299999,137668.59349999949],[396700.24650000036,137667.74870000035],[396693.68689999729,137664.79439999908],[396676.52269999683,137657.70360000059],[396675.74899999797,137657.35799999908],[396654.51990000159,137647.14860000089],[396603.53760000318,137624.91620000079],[396579.91279999912,137614.61360000074],[396565.80939999968,137608.31610000134],[396551.8030000031,137602.03209999949],[396537.76539999992,137595.7479000017],[396523.75909999758,137589.44819999859],[396509.72150000185,137583.1484999992],[396498.96079999954,137578.2965000011],[396495.70960000157,137576.83060000092],[396481.71019999683,137570.51839999855],[396480.04159999639,137569.76630000025],[396479.48470000178,137569.51529999822],[396467.69529999793,137564.18349999934],[396454.04379999638,137558.01289999858],[396450.33139999956,137556.55730000138],[396446.40659999847,137555.19339999929],[396442.89779999852,137554.0876000002],[396442.53019999713,137553.96649999917],[396427.90309999883,137548.93730000034],[396425.64395887224,137547.92103959055],[396423.58288843045,137546.54681526971],[396421.77610336716,137544.85210833774],[396420.27288286621,137542.88314110192],[396419.11422653554,137540.69361618592],[396418.33173616318,137538.34325181687],[396417.94675379328,137535.89615303971],[396417.96977963281,137533.41906328336],[396418.40018566314,137530.97954396612],[396419.2262327692,137528.64413179076],[396420.42539091792,137526.47652398844],[396421.96495365404,137524.53584100772],[396423.8029301528,137522.87501403288],[396425.88919049915,137521.53934131193],[396428.16683295683,137520.5652526686],[396430.57373593573,137519.97931589693],[396433.04425232776,137519.7975121373],[396435.51099999994,137520.02479999885]]]},"properties":{"OBJECTID":46,"ROUTEID":"11075462","FROMMEASURE":2454.3143,"TOMEASURE":2857.7355000000002,"ROUTENAME":"RHODE ISLAND AVE NW","CORRIDORID":"11075462_3","FROMSTREET":"SCOTT CIR NW","TOSTREET":"CONNECTICUT AVE NW/M ST NW","LENGTH_MI":0.25067440000000002,"TIER_1":0,"TIER_2":1,"TIER_3":0,"GIS_ID":"HIN_CorridorsLn_25","SE_ANNO_CAD_DATA":null,"BUFF_DIST":15,"ORIG_FID":25,"SHAPE_Length":901.08841931901145,"SHAPE_Area":12809.392523801709}},{"type":"Feature","id":47,"geometry":{"type":"Polygon","coordinates":[[[396425.53180000186,138809.10539999977],[396424.95419999957,138809.1165000014],[396423.15999999642,138809.00879999995],[396413.01079999655,138807.78599999845],[396400.45099999756,138806.92720000073],[396387.1753000021,138806.55669999868],[396384.57795016118,138806.25622362507],[396382.07223674428,138805.50928820641],[396379.73429420003,138804.33858888244],[396377.63515936979,138802.77969657959],[396375.83861308021,138800.87997721173],[396374.39924220461,138798.69715249824],[396373.3607810773,138796.29754612752],[396372.75478265429,138793.75406855566],[396372.59965979774,138791.14400167018],[396372.90012581332,138788.54665063097],[396373.64705123939,138786.04093423538],[396374.81774123979,138783.70298702249],[396376.37662517146,138781.60384597557],[396378.27633737482,138779.80729211002],[396380.4591563482,138778.36791252956],[396382.85875857755,138777.32944183279],[396385.40223373275,138776.7234332666],[396388.01229999959,138776.56830000132],[396401.59080000222,138776.94729999825],[396402.195600003,138776.97639999911],[396415.44280000031,138777.88219999894],[396416.21369999647,138777.95499999821],[396425.56610000134,138779.08179999888],[396431.45369999856,138778.85489999875],[396432.03130000085,138778.84380000085],[396442.79990000278,138778.84380000085],[396461.42490000278,138778.8125],[396467.92689999938,138778.8125],[396523.10710000247,138778.73440000042],[396524.06139999628,138778.73039999977],[396559.86729999632,138778.57820000127],[396599.99679999799,138778.53999999911],[396622.87529999763,138778.54699999839],[396632.55749999732,138778.55000000075],[396650.07590000331,138778.53000000119],[396663.53890000284,138778.51999999955],[396677.01950000226,138778.51000000164],[396692.20949999988,138778.5],[396725.93850000203,138778.42980000004],[396749.880400002,138778.37999999896],[396764.98200000077,138778.35179999843],[396803.4123999998,138778.28000000119],[396808.92639999837,138778.26999999955],[396810.54519999772,138778.26999999955],[396835.30449999869,138778.3200000003],[396846.94870000333,138778.35000000149],[396848.87849999964,138778.35009999946],[396856.70300000161,138778.37970000133],[396862.51529999822,138778.32039999962],[396884.32440000027,138778.2974999994],[396919.43829999864,138778.19610000029],[396935.32680000365,138778.15019999817],[396962.31419999897,138778.00070000067],[396966.10440000147,138777.98020000011],[396991.12080000341,138778.14039999992],[397005.35909999907,138778.24040000141],[397016.52489999682,138778.30939999968],[397017.97630000114,138778.29140000045],[397047.89400000125,138777.85090000182],[397115.63379999995,138777.62009999901],[397117.18230000138,138777.61780000106],[397183.43860000372,138777.51999999955],[397208.67639999837,138777.55020000041],[397211.875,138777.57030000165],[397229.22500000149,138777.68030000106],[397246.61659999937,138777.79030000046],[397279.04950000346,138778.00279999897],[397280.23529999703,138778.01060000062],[397283.17660000175,138778.02980000153],[397306.52409999818,138777.96990000084],[397330.36509999633,138777.90870000049],[397399.96419999748,138777.73000000045],[397418.07230000198,138777.69000000134],[397420.01049999893,138777.68010000139],[397431.21689999849,138777.74020000175],[397445.6202000007,138777.81019999832],[397458.90079999715,138777.86989999935],[397473.56319999695,138777.84670000151],[397484.12219999731,138777.82999999821],[397499.80820000172,138777.81760000065],[397516.26510000229,138777.80460000038],[397522.03040000051,138777.80000000075],[397553.5569999963,138777.57039999962],[397564.46159999818,138777.50019999966],[397575.38000000268,138777.5],[397578.87479999661,138777.50019999966],[397607.73390000314,138777.67240000144],[397637.4199000001,138777.84970000014],[397644.30430000275,138777.80050000176],[397655.15579999983,138777.71059999987],[397657.23879999667,138777.69060000032],[397664.88180000335,138777.63039999828],[397666.81870000064,138777.6202000007],[397693.10920000076,138777.47210000083],[397702.29649999738,138777.42029999942],[397727.27470000088,138777.28029999882],[397736.86169999838,138777.38080000132],[397746.18760000169,138777.47080000117],[397756.16650000215,138777.57090000063],[397766.19539999962,138777.67949999869],[397785.57109999657,138777.57019999996],[397797.86069999635,138777.5102000013],[397804.63589999825,138777.47159999982],[397810.14630000293,138777.440200001],[397821.12550000101,138777.38019999862],[397825.64140000194,138777.3601000011],[397857.69449999928,138777.33830000088],[397869.78159999847,138777.32999999821],[397879.41499999911,138777.2958999984],[397906.21369999647,138777.20100000128],[397908.75919999927,138777.10979999974],[397921.97569999844,138776.62990000099],[397924.45041529922,138776.74475336043],[397926.87247438921,138777.26536538333],[397929.17580969102,138778.17753510523],[397931.29759210831,138779.45638086897],[397933.17994484334,138781.06701903284],[397934.77152212767,138782.96551550689],[397936.02890980343,138785.10008416284],[397936.91780955059,138787.41249942689],[397937.41397445742,138789.83968452472],[397937.50387041434,138792.31543205446],[397937.1850452894,138794.7722099552],[397936.4661958167,138797.14300360915],[397935.36693037138,138799.36314382876],[397933.91723410331,138801.37207086687],[397932.15665101918,138803.11498633176],[397930.13320532272,138804.54434794709],[397927.90209143754,138805.62116638364],[397925.52416844427,138806.31606878844],[397923.06430000067,138806.6101000011],[397909.84080000222,138807.0903000012],[397907.04730000347,138807.19040000066],[397906.56310000271,138807.19990000129],[397879.52120000124,138807.29569999874],[397869.84170000255,138807.32999999821],[397857.71500000358,138807.33830000088],[397825.73080000281,138807.3599999994],[397821.2744999975,138807.37990000099],[397810.31379999965,138807.43980000168],[397804.80680000037,138807.47120000049],[397798.01929999888,138807.50979999825],[397785.72900000215,138807.56980000064],[397766.13400000334,138807.67960000038],[397755.85350000113,138807.56920000166],[397745.89249999821,138807.46930000186],[397736.55839999765,138807.37929999828],[397727.21289999783,138807.28049999848],[397702.46559999883,138807.4199000001],[397693.27830000222,138807.47170000151],[397666.98129999638,138807.61980000138],[397665.06440000236,138807.6297999993],[397657.50129999965,138807.68939999864],[397655.42419999838,138807.70939999819],[397644.53580000252,138807.79960000142],[397637.43590000272,138807.84980000183],[397607.55470000207,138807.67179999873],[397578.79060000181,138807.5],[397575.38000000268,138807.5],[397564.56030000001,138807.5],[397553.76309999824,138807.56969999894],[397522.15060000122,138807.79980000108],[397516.28880000114,138807.80460000038],[397499.83190000057,138807.81760000065],[397484.15779999644,138807.82999999821],[397473.61069999635,138807.84670000151],[397458.87539999932,138807.86989999935],[397445.47980000079,138807.809799999],[397431.06310000271,138807.7397999987],[397420.00850000232,138807.68019999936],[397418.17629999667,138807.68989999965],[397400.03580000252,138807.73000000045],[397330.44210000336,138807.90870000049],[397306.60109999776,138807.96990000084],[397283.13009999692,138808.0298999995],[397280.03850000352,138808.01000000164],[397278.85249999911,138808.00219999999],[397246.42339999974,138807.78970000148],[397229.03499999642,138807.67969999835],[397211.68500000238,138807.56969999894],[397208.56560000032,138807.55000000075],[397183.44420000166,138807.51999999955],[397117.22590000182,138807.61780000106],[397115.69169999659,138807.62000000104],[397048.1697999984,138807.84959999844],[397018.38369999826,138808.28860000148],[397016.60119999945,138808.30950000137],[397005.16099999845,138808.23970000073],[396990.91920000315,138808.13969999924],[396966.0951000005,138807.9803000018],[396962.48020000011,138808.00030000135],[396935.45319999754,138808.14990000054],[396919.52499999851,138808.19590000063],[396884.38329999894,138808.29740000144],[396862.68259999901,138808.31989999861],[396856.78230000287,138808.37970000133],[396848.81930000335,138808.35000000149],[396846.89069999754,138808.35000000149],[396835.23550000042,138808.3200000003],[396810.49970000237,138808.26999999955],[396808.96729999781,138808.26999999955],[396803.46769999713,138808.28000000119],[396765.0380000025,138808.35179999843],[396749.9395999983,138808.37999999896],[396726.00090000033,138808.42980000004],[396692.25060000271,138808.5],[396677.04050000012,138808.51000000164],[396663.56109999865,138808.51999999955],[396650.10409999639,138808.53000000119],[396632.57419999689,138808.55000000075],[396622.86609999835,138808.54699999839],[396600.00970000029,138808.53999999911],[396559.95409999788,138808.57809999958],[396524.18869999796,138808.73020000011],[396523.19870000333,138808.73440000042],[396467.94810000062,138808.8125],[396461.4627000019,138808.8125],[396442.82509999722,138808.84380000085],[396432.32079999894,138808.84380000085],[396425.53180000186,138809.10539999977]]]},"properties":{"OBJECTID":47,"ROUTEID":"11087232","FROMMEASURE":903.19839999999999,"TOMEASURE":2438.2682,"ROUTENAME":"U ST NW","CORRIDORID":"11087232_3","FROMSTREET":"9TH ST NW/FLORIDA AVE NW","TOSTREET":"18TH ST NW/VERNON ST NW","LENGTH_MI":0.95384685000000002,"TIER_1":1,"TIER_2":0,"TIER_3":0,"GIS_ID":"HIN_CorridorsLn_28","SE_ANNO_CAD_DATA":null,"BUFF_DIST":15,"ORIG_FID":28,"SHAPE_Length":3164.3825732914515,"SHAPE_Area":46758.822548548771}},{"type":"Feature","id":48,"geometry":{"type":"Polygon","coordinates":[[[394559.23110000044,137180.78099999949],[394561.49832670146,137181.36626994997],[394563.64682946733,137182.29728750841],[394565.6242416302,137183.55136045956],[394567.38236661011,137185.09792257726],[394568.87835263688,137186.89927863216],[394570.07573720074,137188.91152315881],[394570.94533577346,137191.08561058831],[394571.46595313941,137193.36855066355],[394571.62489999831,137195.70470000058],[394571.27690000087,137212.9963000007],[394571.03890000284,137226.90080000088],[394570.89310000092,137242.00609999895],[394570.83730000257,137247.69469999894],[394570.41679999977,137264.11389999837],[394570.36860000342,137265.98519999906],[394570.29100000113,137276.25950000063],[394570.2295999974,137284.40920000151],[394570.21169999987,137286.54390000179],[394570.13690000027,137295.54219999909],[394570.03819999844,137307.33280000091],[394569.47230000049,137333.80559999868],[394569.44849999994,137334.9224999994],[394569.38210000098,137341.68690000102],[394569.31859999895,137348.13459999859],[394569.29839999974,137349.30209999904],[394569.16049999744,137357.19319999963],[394568.93879999965,137369.88280000165],[394568.93259999901,137370.53319999948],[394568.78909999877,137385.56140000001],[394568.74939999729,137388.87889999896],[394568.45899999887,137413.12950000167],[394568.45069999993,137413.48020000011],[394567.84440000355,137430.62040000036],[394567.51609999686,137439.90680000186],[394567.21840000153,137459.96480000019],[394567.09369999915,137468.20859999955],[394566.88409999758,137482.05020000041],[394566.67689999938,137495.7536999993],[394566.55740000308,137503.64180000126],[394566.31080000103,137514.63540000096],[394565.93729999661,137531.29160000011],[394565.90439999849,137533.2675999999],[394565.66749999672,137547.51209999993],[394565.31400000304,137565.49960000068],[394565.29640000314,137566.39330000058],[394565.04599999636,137576.49170000106],[394564.82490000129,137585.41770000011],[394564.77750000358,137587.33109999821],[394564.43860000372,137611.18299999833],[394564.42880000174,137611.55200000107],[394564.30520000309,137614.72300000116],[394564.16160000116,137617.62379999831],[394564.13359999657,137618.06049999967],[394563.95359999686,137620.34050000086],[394563.77220000327,137621.76469999924],[394563.70359999686,137622.12790000066],[394563.26739999652,137624.28889999911],[394562.51110000163,137628.22819999978],[394561.98170000315,137630.22850000113],[394556.82859999686,137645.37939999998],[394556.55150000006,137646.1083999984],[394552.34049999714,137656.3403000012],[394546.37060000002,137670.50230000168],[394541.0578000024,137683.77059999853],[394534.37590000033,137700.02749999985],[394526.64970000088,137718.86400000006],[394517.0129000023,137742.58179999888],[394515.40559999645,137746.53559999913],[394510.69099999964,137757.68050000072],[394506.58900000155,137767.37519999966],[394505.66080000252,137769.56870000064],[394503.14800000191,137775.71849999949],[394499.16669999808,137785.46200000122],[394483.59130000323,137822.83889999986],[394478.98690000176,137834.15500000119],[394474.5121999979,137845.15239999816],[394471.19720000029,137853.29969999939],[394469.07079999894,137858.52540000156],[394456.74560000002,137888.42179999873],[394454.43850000203,137894.02540000156],[394449.28689999878,137906.51330000162],[394448.51600000262,137908.36470000073],[394443.52889999747,137920.33960000053],[394438.56059999764,137932.26920000091],[394432.47410000116,137946.88410000131],[394432.10019999743,137947.78119999915],[394420.30479999632,137976.69990000129],[394412.19129999727,137996.31010000035],[394409.16070000082,138003.63479999825],[394404.19879999757,138015.62730000168],[394403.9768999964,138016.16360000148],[394388.89069999754,138052.48380000144],[394388.33749999851,138053.81590000167],[394384.71920000017,138062.93239999935],[394380.54469999671,138073.45019999892],[394376.06210000068,138084.74020000175],[394368.40619999915,138102.90439999849],[394364.28220000118,138112.68699999899],[394358.91080000252,138125.42790000141],[394358.29869999737,138126.87999999896],[394343.4245999977,138163.40049999952],[394330.49099999666,138194.60779999942],[394317.76609999686,138225.12539999932],[394305.0856000036,138255.87640000135],[394293.82639999688,138282.86879999936],[394287.70430000126,138297.54500000179],[394285.29720000178,138303.31569999829],[394284.92790000141,138304.20100000128],[394284.19529999793,138305.98669999838],[394278.4878000021,138319.89339999855],[394274.14670000225,138330.47549999878],[394270.59759999812,138339.11820000038],[394269.96689999849,138340.65509999916],[394253.38350000232,138381.06190000102],[394244.86079999804,138401.82400000095],[394235.49170000106,138424.29809999838],[394230.59570000321,138436.73519999906],[394226.51160000265,138447.11190000176],[394225.83460000157,138448.82559999824],[394225.66059999913,138449.24709999934],[394213.82429999858,138476.73369999975],[394192.35679999739,138528.75149999931],[394190.27549999952,138533.65569999814],[394185.4355000034,138545.03579999879],[394181.86599999666,138553.4450000003],[394170.33680000156,138580.56280000135],[394159.6120999977,138605.85069999844],[394154.18869999796,138618.66800000146],[394139.53580000252,138652.16670000181],[394138.86569999903,138653.63879999891],[394137.97020000219,138655.59650000185],[394136.35980000347,138658.99749999866],[394134.67400000244,138662.40159999952],[394133.84250000119,138664.01300000027],[394132.92700000107,138665.77840000018],[394131.14180000126,138669.10200000182],[394129.27350000292,138672.43919999897],[394128.01190000027,138674.6063000001],[394127.37120000273,138675.69880000129],[394125.42509999871,138678.92020000145],[394123.40779999644,138682.13879999891],[394121.36580000073,138685.2723999992],[394115.22389999777,138694.4990000017],[394114.49490000308,138695.59400000051],[394100.68860000372,138717.4550999999],[394077.26089999825,138755.93910000101],[394076.83980000019,138756.6259999983],[394069.42849999666,138768.51839999855],[394063.89209999889,138777.29459999874],[394057.06319999695,138788.15269999951],[394056.4755000025,138789.0848999992],[394050.28199999779,138798.89059999958],[394044.26269999892,138808.41950000077],[394040.87619999796,138813.78229999915],[394011.9226000011,138858.46970000118],[394006.92010000348,138866.19029999897],[394006.39109999686,138866.99469999969],[393995.51739999652,138883.52019999921],[393988.49589999765,138894.1724999994],[393983.06409999728,138902.4199000001],[393953.68330000341,138945.81219999865],[393942.34579999745,138962.97989999875],[393925.25760000199,138988.8553000018],[393896.20809999853,139032.39979999885],[393895.33259999752,139033.73250000179],[393886.57850000262,139047.02849999815],[393881.29930000007,139055.04720000178],[393865.41040000319,139079.19069999829],[393862.46100000292,139083.64950000122],[393832.30070000142,139129.24540000036],[393831.91870000213,139129.79580000043],[393828.75519999862,139134.14319999889],[393825.77340000123,139138.43659999967],[393823.29670000076,139142.15170000121],[393822.87749999762,139142.7846999988],[393820.05590000004,139147.20650000125],[393818.005400002,139150.58529999852],[393817.33309999853,139151.68789999932],[393814.75119999796,139156.14029999822],[393812.17979999632,139160.78680000082],[393809.74610000104,139165.40900000185],[393807.40690000355,139170.08720000088],[393805.12600000203,139174.89930000156],[393802.06220000237,139181.45459999889],[393799.41659999639,139187.12939999998],[393799.2669999972,139187.45879999921],[393796.84880000353,139192.62209999934],[393787.39630000293,139212.88830000162],[393768.0380000025,139253.79610000178],[393750.35570000112,139291.4721999988],[393728.51060000062,139337.15199999884],[393715.60899999738,139364.75290000066],[393710.24379999936,139376.23099999875],[393703.19049999863,139391.43100000173],[393700.43230000138,139397.15980000049],[393696.8647999987,139404.79780000076],[393696.17010000348,139406.30600000173],[393691.33479999751,139416.67909999937],[393686.26600000262,139427.5465000011],[393675.01979999989,139451.6959999986],[393674.09260000288,139453.96700000018],[393673.23860000074,139456.32730000094],[393672.48279999942,139458.71550000086],[393671.82069999725,139461.14620000124],[393671.25919999927,139463.58439999819],[393670.80110000074,139466.0522999987],[393670.43469999731,139468.55950000137],[393670.16910000145,139471.05570000038],[393670.00919999927,139473.54089999944],[393669.94609999657,139476.35390000045],[393669.20610000193,139507.98350000009],[393668.88700000197,139523.5214000009],[393668.75900000334,139530.03200000152],[393668.69979999959,139538.37390000001],[393668.43020000309,139578.35249999911],[393668.5700000003,139636.88969999924],[393668.56009999663,139641.15509999916],[393668.56009999663,139649.31980000064],[393668.54990000278,139657.14609999955],[393668.52009999752,139692.84389999881],[393668.70009999722,139753.14249999821],[393668.71000000089,139767.78669999912],[393668.72999999672,139797.18890000135],[393668.71000000089,139805.31679999828],[393668.70009999722,139814.31720000133],[393668.68999999762,139822.83159999922],[393668.63009999692,139858.15459999815],[393668.64389999956,139860.76440000162],[393668.79999999702,139890.28920000046],[393668.86990000308,139937.17650000006],[393668.74979999661,139954.9327000007],[393668.69990000129,139963.88239999861],[393668.63979999721,139972.78730000183],[393668.630400002,139974.29729999974],[393668.93990000337,140015.25329999998],[393668.93770000339,140015.57600000128],[393668.84880000353,140020.58819999918],[393668.79999999702,140025.54830000177],[393668.7901000008,140030.52800000086],[393668.80960000306,140035.51370000094],[393668.85890000314,140040.50250000134],[393668.94680000097,140045.45690000057],[393669.0645999983,140050.45039999858],[393669.21180000156,140055.41910000145],[393669.39760000259,140060.3889000006],[393669.60180000216,140065.09499999881],[393669.73290000111,140066.60269999877],[393671.1425999999,140082.61730000004],[393672.82339999825,140101.78620000184],[393673.14899999648,140105.53689999878],[393674.76359999925,140118.39440000057],[393675.95369999856,140127.90569999814],[393677.15370000154,140137.47610000148],[393681.35209999979,140171.04540000111],[393681.79240000248,140174.56500000134],[393682.44579999894,140179.7137000002],[393684.78079999983,140198.11160000041],[393685.56780000031,140204.31370000169],[393691.38130000234,140250.12530000135],[393701.93810000271,140333.64059999958],[393703.3927000016,140345.14770000055],[393714.16420000046,140431.17850000039],[393714.35279999673,140432.68840000033],[393714.55110000074,140434.25459999964],[393715.77130000293,140443.87629999965],[393716.83299999684,140452.27969999984],[393716.97269999981,140453.39730000123],[393721.25150000304,140487.17819999903],[393724.16839999706,140510.28400000185],[393724.21700000018,140510.691300001],[393725.2405000031,140518.75039999932],[393726.2968999967,140527.07180000097],[393726.32890000194,140527.33669999987],[393728.73129999638,140546.29769999906],[393729.28509999812,140550.36270000041],[393729.84250000119,140554.52829999849],[393730.37939999998,140558.70169999823],[393730.90609999746,140562.86510000005],[393731.41499999911,140567.05860000104],[393731.90330000222,140571.24989999831],[393732.369599998,140575.42540000007],[393732.8254000023,140579.60909999907],[393733.26280000061,140583.80059999973],[393733.67629999667,140587.96489999816],[393734.13159999996,140592.51009999961],[393734.5522999987,140597.11549999937],[393734.94189999998,140601.72120000049],[393735.28970000148,140606.31170000136],[393735.61680000275,140610.9140000008],[393735.85069999844,140614.68279999867],[393735.9021999985,140615.48759999871],[393736.16860000044,140620.1015000008],[393736.36230000108,140624.06159999967],[393736.39459999651,140624.73110000044],[393736.58919999748,140629.34380000085],[393736.7444999963,140634.01709999889],[393736.81819999963,140637.85520000011],[393736.85930000246,140641.60700000077],[393736.88970000297,140645.33830000088],[393736.89989999682,140649.08999999985],[393736.88970000297,140652.84180000052],[393736.85930000246,140656.57310000062],[393736.81819999963,140660.32479999959],[393736.74689999968,140664.07649999857],[393736.66489999741,140667.82820000127],[393736.55039999634,140671.6409999989],[393736.39750000089,140675.39240000024],[393736.25829999894,140679.03299999982],[393736.10869999975,140682.69370000064],[393735.97980000079,140686.32220000029],[393735.8403000012,140689.98059999943],[393735.72129999846,140693.61129999906],[393735.59149999917,140697.27679999918],[393735.4720999971,140700.92650000006],[393735.36330000311,140704.55000000075],[393735.25330000371,140708.21939999983],[393735.23589999974,140708.61969999969],[393735.06930000335,140711.54360000044],[393734.85660000145,140714.55840000138],[393734.61079999804,140717.56709999964],[393734.32349999994,140720.56080000103],[393734.00670000166,140723.53819999844],[393733.6576000005,140726.5111999996],[393733.27340000123,140729.49709999934],[393732.84369999915,140732.50499999896],[393732.37919999659,140735.46440000087],[393731.88910000026,140738.43310000002],[393731.38030000031,140741.27439999953],[393730.85119999945,140744.05730000138],[393730.54270000011,140745.65080000088],[393730.30939999968,140746.83769999817],[393729.74360000342,140749.62359999865],[393729.14559999853,140752.41550000012],[393728.52849999815,140755.19700000063],[393728.32289999723,140756.08590000123],[393727.9028000012,140757.91629999876],[393727.25689999759,140760.67529999837],[393726.5719999969,140763.46819999814],[393725.88570000231,140766.16299999878],[393725.53159999847,140767.34690000117],[393725.01879999787,140768.83520000055],[393718.84359999746,140786.68710000068],[393704.41870000213,140827.20789999887],[393697.76659999788,140845.83370000124],[393694.3369999975,140855.44269999862],[393691.09269999713,140864.53069999814],[393691.0046999976,140864.78390000015],[393677.3796999976,140903.13789999858],[393676.19870000333,140906.33320000023],[393672.02019999921,140917.62909999862],[393665.59200000018,140935.04419999942],[393665.4029000029,140935.53020000085],[393662.87659999728,140941.70470000058],[393644.60010000318,140986.37269999832],[393641.247299999,140994.23519999906],[393637.93039999902,141002.01130000129],[393636.26460000128,141005.89149999991],[393634.61450000107,141009.76159999892],[393631.28630000353,141017.54100000113],[393627.9531000033,141025.29850000143],[393624.61980000138,141033.06599999964],[393621.27109999955,141040.83630000055],[393620.04909999669,141043.66079999879],[393617.93789999932,141048.57050000131],[393616.03190000355,141052.99450000003],[393614.58780000359,141056.33399999887],[393611.90039999783,141062.54780000076],[393611.24710000306,141064.06230000034],[393583.65919999778,141128.49430000037],[393578.82959999889,141139.77329999954],[393575.62039999664,141147.2714000009],[393572.119599998,141155.45329999924],[393557.53440000117,141189.50539999828],[393540.25869999826,141229.6854000017],[393534.0177000016,141244.20100000128],[393525.53819999844,141263.87530000135],[393512.92279999703,141293.14579999819],[393512.31279999763,141294.58229999989],[393509.19120000303,141301.90599999949],[393508.45139999688,141303.64550000057],[393505.44489999861,141310.70089999959],[393504.49319999665,141312.92489999905],[393501.69680000097,141319.47630000114],[393497.95329999924,141328.25459999964],[393494.19049999863,141337.04120000079],[393490.43930000067,141345.81410000101],[393486.67639999837,141354.59070000052],[393482.91640000045,141363.36070000008],[393479.15359999985,141372.13740000129],[393475.38279999793,141380.90909999982],[393471.39220000058,141390.21049999818],[393467.39339999855,141399.50780000165],[393463.87789999694,141407.71049999818],[393463.40609999746,141408.8115000017],[393459.41219999641,141418.12049999833],[393455.41340000182,141427.4178000018],[393451.42610000074,141436.72150000185],[393447.43490000069,141446.02419999987],[393443.44870000333,141455.31529999897],[393439.46869999915,141464.62539999932],[393438.52390000224,141466.8275000006],[393435.46890000254,141473.94810000062],[393434.17570000142,141476.94539999962],[393431.30870000273,141483.60850000009],[393430.16640000045,141486.26350000128],[393428.37550000101,141490.42610000074],[393427.14850000292,141493.26900000125],[393423.15640000254,141502.57400000095],[393422.99499999732,141502.94729999825],[393418.85199999809,141512.59079999849],[393414.70889999717,141522.23470000178],[393413.78649999946,141524.39039999992],[393410.55479999632,141531.91429999843],[393406.41830000281,141541.5661999993],[393402.27939999849,141551.23360000178],[393398.13830000162,141560.90619999915],[393393.99650000036,141570.57059999928],[393385.76439999789,141589.76529999822],[393381.55640000105,141599.53500000015],[393381.23430000246,141600.31560000032],[393380.48870000243,141601.92069999874],[393376.10329999775,141612.27800000086],[393371.54230000079,141622.89009999856],[393341.38459999859,141693.13809999824],[393340.08299999684,141696.14510000125],[393336.03980000317,141705.46229999885],[393331.12799999863,141716.77639999986],[393326.33839999884,141727.79549999908],[393318.97990000248,141744.7520999983],[393316.28010000288,141750.97170000151],[393302.33860000223,141783.34870000184],[393298.37870000303,141792.55860000104],[393295.30590000004,141799.69509999827],[393292.61739999801,141805.93169999868],[393290.00129999965,141812.01579999924],[393262.62309999764,141875.16840000078],[393262.10040000081,141876.39799999818],[393258.26129999757,141885.39579999819],[393254.38849999756,141894.51240000129],[393253.54819999635,141896.47549999878],[393243.28570000082,141919.75510000065],[393231.7920999974,141946.36389999837],[393227.62330000103,141956.03110000119],[393224.00360000134,141964.42040000111],[393220.84329999983,141971.75120000169],[393217.99059999734,141978.36039999872],[393214.35890000314,141986.68730000034],[393209.08569999784,141998.77470000088],[393205.1398999989,142007.79500000179],[393201.89029999822,142015.25959999859],[393201.28390000015,142016.62460000068],[393197.92670000345,142024.3125],[393193.34589999914,142034.80420000106],[393183.20549999923,142058.00930000097],[393179.25890000165,142067.20109999925],[393175.21029999852,142076.50670000166],[393171.44420000166,142085.40239999816],[393169.87879999727,142089.03449999914],[393151.28890000284,142131.52730000019],[393151.13599999994,142131.87810000032],[393147.48040000349,142140.34369999915],[393147.3674999997,142140.60060000047],[393144.61900000274,142146.9609999992],[393133.77619999647,142172.04500000179],[393117.16969999671,142211.77479999885],[393116.85710000247,142212.47199999914],[393111.44709999859,142223.76199999824],[393106.95600000024,142233.13450000063],[393101.31170000136,142244.90249999985],[393099.40779999644,142248.89290000126],[393085.36429999769,142280.06989999861],[393079.67930000275,142293.46709999815],[393070.36819999665,142315.40940000117],[393070.16160000116,142315.87429999933],[393068.77359999716,142318.85949999839],[393067.53029999882,142321.70389999822],[393066.32360000163,142324.66409999877],[393065.23960000277,142327.48790000007],[393064.20069999993,142330.44189999998],[393063.82999999821,142331.55409999937],[393063.24560000002,142333.35229999945],[393062.33850000054,142336.36360000074],[393061.50320000201,142339.36369999871],[393060.75569999963,142342.3535999991],[393060.0372999981,142345.54870000109],[393059.53310000151,142347.82259999961],[393059.45130000263,142348.23310000077],[393059.03100000322,142350.20760000125],[393058.55489999801,142352.52129999921],[393058.10639999807,142354.80119999871],[393057.67759999633,142357.13569999859],[393057.25289999694,142359.49109999835],[393056.86079999804,142361.77800000086],[393056.48960000277,142364.11980000138],[393056.12269999832,142366.49500000104],[393055.77189999819,142368.89200000092],[393055.70120000094,142369.3302000016],[393047.73560000211,142414.31159999967],[393047.13120000064,142417.65590000153],[393045.54089999944,142426.4673999995],[393043.87080000341,142435.69799999893],[393038.37269999832,142466.14770000055],[393037.88239999861,142468.87929999828],[393037.24009999633,142472.43200000003],[393035.75680000335,142480.61490000039],[393035.66489999741,142481.13540000096],[393027.96429999918,142523.47709999979],[393027.070600003,142528.13030000031],[393027.00400000066,142528.45679999888],[393025.74400000274,142534.30719999969],[393024.39639999717,142540.21279999986],[393022.98749999702,142546.10509999841],[393021.49899999797,142552.01669999957],[393019.93490000069,142557.87379999831],[393018.31930000335,142563.71719999984],[393016.61509999633,142569.56370000169],[393015.71809999645,142572.51099999994],[393014.85819999874,142575.35750000179],[393013.28109999746,142580.32519999892],[393013.02480000257,142581.13639999926],[393011.14289999753,142586.83520000055],[393010.99539999664,142587.26029999927],[393010.8105000034,142587.74219999835],[393009.65470000356,142590.60700000077],[393005.72110000253,142600.49109999835],[393003.68599999696,142605.57380000129],[392995.02480000257,142627.22170000151],[392982.68879999965,142657.67660000175],[392970.5372999981,142687.86030000076],[392968.10239999741,142693.86239999905],[392964.05359999835,142703.86939999834],[392957.64639999717,142719.68259999901],[392947.84340000153,142743.98020000011],[392936.96940000355,142771.25019999966],[392932.87539999932,142781.58520000055],[392929.68240000308,142789.64279999956],[392927.55430000275,142794.9979000017],[392924.93649999797,142801.61740000173],[392916.23399999738,142823.3385999985],[392916.002700001,142823.88450000063],[392910.47789999843,142836.23640000075],[392909.36110000312,142840.25059999898],[392909.005400002,142841.36030000076],[392908.78930000216,142841.92080000043],[392897.29990000278,142871.03840000182],[392893.80139999837,142879.96909999847],[392890.68990000337,142887.95300000161],[392888.10469999909,142894.54170000181],[392887.27390000224,142896.63879999891],[392857.3403000012,142972.06300000101],[392855.57230000198,142976.46310000122],[392851.62780000269,142986.31940000132],[392848.12110000104,142995.09600000083],[392847.59329999983,142996.40569999814],[392824.8973999992,143053.94990000129],[392800.00940000266,143116.62009999901],[392796.46920000017,143125.52059999853],[392793.05219999701,143134.12310000136],[392786.91770000011,143149.59439999983],[392752.60040000081,143235.58269999921],[392749.10209999979,143244.3385999985],[392745.61330000311,143253.09569999948],[392744.76789999753,143255.21409999952],[392708.33720000088,143347.14050000161],[392704.95220000297,143355.70320000127],[392671.0346999988,143440.83669999987],[392664.81589999795,143456.54390000179],[392660.15609999746,143468.30330000073],[392655.02619999647,143481.26300000027],[392641.83690000325,143514.5513000004],[392623.81199999899,143560.33350000158],[392613.92719999701,143585.04089999944],[392590.47850000113,143643.67240000144],[392589.88759999722,143645.23299999908],[392585.52730000019,143656.7435999997],[392585.36500000209,143657.1539000012],[392583.53440000117,143661.58830000088],[392576.77059999853,143680.03460000083],[392575.66044918,143682.40079895954],[392574.15641866979,143684.53837342063],[392572.30417328299,143686.38242314322],[392570.15995020524,143687.8769597754],[392567.78885154019,143688.97660675179],[392565.26286770363,143689.64797699978],[392562.65869167756,143689.87068662563],[392560.05539048597,143689.63797380248],[392557.53200459154,143688.95690407051],[392555.16514809825,143687.84815581565],[392553.02668262291,143686.3453924401],[392551.18153545895,143684.49424028659],[392549.68572827836,143682.35090334839],[392548.58467622247,143679.98045682453],[392547.91180902434,143677.45487133085],[392547.68755602767,143674.85082775485],[392547.91872591845,143672.24738909918],[392548.59830000252,143669.72360000014],[392555.4720999971,143650.97700000182],[392555.690200001,143650.41699999943],[392557.55160000175,143645.90819999948],[392561.83250000328,143634.60709999874],[392562.5223999992,143632.78889999911],[392586.07289999723,143573.89909999818],[392595.93050000072,143549.26000000164],[392613.93879999965,143503.51979999989],[392627.13379999995,143470.21700000018],[392632.26389999688,143457.25670000166],[392636.92409999669,143445.496199999],[392643.14930000156,143429.77329999954],[392677.07090000063,143344.62920000032],[392680.44280000031,143336.09950000048],[392716.89169999957,143244.12700000033],[392717.74679999799,143241.98440000042],[392721.23799999803,143233.22150000185],[392724.73960000277,143224.45729999989],[392759.04399999976,143138.50120000169],[392765.1678000018,143123.05700000003],[392768.59080000222,143114.43950000033],[392772.13059999794,143105.53999999911],[392796.99979999661,143042.91699999943],[392819.72670000046,142985.29500000179],[392820.28270000219,142983.91470000148],[392823.77229999751,142975.18070000038],[392827.72770000249,142965.29699999839],[392829.4878000021,142960.91660000011],[392859.38610000163,142885.5811999999],[392860.19929999858,142883.52809999883],[392862.75020000339,142877.02730000019],[392865.85869999975,142869.05099999905],[392869.38019999862,142860.06170000136],[392880.67220000178,142831.44260000065],[392881.87629999965,142827.11490000039],[392882.23200000077,142826.00519999862],[392882.63470000029,142825.01099999994],[392888.49660000205,142811.90540000051],[392897.05870000273,142790.53449999914],[392899.6657000035,142783.94220000133],[392901.79770000279,142778.57730000094],[392904.98470000178,142770.53480000049],[392909.09059999883,142760.1699000001],[392919.99819999933,142732.81599999964],[392929.83370000124,142708.4375],[392936.24639999866,142692.61059999838],[392940.2976000011,142682.59769999981],[392942.7295999974,142676.6026000008],[392954.87129999697,142646.44339999929],[392967.19619999826,142616.01570000127],[392975.83399999887,142594.42619999871],[392977.85899999738,142589.36890000105],[392981.80640000105,142579.45059999824],[392982.80870000273,142576.96609999985],[392984.47380000353,142571.92570000142],[392984.67859999835,142571.27580000088],[392986.20080000162,142566.48319999874],[392987.00519999862,142563.81819999963],[392987.86389999837,142560.99799999967],[392989.45949999988,142555.52439999953],[392990.98700000346,142549.99839999899],[392992.46029999852,142544.48330000043],[392993.85159999877,142538.95659999922],[392995.18299999833,142533.38819999993],[392996.45660000294,142527.80750000104],[392997.6400000006,142522.31030000001],[392998.47680000216,142517.95540000126],[393006.13220000267,142475.86070000008],[393006.22439999878,142475.33889999986],[393007.71989999712,142467.08799999952],[393008.35760000348,142463.56069999933],[393008.84730000049,142460.83229999989],[393014.34920000285,142430.36199999973],[393016.01910000294,142421.13269999996],[393017.60880000144,142412.32420000061],[393018.20459999889,142409.02760000154],[393026.12070000172,142364.32499999925],[393026.45700000226,142362.02910000086],[393026.85040000081,142359.48070000112],[393027.26039999723,142356.89840000123],[393027.7071999982,142354.28959999979],[393028.16250000149,142351.76410000026],[393028.6344999969,142349.19750000164],[393029.14500000328,142346.60080000013],[393029.66830000281,142344.05689999834],[393030.10000000149,142342.01399999857],[393030.21999999881,142341.42320000008],[393030.76269999892,142338.99130000174],[393031.52539999783,142335.59939999878],[393031.60790000111,142335.25200000033],[393032.44789999723,142331.89200000092],[393032.54969999939,142331.5064000003],[393033.52359999716,142328.01520000026],[393034.56740000099,142324.54390000179],[393034.66449999809,142324.23369999975],[393035.3321999982,142322.18019999936],[393035.81970000267,142320.7201000005],[393037.03710000217,142317.25659999996],[393037.15640000254,142316.93420000002],[393038.42809999734,142313.62609999999],[393039.81970000267,142310.20789999887],[393039.96570000052,142309.86230000108],[393041.35570000112,142306.68230000138],[393041.49840000272,142306.36569999903],[393042.85170000046,142303.4552000016],[393052.06289999932,142281.74830000103],[393057.81180000305,142268.20059999824],[393057.94349999726,142267.89950000122],[393072.12349999696,142236.41950000077],[393072.26190000027,142236.12090000138],[393074.24859999865,142231.95699999854],[393079.90410000086,142220.16560000181],[393084.39289999753,142210.79800000042],[393089.63710000366,142199.85410000011],[393106.16579999775,142160.31179999933],[393117.08100000024,142135.05909999833],[393119.87049999833,142128.60440000147],[393119.9776000008,142128.36039999872],[393123.60930000246,142119.94999999925],[393123.79360000044,142119.52710000053],[393142.35809999704,142077.09250000119],[393143.85350000113,142073.62280000001],[393147.63970000297,142064.68039999902],[393151.71989999712,142055.30139999837],[393155.67589999735,142046.08790000156],[393165.85409999639,142022.79580000043],[393170.43339999765,142012.30750000104],[393173.83320000023,142004.52250000089],[393174.43100000173,142003.17700000107],[393177.6419999972,141995.80079999939],[393181.59440000355,141986.76529999822],[393186.86110000312,141974.69280000031],[393190.46729999781,141966.42440000176],[393193.29680000246,141959.86879999936],[393196.45639999956,141952.53959999979],[393200.07670000196,141944.14889999852],[393204.2479000017,141934.47619999945],[393215.79219999909,141907.75050000101],[393226.03230000287,141884.52230000123],[393226.79450000077,141882.74069999903],[393230.65869999677,141873.64429999888],[393234.49970000237,141864.64200000092],[393235.05680000037,141863.3321999982],[393262.46419999748,141800.11149999872],[393265.06270000339,141794.06839999929],[393267.75410000235,141787.82490000129],[393270.82129999995,141780.70149999857],[393274.78140000254,141771.49130000174],[393288.75169999897,141739.04740000144],[393291.46010000259,141732.80790000036],[393298.82159999758,141715.84459999949],[393303.6120999977,141704.82360000163],[393308.52019999921,141693.51779999956],[393312.557099998,141684.21499999985],[393313.83940000087,141681.25250000134],[393343.97770000249,141611.04989999905],[393348.53679999709,141600.44209999964],[393353.34380000085,141589.26509999856],[393353.66579999775,141588.48440000042],[393354.41170000285,141586.87950000167],[393358.195600003,141577.934799999],[393366.42360000312,141558.74949999899],[393370.56170000136,141549.09380000085],[393374.70059999824,141539.42639999837],[393378.84170000255,141529.753800001],[393382.98520000279,141520.08570000157],[393386.21360000223,141512.56960000098],[393387.13379999995,141510.41910000145],[393391.2880000025,141500.74920000136],[393395.44510000199,141491.07279999927],[393395.6053000018,141490.70199999958],[393399.59149999917,141481.41099999845],[393400.82460000366,141478.5540000014],[393402.60880000144,141474.40689999983],[393403.75129999965,141471.75149999931],[393406.62430000305,141465.07459999993],[393407.91120000184,141462.09189999849],[393410.95419999957,141454.9990000017],[393411.89140000194,141452.81469999999],[393415.87129999697,141443.5047999993],[393419.86509999633,141434.19579999894],[393423.85400000215,141424.8984999992],[393427.84669999778,141415.58229999989],[393431.8478000015,141406.27959999815],[393435.83399999887,141396.98849999905],[393436.30349999666,141395.89290000126],[393439.82670000196,141387.67229999974],[393443.82779999822,141378.36960000172],[393447.8171999976,141369.07090000063],[393451.58649999648,141360.30270000175],[393455.34359999746,141351.53929999843],[393459.10360000283,141342.76929999888],[393462.85869999975,141334.01069999859],[393466.60960000008,141325.2388000004],[393470.36680000275,141316.46550000086],[393474.1032000035,141307.70369999856],[393476.90690000355,141301.13509999961],[393477.85520000011,141298.91919999942],[393480.84860000014,141291.89460000023],[393481.58889999986,141290.15399999917],[393484.70729999989,141282.83769999817],[393485.33910000324,141281.35000000149],[393497.98799999803,141252.00140000135],[393506.46230000257,141232.33909999952],[393512.69810000062,141217.83559999987],[393529.96570000052,141177.67460000142],[393544.54050000012,141143.64680000022],[393548.03970000148,141135.46869999915],[393551.25050000101,141127.96680000052],[393556.08089999855,141116.68580000103],[393583.68879999965,141052.20729999989],[393584.35960000008,141050.6521999985],[393587.0522999987,141044.42610000074],[393588.48820000142,141041.10559999943],[393590.38220000267,141036.70960000157],[393592.50659999996,141031.76920000091],[393593.72649999708,141028.94940000027],[393597.06019999832,141021.21409999952],[393600.38700000197,141013.46159999818],[393603.71379999816,141005.71909999847],[393607.02549999952,140997.97839999944],[393608.67920000106,140994.0998999998],[393610.34960000217,140990.20879999921],[393613.65269999951,140982.46480000019],[393616.92140000314,140974.80160000175],[393635.11079999804,140930.34439999983],[393637.53790000081,140924.41230000183],[393643.87990000099,140907.23090000078],[393648.06139999628,140895.92689999938],[393649.17970000207,140892.90239999816],[393662.69189999998,140854.86499999836],[393662.78920000046,140854.58509999886],[393666.08309999853,140845.3572999984],[393669.51340000331,140835.74639999866],[393676.16130000353,140817.13219999894],[393690.53869999945,140776.74549999833],[393696.6603000015,140759.04740000144],[393696.96700000018,140758.1576000005],[393697.46580000222,140756.19940000027],[393698.08280000091,140753.68430000171],[393698.67830000073,140751.1389000006],[393699.09359999746,140749.32939999923],[393699.27220000327,140748.55840000138],[393699.83529999852,140746.01949999854],[393700.37619999796,140743.49529999867],[393700.88970000297,140740.96609999985],[393701.09560000151,140739.91800000146],[393701.38570000231,140738.41890000179],[393701.88080000132,140735.81700000167],[393702.32590000331,140733.33210000023],[393702.75990000367,140730.69959999993],[393703.17660000175,140728.04830000177],[393703.54590000212,140725.46330000088],[393703.88180000335,140722.85009999946],[393704.192900002,140720.20109999925],[393704.47609999776,140717.53959999979],[393704.72789999843,140714.91829999909],[393704.94319999963,140712.27879999951],[393705.13009999692,140709.63430000097],[393705.27260000259,140707.12209999934],[393705.37680000067,140703.64999999851],[393705.48740000278,140699.96959999949],[393705.60869999975,140696.25939999893],[393705.73929999769,140692.57090000063],[393705.85949999839,140688.90839999914],[393706.00079999864,140685.19979999959],[393706.13099999726,140681.53750000149],[393706.28249999881,140677.82759999856],[393706.42180000246,140674.18699999899],[393706.56909999996,140670.58080000058],[393706.67509999871,140667.04320000112],[393706.75320000201,140663.46350000054],[393706.82159999758,140659.87070000172],[393706.86060000211,140656.29069999978],[393706.89019999653,140652.6699000001],[393706.89999999851,140649.09010000154],[393706.89019999653,140645.51009999961],[393706.86060000211,140641.88940000162],[393706.82159999758,140638.30939999968],[393706.7546999976,140634.80279999971],[393706.61020000279,140630.46810000017],[393706.42589999735,140626.10139999911],[393706.39769999683,140625.51839999855],[393706.21119999886,140621.69979999959],[393705.95820000023,140617.32070000097],[393705.9096999988,140616.56390000135],[393705.68249999732,140612.89999999851],[393705.37080000341,140608.51630000025],[393705.03790000081,140604.12060000002],[393704.66770000011,140599.74590000138],[393704.26730000228,140595.36120000109],[393703.82410000265,140590.93879999965],[393703.41849999875,140586.85269999877],[393702.99270000309,140582.77380000055],[393702.55049999803,140578.71460000053],[393702.09529999644,140574.63879999891],[393701.62449999899,140570.59739999846],[393701.13579999655,140566.57090000063],[393700.62060000002,140562.49830000103],[393700.09870000184,140558.44090000167],[393699.55449999869,140554.37480000034],[393698.98820000142,140550.2153000012],[393696.55290000141,140530.9963000007],[393696.52130000293,140530.7349999994],[393695.47950000316,140522.52959999815],[393694.44240000099,140514.36160000041],[393694.39230000228,140513.94319999963],[393691.48849999905,140490.94189999998],[393687.20740000159,140457.1427000016],[393687.06710000336,140456.02039999887],[393686.00879999995,140447.6436999999],[393684.78899999708,140438.02549999952],[393684.58720000088,140436.43169999868],[393684.39609999955,140434.90159999952],[393673.62730000168,140348.89240000024],[393672.17490000278,140337.40289999917],[393661.61900000274,140253.8946999982],[393655.80640000105,140208.0903000012],[393655.01950000226,140201.88850000128],[393652.68450000137,140183.49069999903],[393652.02769999951,140178.31509999931],[393651.58410000056,140174.76859999821],[393647.38629999757,140141.20389999822],[393646.18639999628,140131.63430000097],[393644.99660000205,140122.12570000067],[393643.34690000117,140108.98900000006],[393643.28620000184,140108.41750000045],[393642.93689999729,140104.39389999956],[393641.25770000368,140085.24269999936],[393639.8470999971,140069.21730000153],[393639.68639999628,140067.36939999834],[393639.64410000294,140066.72030000016],[393639.42230000347,140061.6053000018],[393639.22869999707,140056.42229999974],[393639.07530000061,140051.24909999967],[393638.95329999924,140046.07990000024],[393638.86169999838,140040.90720000118],[393638.81030000001,140035.72349999845],[393638.78999999911,140030.54969999939],[393638.80049999803,140025.3713000007],[393638.85159999877,140020.18320000172],[393638.93909999728,140015.23649999872],[393638.63019999862,139974.31659999862],[393638.64039999992,139972.59270000085],[393638.7004000023,139963.69099999964],[393638.75029999763,139954.747299999],[393638.86990000308,139937.10689999908],[393638.80009999871,139890.38899999857],[393638.64429999888,139860.92309999838],[393638.63009999692,139858.19799999893],[393638.68999999762,139822.78840000182],[393638.70009999722,139814.28290000185],[393638.71000000089,139805.26330000162],[393638.72999999672,139797.15320000052],[393638.71000000089,139767.80710000172],[393638.70009999722,139753.18160000071],[393638.52009999752,139692.86080000177],[393638.54990000278,139657.11400000006],[393638.56009999663,139649.30020000041],[393638.56009999663,139641.10249999911],[393638.56989999861,139636.89079999924],[393638.43010000139,139578.29820000008],[393638.70049999654,139538.1660999991],[393638.76179999858,139529.62939999998],[393638.89310000092,139522.91869999841],[393639.21369999647,139507.31060000136],[393639.95400000364,139475.66620000079],[393640.02390000224,139472.55310000107],[393640.05099999905,139471.92740000039],[393640.25100000203,139468.81740000099],[393640.30430000275,139468.19269999862],[393640.63419999927,139465.09270000085],[393640.70759999752,139464.51099999994],[393641.15770000219,139461.43100000173],[393641.24009999633,139460.92880000174],[393641.8219999969,139457.79219999909],[393641.9525000006,139457.16409999877],[393642.65250000358,139454.12409999967],[393642.79739999771,139453.54729999974],[393643.61739999801,139450.53730000183],[393643.78899999708,139449.95430000126],[393644.72890000045,139446.98429999873],[393644.92469999939,139446.40659999847],[393645.98969999701,139443.46319999918],[393646.20300000161,139442.90989999846],[393647.38300000131,139440.01990000159],[393647.67210000008,139439.35770000145],[393659.07410000265,139414.87359999865],[393664.1454000026,139404.0009999983],[393668.94919999689,139393.69570000097],[393669.65250000358,139392.1688000001],[393673.32760000229,139384.30160000175],[393676.07079999894,139378.60449999943],[393683.0522999987,139363.55759999901],[393688.43150000274,139352.04930000007],[393701.38960000128,139324.32840000093],[393723.24260000139,139278.63159999996],[393740.90129999816,139241.00549999997],[393760.24440000206,139200.12990000099],[393769.67149999738,139179.91789999977],[393772.01269999892,139174.92049999908],[393772.14720000327,139174.62420000136],[393774.87789999694,139168.76550000161],[393777.97829999775,139162.13199999928],[393780.43469999731,139156.95340000093],[393783.05569999665,139151.71159999818],[393785.78170000017,139146.53429999948],[393788.57580000162,139141.48189999908],[393788.71689999849,139141.23270000145],[393791.46400000155,139136.49529999867],[393791.63270000368,139136.21159999818],[393792.37399999797,139134.99560000002],[393794.49669999629,139131.4979000017],[393794.67520000041,139131.21110000089],[393797.72450000048,139126.43459999934],[393798.31639999896,139125.53880000114],[393800.96949999779,139121.56159999967],[393804.20979999751,139116.89359999821],[393804.40129999816,139116.62420000136],[393807.46429999918,139112.41499999911],[393837.4395999983,139067.09870000184],[393840.37590000033,139062.6596999988],[393856.24069999903,139038.55279999971],[393861.52149999887,139030.53159999847],[393870.2677000016,139017.24760000035],[393871.19280000031,139015.8396999985],[393900.26879999787,138972.25519999862],[393917.31210000068,138946.4477000013],[393928.74130000174,138929.14189999923],[393958.11460000277,138885.76099999994],[393963.44420000166,138877.66759999841],[393970.4627000019,138867.01979999989],[393981.32909999788,138850.50539999828],[393981.79919999838,138849.79069999978],[393986.7453000024,138842.15689999983],[394015.60440000147,138797.61620000005],[394018.89750000089,138792.40049999952],[394024.91820000112,138782.86939999834],[394031.10450000316,138773.07510000095],[394031.67679999769,138772.16739999875],[394038.508100003,138761.30550000072],[394044.00879999995,138752.5859999992],[394051.3246999979,138740.84679999948],[394051.65600000322,138740.30620000139],[394075.19259999692,138701.64530000091],[394089.22749999911,138679.42029999942],[394089.42379999906,138679.1174999997],[394090.25150000304,138677.87429999933],[394096.31379999965,138668.76790000126],[394098.13210000098,138665.97910000011],[394099.87319999933,138663.20069999993],[394101.5896999985,138660.35880000144],[394102.11020000279,138659.47040000185],[394103.23290000111,138657.54309999943],[394104.83630000055,138654.6790000014],[394106.39389999956,138651.77859999985],[394107.19720000029,138650.22789999843],[394107.9029000029,138648.86230000108],[394109.36079999804,138645.91849999875],[394110.76919999719,138642.94319999963],[394111.57450000197,138641.18129999936],[394112.14440000057,138639.9310999997],[394126.62879999727,138606.81650000066],[394131.98820000142,138594.14930000156],[394142.72320000082,138568.83720000088],[394154.25419999659,138541.71510000154],[394157.82450000197,138533.30409999937],[394162.66449999809,138521.92419999838],[394164.6799999997,138517.17579999939],[394186.17880000174,138465.08359999955],[394198.01609999686,138437.5923999995],[394198.60289999843,138436.1072999984],[394202.6799999997,138425.74819999933],[394207.6120999977,138413.2164000012],[394207.78320000321,138412.79830000177],[394217.13650000095,138390.36259999871],[394225.62719999999,138369.67819999903],[394242.21320000291,138329.2650000006],[394242.8451000005,138327.72529999912],[394246.39339999855,138319.08449999988],[394250.73330000043,138308.50519999862],[394256.44139999896,138294.5971999988],[394257.2092999965,138292.72599999979],[394257.60909999907,138291.76720000058],[394260.01669999957,138285.99540000036],[394266.13870000094,138271.31929999962],[394277.37359999865,138244.3852000013],[394290.05399999768,138213.63450000063],[394302.78719999641,138183.09670000151],[394315.67899999768,138151.99060000107],[394330.58309999853,138115.39779999852],[394331.26680000126,138113.77430000156],[394336.63830000162,138101.03299999982],[394340.76229999959,138091.25039999932],[394348.29680000246,138073.37849999964],[394352.66059999913,138062.38329999894],[394356.83519999683,138051.86529999971],[394360.5428000018,138042.52639999986],[394361.1855000034,138040.97639999911],[394376.26330000162,138004.67639999837],[394376.47720000148,138004.15920000151],[394381.43969999999,137992.16519999877],[394384.47029999644,137984.84059999883],[394392.55460000038,137965.30139999837],[394404.36230000108,137936.35300000012],[394404.78059999645,137935.34849999845],[394410.86630000174,137920.73550000042],[394415.83460000157,137908.80590000004],[394420.82150000334,137896.83130000159],[394421.57639999688,137895.01839999855],[394426.70160000026,137882.59450000152],[394429.0075000003,137876.99390000105],[394441.30839999765,137847.15639999881],[394443.40940000117,137841.99309999868],[394446.72429999709,137833.84600000083],[394451.19910000265,137822.84840000048],[394455.85019999743,137811.41840000078],[394471.434799999,137774.01889999956],[394475.37680000067,137764.3713000007],[394477.96019999683,137758.05040000007],[394478.9606000036,137755.68470000103],[394483.06229999661,137745.99060000107],[394487.69309999794,137735.04549999908],[394489.21949999779,137731.28889999911],[394498.87280000001,137707.53060000017],[394506.62430000305,137688.63239999861],[394513.25869999826,137672.49179999903],[394518.62160000205,137659.10110000148],[394524.64339999855,137644.81320000067],[394528.63009999692,137635.12550000101],[394533.244599998,137621.55359999835],[394533.83280000091,137618.49190000072],[394534.11779999733,137617.07800000161],[394534.20960000157,137615.9151000008],[394534.33439999819,137613.40139999986],[394534.44420000166,137610.57290000096],[394534.78320000321,137586.74769999832],[394534.83410000056,137584.67480000108],[394535.05520000309,137575.74839999899],[394535.30380000174,137565.72329999879],[394535.31979999691,137564.91019999981],[394535.6726000011,137546.96009999886],[394535.90860000253,137532.76850000024],[394535.94309999794,137530.70699999854],[394536.31840000302,137513.96249999851],[394536.5625,137503.08359999955],[394536.68029999733,137495.30000000075],[394536.88750000298,137481.59629999846],[394537.0970999971,137467.75459999964],[394537.22179999948,137459.51529999822],[394537.52570000291,137439.15370000154],[394537.86320000142,137429.56019999832],[394538.46329999715,137412.59479999915],[394538.75159999728,137388.5196999982],[394538.79079999775,137385.24199999869],[394538.93400000036,137370.2463000007],[394538.94160000235,137369.47720000148],[394539.1651000008,137356.66910000145],[394539.3030000031,137348.77789999917],[394539.32129999995,137347.72949999943],[394539.38350000232,137341.39249999821],[394539.45210000128,137334.45639999956],[394539.47909999639,137333.16479999945],[394540.04140000045,137306.88599999994],[394540.1379000023,137295.29270000011],[394540.2127000019,137286.2938000001],[394540.23040000349,137284.17330000177],[394540.29179999977,137276.03310000151],[394540.37269999832,137265.49069999903],[394540.42670000345,137263.34360000119],[394540.84200000018,137247.16250000149],[394540.89450000226,137241.71680000052],[394541.04159999639,137226.49929999933],[394541.28199999779,137212.44810000062],[394541.62950000167,137195.25],[394541.90411755187,137192.68015903357],[394542.6157948235,137190.19560417352],[394543.74340418074,137187.87009465322],[394545.25347016979,137185.77266811091],[394547.10116330755,137183.96559106215],[394549.23163093958,137182.50251038751],[394551.58162565605,137181.42686071212],[394554.08138292423,137180.77057495757],[394556.65669219533,137180.55313634596],[394559.23110000044,137180.78099999949]]]},"properties":{"OBJECTID":48,"ROUTEID":"11094052","FROMMEASURE":0,"TOMEASURE":6919.7539999999999,"ROUTENAME":"WISCONSIN AVE NW","CORRIDORID":"11094052_1","FROMSTREET":"K ST NW/WATER ST NW","TOSTREET":"RESERVOIR RD NW/37TH ST NW","LENGTH_MI":4.2997272500000001,"TIER_1":0,"TIER_2":0,"TIER_3":1,"GIS_ID":"HIN_CorridorsLn_30","SE_ANNO_CAD_DATA":null,"BUFF_DIST":15,"ORIG_FID":30,"SHAPE_Length":13933.737425111591,"SHAPE_Area":208297.62988455611}},{"type":"Feature","id":49,"geometry":{"type":"Polygon","coordinates":[[[405421.14769999683,135756.95219999924],[405423.66043402255,135757.62424640733],[405426.01929397852,135758.720265735],[405428.15335162269,135760.20730192479],[405429.99843826343,135762.04064148598],[405431.49907423928,135764.16515797839],[405432.61013712926,135766.516969602],[405433.29821853316,135769.02536005009],[405433.54262862395,135771.61490486842],[405433.33601826761,135774.20773938284],[405432.68460000306,135776.72590000182],[405431.37690000236,135780.42309999838],[405429.87110000104,135784.72360000014],[405429.71320000291,135785.14660000056],[405427.87080000341,135789.85520000011],[405420.5175999999,135810.02389999852],[405420.17080000043,135810.89039999992],[405407.43580000103,135840.04439999908],[405406.68039999902,135841.53999999911],[405406.28880000114,135842.18070000038],[405404.19520000368,135845.42069999874],[405402.11159999669,135848.67080000043],[405400.54119999707,135851.09919999912],[405400.02499999851,135851.8973999992],[405398.09749999642,135854.9208999984],[405394.62160000205,135860.78170000017],[405394.4531000033,135861.05900000036],[405390.68990000337,135867.10179999843],[405387.84669999778,135871.58460000157],[405387.6651000008,135871.86389999837],[405384.68940000236,135876.33100000024],[405380.35360000283,135882.62810000032],[405380.16279999912,135882.89869999886],[405375.68410000205,135889.10240000114],[405371.29890000075,135894.98270000145],[405366.77350000292,135900.79120000079],[405362.24469999969,135906.38289999962],[405362.07079999894,135906.59360000119],[405357.4178000018,135912.11369999871],[405352.5794999972,135917.63879999891],[405347.64209999889,135923.06489999965],[405342.60109999776,135928.40709999949],[405337.45080000162,135933.6612999998],[405332.19709999859,135938.8013000004],[405326.97500000149,135943.73990000039],[405326.73260000348,135943.96400000155],[405321.38579999655,135948.79879999906],[405315.94900000095,135953.5335999988],[405315.73589999974,135953.71570000052],[405310.19799999893,135958.35060000047],[405304.45920000225,135962.95470000058],[405298.64039999992,135967.45109999925],[405292.84839999676,135971.74340000004],[405292.57919999957,135971.93820000067],[405290.42670000345,135973.46000000089],[405286.54060000181,135976.20369999856],[405282.55870000273,135978.91820000112],[405278.58169999719,135981.58280000091],[405274.54789999872,135984.21319999918],[405270.45669999719,135986.81159999967],[405266.35239999741,135989.33300000057],[405260.41420000046,135992.89429999888],[405260.18879999965,135993.02690000087],[405254.13239999861,135996.50820000097],[405247.92480000108,135999.93389999866],[405241.65030000359,136003.25789999962],[405235.30960000306,136006.46999999881],[405229.2696999982,136009.39790000021],[405211.48020000011,136018.77650000155],[405208.23900000006,136020.48800000176],[405190.84520000219,136029.52089999989],[405172.34440000355,136039.13610000163],[405169.76129999757,136040.48209999874],[405136.41920000315,136057.96269999817],[405133.40410000086,136059.55020000041],[405127.30849999934,136062.74309999868],[405121.70750000328,136065.68360000104],[405098.39050000161,136077.90249999985],[405051.47389999777,136102.38080000132],[405024.6398999989,136116.46869999915],[405002.29249999672,136128.20100000128],[405001.88650000095,136128.40630000085],[404993.48550000042,136132.49680000171],[404985.20859999955,136136.52529999986],[404976.41210000217,136140.81329999864],[404974.55150000006,136141.71330000088],[404974.14209999889,136141.90379999951],[404966.87619999796,136145.15159999952],[404959.47569999844,136148.34950000048],[404952.03090000153,136151.44640000165],[404944.54169999808,136154.44830000028],[404937.03180000186,136157.34769999981],[404929.47410000116,136160.15379999951],[404923.85660000145,136162.16330000013],[404921.88729999959,136162.86679999903],[404914.25909999758,136165.48140000179],[404906.60580000281,136167.99159999937],[404899.00689999759,136170.38010000065],[404898.43710000068,136170.54679999873],[404851.68930000067,136183.22749999911],[404830.62939999998,136188.6986999996],[404815.06000000238,136192.73849999905],[404805.94839999825,136195.10640000179],[404798.45600000024,136197.05959999934],[404756.44609999657,136207.89990000054],[404751.55309999734,136209.11840000004],[404746.81350000203,136210.34679999948],[404742.10700000077,136211.62959999964],[404737.40200000256,136212.96550000086],[404732.72829999775,136214.35319999978],[404724.84130000323,136216.80389999971],[404717.02629999816,136219.38960000128],[404709.27019999921,136222.10709999874],[404701.59170000255,136224.96849999949],[404688.0800999999,136230.34389999881],[404674.82500000298,136236.14059999958],[404661.77480000257,136242.38540000096],[404648.9653000012,136249.04089999944],[404647.49509999901,136249.87609999999],[404636.48020000011,136256.0800999999],[404629.24509999901,136260.1528000012],[404627.55520000309,136261.07349999994],[404607.1419999972,136272.12060000002],[404577.18530000001,136288.3487999998],[404531.17539999634,136313.27789999917],[404525.9224999994,136316.1240000017],[404524.68670000136,136316.80090000108],[404516.70419999957,136321.15940000117],[404516.0447999984,136321.51379999891],[404508.45369999856,136325.67029999942],[404466.82069999725,136349.65269999951],[404430.41430000216,136370.62429999933],[404418.84759999812,136378.60539999977],[404417.85700000077,136379.23319999874],[404401.03059999645,136388.99689999968],[404398.64670000225,136390.1101000011],[404398.25980000198,136390.24489999935],[404395.00720000267,136391.3291000016],[404393.22680000216,136391.80330000073],[404189.42949999869,136432.86960000172],[404185.70149999857,136433.73600000143],[404185.26340000331,136433.83100000024],[404172.42580000311,136436.41259999946],[404171.43310000002,136436.60649999976],[404167.67329999804,136437.3797999993],[404150.94370000064,136440.78409999982],[403983.06549999863,136475.76779999956],[403923.73809999973,136487.55160000175],[403802.94839999825,136511.54270000011],[403751.22150000185,136523.44319999963],[403714.34080000222,136531.78150000051],[403713.89429999888,136531.87539999932],[403690.10509999841,136536.49819999933],[403689.77920000255,136536.55759999901],[403681.73219999671,136537.89909999818],[403680.3348999992,136538.06509999931],[403674.82769999653,136538.45850000158],[403613.66870000213,136548.61520000175],[403545.17559999973,136561.87200000137],[403485.88539999723,136573.41789999977],[403484.64180000126,136573.59569999948],[403479.0794999972,136574.15190000087],[403474.82079999894,136575.21660000086],[403473.78750000149,136575.43659999967],[403472.97020000219,136575.55759999901],[403467.56220000237,136576.20670000091],[403461.38340000063,136577.05889999866],[403455.74469999969,136577.92639999837],[403449.49430000037,136578.89589999989],[403449.07959999889,136578.95430000126],[403372.40299999714,136588.66380000114],[403371.91879999638,136588.71709999815],[403115.86450000107,136612.72349999845],[403104.0449000001,136613.96770000085],[403091.50020000339,136615.84939999878],[403091.10350000113,136615.90349999815],[403054.41629999876,136620.40900000185],[403053.97089999914,136620.45699999854],[403019.42559999973,136623.65569999814],[402977.130400002,136628.78229999915],[402944.27870000154,136632.64719999954],[402943.88419999927,136632.68829999864],[402901.46500000358,136636.54470000044],[402797.45769999921,136646.81689999998],[402791.95080000162,136647.51429999992],[402761.99899999797,136651.30640000105],[402749.77049999684,136652.66539999843],[402733.43039999902,136654.27309999987],[402710.75389999896,136656.67419999838],[402689.88599999994,136658.78750000149],[402674.74719999731,136660.87559999898],[402662.18320000172,136662.74639999866],[402648.71299999952,136664.59560000151],[402636.61249999702,136666.65529999882],[402632.69720000029,136667.43739999831],[402624.87600000203,136668.87220000103],[402616.369599998,136670.80550000072],[402615.94709999859,136670.89510000125],[402606.72800000012,136672.71290000156],[402598.2976000011,136674.68730000034],[402588.8729000017,136676.70829999819],[402580.55009999871,136678.55790000036],[402575.98260000348,136679.60190000013],[402570.2907000035,136680.95549999923],[402552.19060000032,136684.87409999967],[402534.44420000166,136688.58249999955],[402523.31180000305,136691.23209999874],[402506.79990000278,136694.88659999892],[402502.89429999888,136695.69539999962],[402496.98659999669,136696.97780000046],[402488.84089999646,136698.90100000054],[402442.80799999833,136709.44689999893],[402427.86909999698,136712.68879999965],[402417.90250000358,136715.14990000054],[402417.36990000308,136715.27120000124],[402406.98939999938,136717.43679999933],[402375.42700000107,136724.56109999865],[402349.98650000244,136730.09519999847],[402339.22890000045,136732.4728000015],[402330.17809999734,136734.55420000106],[402306.57890000194,136739.78730000183],[402264.88759999722,136749.31390000135],[402253.69030000269,136751.88199999928],[402243.69160000235,136754.14110000059],[402223.07320000231,136759.05009999871],[402222.54079999775,136759.16670000181],[402205.35930000246,136762.60310000181],[402184.40649999678,136766.98860000074],[402148.87089999765,136775.36549999937],[402130.93609999865,136779.41349999979],[402123.32580000162,136781.13969999924],[402111.78920000046,136783.76170000061],[402103.4849999994,136785.63120000064],[402091.45160000026,136788.34039999917],[402078.42220000178,136791.27360000089],[402078.01410000026,136791.35949999839],[402069.17670000345,136793.0923999995],[402062.63189999759,136794.43490000069],[402045.72699999809,136798.40239999816],[402045.1950000003,136798.51709999889],[402035.61490000039,136800.40170000121],[402024.71630000323,136802.94420000166],[402006.55879999697,136806.96700000018],[401966.76240000129,136815.78269999847],[401962.02979999781,136817.13479999825],[401960.41929999739,136817.50010000169],[401952.99029999971,136818.71299999952],[401944.82890000194,136821.01900000125],[401944.14230000228,136821.19559999928],[401904.67740000039,136830.35709999874],[401857.17779999971,136841.30420000106],[401814.88180000335,136850.39339999855],[401800.33919999748,136854.43859999999],[401788.99130000174,136858.15670000017],[401787.46029999852,136858.70639999956],[401785.71069999784,136859.21700000018],[401744.06319999695,136868.66800000146],[401718.74040000141,136874.41369999945],[401659.43190000206,136886.99500000104],[401622.65470000356,136894.73559999838],[401620.15609999746,136895.53060000017],[401610.94919999689,136898.45340000093],[401609.93020000309,136898.73770000041],[401601.36270000041,136900.80510000139],[401558.90709999949,136910.46810000017],[401558.58959999681,136910.53669999912],[401522.94860000163,136917.84019999951],[401522.5420999974,136917.91770000011],[401521.18289999664,136918.09380000085],[401518.56499999762,136918.31190000102],[401506.53809999675,136920.77189999819],[401475.64429999888,136926.89249999821],[401471.66380000114,136927.74540000036],[401471.05640000105,136927.86230000108],[401468.23020000011,136928.33370000124],[401465.74859999865,136929.01049999893],[401464.40659999847,136929.31109999865],[401463.29420000315,136929.46460000053],[401461.28989999741,136929.66499999911],[401439.57490000129,136934.57660000026],[401436.98408354342,136934.92896784979],[401434.37143937394,136934.82609188874],[401431.81635136192,136934.27109795104],[401429.39645456197,136933.28084924628],[401427.185276312,136931.88543397951],[401425.25000214268,136930.12725113655],[401423.64943437895,136928.05972221209],[401422.4322054612,136925.74566802481],[401421.63530027331,136923.25539993859],[401421.28293237562,136920.66458348726],[401421.38580828806,136918.05193931583],[401421.94080217817,136915.49685129354],[401422.93105083797,136913.07695447517],[401424.32646606356,136910.86577619924],[401426.08464887051,136908.93050199721],[401428.15217776521,136907.32993419498],[401430.46623192984,136906.11270523421],[401432.95650000125,136905.31579999998],[401455.57119999826,136900.20069999993],[401456.27570000291,136900.05900000036],[401457.38809999824,136899.90549999848],[401459.06340000033,136899.73800000176],[401461.06870000064,136899.19110000134],[401462.47999999672,136898.87860000134],[401465.71450000256,136898.33909999952],[401469.58209999651,136897.51139999926],[401500.61379999667,136891.36270000041],[401513.42580000311,136888.74199999869],[401513.82710000128,136888.66560000181],[401515.18630000204,136888.48950000107],[401517.80189999938,136888.27160000056],[401552.40579999983,136881.18059999868],[401594.51529999822,136871.59699999914],[401602.37560000271,136869.69970000163],[401611.06970000267,136866.93969999999],[401614.27870000154,136865.91869999841],[401615.73700000346,136865.53429999948],[401653.22999999672,136857.64310000092],[401712.30560000241,136845.11190000176],[401737.42419999838,136839.41180000082],[401778.18159999698,136830.16279999912],[401779.05160000175,136829.85040000081],[401779.4504000023,136829.71350000054],[401791.32159999758,136825.82400000095],[401791.97200000286,136825.6270999983],[401807.27399999648,136821.37060000002],[401808.1427000016,136821.15659999847],[401850.65910000354,136812.02089999989],[401897.91659999639,136801.128800001],[401937.01340000331,136792.05270000175],[401945.65420000255,136789.61129999906],[401947.22240000218,136789.25809999928],[401954.62950000167,136788.0485999994],[401958.95530000329,136786.81269999966],[401959.83200000226,136786.59059999883],[402000.07050000131,136777.67700000107],[402018.06849999726,136773.69000000134],[402029.05390000343,136771.12680000067],[402029.56700000167,136771.01649999991],[402039.13690000027,136769.13390000165],[402055.9849999994,136765.17969999835],[402056.39819999784,136765.08879999816],[402063.27220000327,136763.67909999937],[402072.03580000252,136761.96040000021],[402084.86270000041,136759.07290000096],[402096.89599999785,136756.3638000004],[402105.17040000111,136754.5009999983],[402116.68339999765,136751.88430000097],[402124.31570000201,136750.15309999883],[402142.12830000371,136746.13300000131],[402177.70859999955,136737.7452000007],[402178.0773999989,136737.66310000047],[402199.33900000155,136733.21330000088],[402216.39050000161,136729.80270000175],[402236.91219999641,136724.91719999909],[402247.02080000192,136722.63280000165],[402258.192900002,136720.07039999962],[402299.98939999938,136710.51999999955],[402323.57450000197,136705.2901000008],[402332.63099999726,136703.20740000159],[402343.56099999696,136700.79149999842],[402368.92660000175,136695.27380000055],[402400.62370000035,136688.11989999935],[402410.97640000284,136685.95899999887],[402420.88369999826,136683.51260000095],[402421.29900000244,136683.41629999876],[402436.27809999883,136680.1660999991],[402482.03610000014,136669.68290000036],[402490.35379999876,136667.72019999847],[402496.67580000311,136666.34699999914],[402500.52300000191,136665.55059999973],[402516.59369999915,136661.99399999902],[402527.69879999757,136659.3498999998],[402528.10499999672,136659.25910000131],[402545.95390000194,136655.52939999849],[402563.64280000329,136651.70129999891],[402569.16839999706,136650.38599999994],[402573.9531000033,136649.29219999909],[402582.46700000018,136647.40019999817],[402591.7324000001,136645.41459999979],[402600.13979999721,136643.44409999996],[402600.66080000252,136643.33170000091],[402609.93010000139,136641.50400000066],[402618.53599999845,136639.54809999838],[402619.15529999882,136639.42100000009],[402627.04900000244,136637.9737999998],[402630.93919999897,136637.19579999894],[402631.31989999861,136637.12489999831],[402643.91839999706,136634.9803000018],[402644.39570000023,136634.90689999983],[402657.93289999664,136633.04890000075],[402670.48349999636,136631.18019999936],[402686.05650000274,136629.03170000017],[402686.59480000287,136628.96730000153],[402707.67319999635,136626.83269999921],[402730.3900000006,136624.42760000005],[402746.64479999989,136622.8284999989],[402758.45780000091,136621.5159999989],[402788.18180000037,136617.75189999864],[402793.8927000016,136617.02870000154],[402794.30290000141,136616.98250000179],[402898.63000000268,136606.67889999971],[402940.96930000186,136602.82959999889],[402973.58799999952,136598.99210000038],[403016.02669999748,136593.84809999913],[403016.44860000163,136593.80299999937],[403050.98319999874,136590.6053000018],[403087.2479000017,136586.15170000121],[403099.92270000279,136584.25050000101],[403100.5775000006,136584.16690000147],[403112.89169999957,136582.871199999],[403368.87460000068,136558.87099999934],[403445.10279999673,136549.21819999814],[403451.16480000317,136548.27800000086],[403457.05120000243,136547.37339999899],[403463.72429999709,136546.45320000127],[403468.45949999988,136545.88369999826],[403472.86320000142,136544.78280000016],[403473.89649999887,136544.56280000135],[403475.00869999826,136544.40929999948],[403480.96459999681,136543.81370000169],[403539.45780000091,136532.42190000042],[403608.16279999912,136519.12409999967],[403608.48210000247,136519.06610000134],[403670.60400000215,136508.74909999967],[403671.99270000309,136508.58449999988],[403677.4952000007,136508.19150000066],[403684.57829999924,136507.01089999825],[403707.94979999959,136502.46930000186],[403744.54739999771,136494.19509999827],[403796.44250000268,136482.25580000132],[403796.88340000063,136482.1612999998],[403917.89370000362,136458.12640000135],[403977.08690000325,136446.36950000003],[404144.90690000355,136411.39779999852],[404161.6603000015,136407.98860000074],[404165.54100000113,136407.19079999998],[404166.59070000052,136406.98550000042],[404179.13080000132,136404.4635999985],[404182.85369999707,136403.59840000048],[404183.28620000184,136403.50459999964],[404386.39620000124,136362.57679999992],[404387.31599999964,136362.27019999921],[404402.29270000011,136353.57979999855],[404413.87839999795,136345.58559999987],[404414.90370000154,136344.93780000135],[404451.84629999846,136323.65729999915],[404493.62280000001,136299.59230000153],[404493.90590000153,136299.43320000172],[404501.73809999973,136295.14490000159],[404502.4095999971,136294.78379999846],[404510.29339999706,136290.47920000181],[404511.57479999959,136289.77760000154],[404516.88379999995,136286.90089999884],[404562.8946999982,136261.97120000049],[404592.8580000028,136245.73939999938],[404613.2405000031,136234.7089000009],[404614.71549999714,136233.90599999949],[404621.75980000198,136229.93989999965],[404632.73160000145,136223.76009999961],[404634.39119999856,136222.81740000099],[404634.88409999758,136222.54949999973],[404648.16409999877,136215.64950000122],[404648.6053000018,136215.42929999903],[404662.1053000018,136208.96930000186],[404662.56979999691,136208.75670000166],[404676.28980000317,136202.75670000166],[404676.75509999692,136202.5625],[404690.65510000288,136197.03249999881],[404690.96220000088,136196.91420000046],[404699.06059999764,136193.89750000089],[404707.35419999808,136190.9915000014],[404715.67870000005,136188.23739999905],[404724.00980000198,136185.64799999818],[404729.03670000285,136184.15540000051],[404734.05919999629,136182.72920000181],[404739.10620000213,136181.35390000045],[404744.16629999876,136180.04210000113],[404749.07280000299,136178.82009999827],[404790.90990000218,136168.02409999818],[404798.39169999957,136166.0736999996],[404807.52000000328,136163.70149999857],[404823.09070000052,136159.6614000015],[404843.98719999939,136154.23310000077],[404890.29540000111,136141.67119999975],[404897.43460000306,136139.42770000175],[404904.7221999988,136137.03750000149],[404911.97510000318,136134.55169999972],[404913.75429999828,136133.91539999843],[404919.2052000016,136131.96590000018],[404926.40779999644,136129.29179999977],[404933.56009999663,136126.53040000051],[404940.69070000201,136123.67229999974],[404947.75879999995,136120.73209999874],[404954.80600000173,136117.68679999933],[404961.6922999993,136114.60810000077],[404963.30629999936,136113.8273999989],[404972.07140000165,136109.55469999835],[404980.35450000316,136105.52320000157],[404988.5474999994,136101.53400000185],[405010.69489999861,136089.90670000017],[405037.5644999966,136075.80009999871],[405084.48960000277,136051.31749999896],[405107.77260000259,136039.11639999971],[405113.37370000035,136036.17579999939],[405119.45600000024,136032.98990000039],[405122.47349999845,136031.4012000002],[405155.86180000007,136013.8964000009],[405158.49560000002,136012.52389999852],[405177.0148999989,136002.89909999818],[405194.31170000136,135993.91670000181],[405197.47990000248,135992.2435999997],[405215.5046999976,135982.74100000039],[405215.95910000056,135982.5111999996],[405221.99289999902,135979.58749999851],[405227.84809999913,135976.62150000036],[405233.65590000153,135973.54450000077],[405239.40309999883,135970.37299999967],[405245.10710000247,135967.09290000051],[405250.78170000017,135963.69009999931],[405254.56310000271,135961.36760000139],[405258.31589999795,135958.98380000144],[405262.03519999981,135956.55860000104],[405265.7629000023,135954.06049999967],[405269.43909999728,135951.55530000106],[405273.11339999735,135948.96000000089],[405275.12439999729,135947.53830000013],[405280.54039999843,135943.52639999986],[405285.89790000021,135939.38610000163],[405291.18379999697,135935.14579999819],[405296.35760000348,135930.81359999999],[405301.47469999641,135926.3590000011],[405306.48319999874,135921.82829999924],[405311.40389999747,135917.17619999871],[405316.24859999865,135912.43710000068],[405320.97619999945,135907.6138000004],[405325.63700000197,135902.67430000007],[405330.1996999979,135897.66010000184],[405334.66200000048,135892.56439999864],[405339.0252000019,135887.38610000163],[405343.28509999812,135882.12840000167],[405347.44099999964,135876.79470000044],[405351.49539999664,135871.35689999908],[405355.74040000141,135865.47549999878],[405359.8505000025,135859.50759999827],[405362.60140000284,135855.37649999931],[405365.28819999844,135851.14079999924],[405368.90200000256,135845.33729999885],[405372.41839999706,135839.40830000117],[405372.67149999738,135838.99670000002],[405374.77939999849,135835.69049999863],[405375.3498999998,135834.80810000002],[405376.89119999856,135832.42480000108],[405378.97680000216,135829.17179999873],[405380.43119999766,135826.92069999874],[405392.49239999801,135799.30920000002],[405399.74570000172,135779.41450000182],[405399.869599998,135779.08659999818],[405401.67700000107,135774.4673999995],[405403.0775000006,135770.46620000154],[405404.42450000346,135766.65839999914],[405405.38044691371,135764.53095823637],[405406.65464066982,135762.57742983344],[405408.21627325565,135760.8450480579],[405410.02758683264,135759.37569919709],[405412.04478666588,135758.20490981295],[405414.21910001192,135757.36098776534],[405416.4979553679,135756.86433777216],[405418.82625356829,135756.72696805501],[405421.14769999683,135756.95219999924]]]},"properties":{"OBJECTID":49,"ROUTEID":"12015342","FROMMEASURE":0,"TOMEASURE":4233.8540000000003,"ROUTENAME":"BENNING RD NE","CORRIDORID":"12015342_1","FROMSTREET":"15TH ST NE/BLADENSBURG RD NE/H ST NE/MARYLAND AVE NE","TOSTREET":"BENNING RD SE/EAST CAPITOL ST BN","LENGTH_MI":2.6307896099999999,"TIER_1":1,"TIER_2":0,"TIER_3":0,"GIS_ID":"HIN_CorridorsLn_31","SE_ANNO_CAD_DATA":null,"BUFF_DIST":15,"ORIG_FID":31,"SHAPE_Length":8561.8851385341568,"SHAPE_Area":127720.7404381791}},{"type":"Feature","id":50,"geometry":{"type":"Polygon","coordinates":[[[401438.87039999664,136905.17410000041],[401441.36681726127,136905.84021293107],[401443.71187898598,136906.92487467689],[401445.83600000292,136908.39589999989],[401458.10880000144,136918.56500000134],[401459.99340000004,136920.44370000064],[401460.98349999636,136921.76509999856],[401461.87950000167,136923.10920000076],[401462.73950000107,136924.11309999973],[401464.2901000008,136926.31489999965],[401464.46809999645,136926.63210000098],[401465.86659999937,136929.1959999986],[401466.40529999882,136930.28649999946],[401467.03019999713,136931.69249999896],[401467.58690000325,136932.66679999977],[401467.79810000211,136933.04930000007],[401469.68900000304,136936.59499999881],[401472.27910000086,136941.53929999843],[401472.77880000323,136942.59070000052],[401475.22100000083,136948.28929999843],[401477.33850000054,136951.94660000131],[401477.76900000125,136952.7463000007],[401481.26529999822,136959.73900000006],[401481.45400000364,136960.13049999997],[401484.39180000126,136966.45809999853],[401485.46079999954,136968.5960999988],[401485.61670000106,136968.91739999875],[401487.49599999934,136972.91099999845],[401489.09960000217,136976.35940000042],[401495.60000000149,136989.64570000023],[401499.28019999713,136996.18589999899],[401500.96689999849,136999.18439999968],[401504.74499999732,137005.79600000009],[401505.1427000016,137006.53979999945],[401541.434799999,137079.2575000003],[401543.99130000174,137084.20010000095],[401544.56419999897,137085.4439000003],[401547.09399999678,137091.6688000001],[401550.78000000119,137098.4263000004],[401550.99560000002,137098.83650000021],[401579.63880000263,137155.44079999998],[401595.12669999897,137185.74340000004],[401600.61980000138,137195.19170000032],[401601.28599999845,137196.48180000111],[401605.99700000137,137206.80090000108],[401614.96609999985,137225.41180000082],[401647.66640000045,137290.21440000087],[401652.17920000106,137299.15720000118],[401656.7023999989,137307.97749999911],[401656.91120000184,137308.40089999884],[401658.866899997,137312.52950000018],[401673.42119999975,137341.11670000106],[401677.00339999795,137348.15349999815],[401686.20610000193,137366.55849999934],[401692.31279999763,137378.62999999896],[401697.07450000197,137387.04410000145],[401697.53830000013,137387.93149999902],[401702.82150000334,137398.91860000044],[401721.19189999998,137435.78920000046],[401726.79450000077,137447.26080000028],[401730.35180000216,137453.72470000014],[401730.7444999963,137454.48930000141],[401735.54379999638,137464.5326000005],[401747.61999999732,137487.60319999978],[401748.20069999993,137488.84840000048],[401750.44470000267,137494.29830000177],[401753.34420000017,137499.63709999993],[401753.65829999745,137500.24859999865],[401757.2752000019,137507.70389999822],[401762.57840000093,137517.79459999874],[401767.53850000352,137526.88819999993],[401767.87579999864,137527.54459999874],[401773.31260000169,137538.79580000043],[401789.6930000037,137571.85990000144],[401812.46599999815,137617.86890000105],[401813.76070000231,137619.68160000071],[401814.54500000179,137620.89999999851],[401815.06239999831,137621.877700001],[401827.17090000212,137646.95459999889],[401834.12370000035,137659.1425999999],[401834.65070000291,137660.15399999917],[401837.48889999837,137666.14589999989],[401840.81440000236,137673.25039999932],[401847.46880000085,137685.98039999977],[401852.27549999952,137693.01529999822],[401852.88080000132,137693.9776000008],[401853.63270000368,137695.46519999951],[401856.42809999734,137701.85460000113],[401856.78119999915,137702.73669999838],[401856.97429999709,137703.30189999938],[401857.25859999657,137704.19159999862],[401858.81080000103,137706.71400000155],[401859.02629999816,137707.07550000027],[401860.14670000225,137709.48790000007],[401861.42610000074,137713.06989999861],[401863.28410000354,137716.78929999843],[401877.96859999746,137747.71680000052],[401887.79730000347,137766.45270000026],[401899.64599999785,137787.9673999995],[401899.97559999675,137788.60119999945],[401904.11810000241,137797.05200000107],[401907.79119999707,137804.54520000145],[401912.49840000272,137813.96009999886],[401936.03119999915,137861.9664000012],[401952.88819999993,137895.73460000008],[401970.95319999754,137931.07140000165],[401971.3844999969,137931.99049999937],[401973.02399999648,137935.81599999964],[401975.42329999804,137940.45470000058],[401975.76430000365,137941.15839999914],[401977.93770000339,137945.96079999954],[401979.88710000366,137950.47700000182],[401981.42930000275,137953.90419999883],[401981.84579999745,137954.92929999903],[401982.13560000062,137955.80909999833],[401983.1922999993,137959.38549999893],[401984.14689999819,137962.1699000001],[401984.380400002,137962.91349999979],[401984.94900000095,137964.90870000049],[401987.37449999899,137974.06590000167],[401989.12269999832,137980.70910000056],[402003.60339999944,138033.51260000095],[402017.58690000325,138086.79030000046],[402030.26619999856,138136.45030000061],[402034.95889999717,138153.0549999997],[402044.01990000159,138185.12060000002],[402058.76479999721,138240.82519999892],[402069.19749999791,138280.46959999949],[402070.42880000174,138285.08709999919],[402072.36219999939,138290.56859999895],[402073.79619999975,138294.86679999903],[402074.11829999834,138295.9728000015],[402074.81390000135,138298.75549999997],[402074.9123999998,138299.17489999905],[402075.55629999936,138302.1063000001],[402077.59529999644,138305.97340000048],[402080.20180000365,138310.56280000135],[402080.53310000151,138311.17920000106],[402081.98430000246,138314.03720000014],[402082.14339999855,138314.3601000011],[402083.90699999779,138318.05009999871],[402085.96980000287,138322.05429999903],[402086.19120000303,138322.50230000168],[402088.18010000139,138326.70100000128],[402090.97529999912,138331.39689999819],[402110.11659999937,138363.04600000009],[402113.9701000005,138369.66690000147],[402117.59300000221,138374.92590000108],[402118.01519999653,138375.57380000129],[402120.05309999734,138378.8852000013],[402120.34260000288,138379.37779999897],[402123.9870999977,138385.98950000107],[402130.20170000196,138394.76850000024],[402130.61370000243,138395.38210000098],[402132.61460000277,138398.52840000018],[402135.15619999915,138402.67300000042],[402139.14230000228,138408.6521999985],[402139.40309999883,138409.05730000138],[402145.0244999975,138418.10619999841],[402150.0821999982,138426.03449999914],[402150.45030000061,138426.64279999956],[402154.96369999647,138434.57539999858],[402159.73049999774,138442.61089999974],[402159.85840000212,138442.83130000159],[402163.73529999703,138449.70879999921],[402168.17310000211,138455.74920000136],[402168.56220000237,138456.30469999835],[402174.77340000123,138465.61340000108],[402175.35029999912,138466.55189999938],[402181.15190000087,138477.01220000163],[402187.55390000343,138487.14869999886],[402207.38030000031,138518.54039999843],[402217.25990000367,138533.63430000097],[402217.44520000368,138533.92469999939],[402231.24719999731,138556.1063000001],[402240.56870000064,138571.08740000054],[402254.7092999965,138592.76909999922],[402265.74970000237,138609.5214000009],[402270.00289999694,138616.15520000085],[402284.78710000217,138639.21860000119],[402290.81080000103,138648.66899999976],[402301.87870000303,138666.18490000069],[402335.30390000343,138718.28020000085],[402344.04200000316,138731.90080000088],[402354.28589999676,138748.46350000054],[402379.48149999976,138789.20540000126],[402402.25509999692,138820.44530000165],[402403.19470000267,138821.90590000153],[402417.36460000277,138847.56280000135],[402438.79839999974,138880.82420000061],[402461.75,138916.433699999],[402476.49769999832,138939.71689999849],[402480.02530000359,138945.27320000157],[402486.22049999982,138955.04140000045],[402491.12259999663,138962.7846999988],[402493.71249999851,138966.8729000017],[402512.14220000058,138995.58150000125],[402521.75569999963,139010.55689999834],[402539.67010000348,139038.65929999948],[402543.52570000291,139044.71229999885],[402545.06030000001,139047.11389999837],[402553.02070000023,139059.57459999993],[402553.25460000336,139059.95289999992],[402574.04379999638,139092.72789999843],[402578.79429999739,139100.04450000077],[402580.74340000004,139103.05669999868],[402584.68760000169,139108.97300000116],[402585.08990000188,139109.61070000008],[402592.14959999919,139121.44900000095],[402597.5903000012,139129.58089999855],[402600.16690000147,139133.51880000159],[402602.39320000261,139137.002700001],[402606.90910000354,139144.1528000012],[402644.13419999927,139202.44970000163],[402674.18050000072,139249.87200000137],[402695.01079999655,139282.06179999933],[402695.2798999995,139282.4935999997],[402701.71410000324,139293.21730000153],[402708.57069999725,139303.21660000086],[402708.82349999994,139303.59760000184],[402713.61410000175,139311.06210000068],[402715.20660000294,139313.54340000078],[402742.81350000203,139356.80939999968],[402754.87250000238,139376.04289999977],[402757.91009999812,139380.56780000031],[402765.13930000365,139391.33680000156],[402774.17140000314,139403.73790000007],[402786.15299999714,139420.94779999927],[402789.89459999651,139425.46889999881],[402790.39079999924,139426.10240000114],[402796.5102000013,139434.36140000075],[402819.56689999998,139462.86199999973],[402838.59099999815,139485.56309999898],[402842.68169999868,139490.07690000162],[402849.85090000182,139496.78849999979],[402851.09019999951,139498.09699999914],[402851.73579999804,139498.92350000143],[402857.32989999652,139506.62510000169],[402864.21959999949,139514.55460000038],[402890.20530000329,139542.35649999976],[402900.10040000081,139552.3909999989],[402912.35779999942,139564.79670000076],[402912.65339999646,139565.10449999943],[402920.8281000033,139573.86300000176],[402924.94730000198,139578.13069999963],[402935.8994999975,139589.82160000131],[402953.08919999748,139607.878800001],[402968.01420000196,139623.55689999834],[403010.68909999728,139668.39130000025],[403014.57980000228,139672.28200000152],[403019.93339999765,139677.20729999989],[403020.56390000135,139677.82250000164],[403031.71029999852,139689.35660000145],[403031.9795999974,139689.6427000016],[403044.33079999685,139703.11219999939],[403055.80799999833,139715.23589999974],[403056.4319999963,139715.93800000101],[403062.84610000253,139723.66800000146],[403067.01600000262,139728.77910000086],[403073.39760000259,139734.08920000121],[403074.57729999721,139735.18780000135],[403084.54909999669,139745.52899999917],[403092.40640000254,139753.66039999947],[403100.26299999654,139761.51700000092],[403100.63830000162,139761.90599999949],[403114.1603000015,139776.43980000168],[403160.82729999721,139825.35410000011],[403203.64109999686,139870.01469999924],[403230.94569999725,139898.66930000111],[403236.68010000139,139904.8936999999],[403243.1521999985,139911.315200001],[403250.71840000153,139918.95699999854],[403284.95769999921,139954.83709999919],[403317.25710000098,139988.86690000072],[403322.71400000155,139994.78770000115],[403328.80659999698,140001.54419999942],[403346.5252000019,140019.72269999981],[403354.5407000035,140027.94619999826],[403399.1502000019,140070.61609999835],[403410.09660000354,140080.55339999869],[403410.82150000334,140081.15040000156],[403451.92339999974,140115],[403452.2349999994,140115.26610000059],[403480.99780000001,140140.5364000015],[403497.82930000126,140155.32409999892],[403514.45859999955,140169.93780000135],[403519.12460000068,140174.03819999844],[403540.48669999838,140191.51709999889],[403540.71599999815,140191.71059999987],[403581.0978000015,140226.55620000139],[403589.72829999775,140234.00030000135],[403596.34969999641,140239.57860000059],[403603.18530000001,140245.33920000121],[403612.10270000249,140253.14009999856],[403618.58129999787,140258.7864000015],[403623.53390000015,140263.19810000062],[403628.00670000166,140266.95549999923],[403661.82069999725,140295.84019999951],[403666.09669999778,140299.55810000002],[403667.74469999969,140301.23539999872],[403668.18990000337,140301.79230000079],[403672.90160000324,140307.98270000145],[403682.0781000033,140313.15569999814],[403683.46509999782,140313.9439000003],[403685.72320000082,140315.53000000119],[403687.44449999928,140317.01060000062],[403687.88979999721,140317.40949999914],[403690.26829999685,140319.62739999965],[403692.01789246436,140321.57045284557],[403693.40349720692,140323.78779983276],[403694.38301334775,140326.21206803041],[403694.92667880014,140328.76959731471],[403695.01797457319,140331.38267849333],[403694.65412669239,140333.97191445861],[403693.8461904857,140336.45863262724],[403692.61871467304,140338.76727536568],[403691.00899546634,140340.82769576932],[403689.06594334339,140342.57728903971],[403686.84859692876,140343.96289469855],[403684.42432913592,140344.94241184116],[403681.86680007621,140345.4860783504],[403679.2537189353,140345.5773752032],[403676.66448281967,140345.21352839234],[403674.1777643172,140344.40559321322],[403671.86912107159,140343.17811835458],[403669.80870000273,140341.56839999929],[403667.64829999954,140339.55389999971],[403667.31170000136,140339.26990000159],[403655.40699999779,140332.558699999],[403653.73396843497,140331.44964992805],[403652.22398915363,140330.12715635909],[403650.90410000086,140328.61490000039],[403645.25010000169,140321.1865000017],[403642.23600000143,140318.56560000032],[403608.60980000347,140289.84129999951],[403604.0700000003,140286.02789999917],[403603.73969999701,140285.74219999835],[403598.74660000205,140281.2938000001],[403592.36789999902,140275.73519999906],[403583.64299999923,140268.10090000182],[403577.02080000192,140262.52189999819],[403570.27049999684,140256.83430000022],[403561.50119999796,140249.27120000124],[403521.2669999972,140214.55310000107],[403499.85220000148,140197.03110000119],[403499.52070000023,140196.74850000069],[403494.65510000288,140192.47269999981],[403478.0271999985,140177.86019999906],[403461.19709999859,140163.07380000129],[403432.61330000311,140137.96079999954],[403391.74979999661,140104.30799999833],[403390.69340000302,140103.43760000169],[403390.20000000298,140103.00910000131],[403378.84260000288,140092.6986999996],[403378.55659999698,140092.43210000172],[403333.61420000345,140049.44379999861],[403333.24099999666,140049.07409999892],[403325.0420999974,140040.66250000149],[403307.11999999732,140022.27540000156],[403306.72119999677,140021.85000000149],[403300.53949999809,140014.99379999936],[403295.34860000014,140009.36120000109],[403263.22869999707,139975.52169999853],[403229.20799999684,139939.86890000105],[403221.92979999632,139932.51940000057],[403215.31180000305,139925.95340000093],[403214.84329999983,139925.46709999815],[403209.05160000175,139919.17889999971],[403181.9653000012,139890.75499999896],[403139.13899999857,139846.08130000159],[403092.32410000265,139797.01130000129],[403078.8574000001,139782.53779999912],[403071.01179999858,139774.69049999863],[403062.96840000153,139766.36820000038],[403053.55319999903,139756.60429999977],[403046.69049999863,139750.89389999956],[403044.75169999897,139748.94519999996],[403039.67809999734,139742.72700000182],[403033.68500000238,139735.50450000167],[403022.38409999758,139723.56560000032],[403010.00169999897,139710.0634999983],[402999.2974999994,139698.98690000176],[402994.03819999844,139694.14840000123],[402993.58739999682,139693.71599999815],[402989.34390000254,139689.47250000015],[402989.08540000021,139689.20760000125],[402946.28480000049,139644.24100000039],[402931.36060000211,139628.56370000169],[402914.0876000002,139610.41869999841],[402903.20650000125,139598.80279999971],[402899.06949999928,139594.51639999822],[402890.86710000038,139585.72980000079],[402878.74970000237,139573.46570000052],[402868.70220000297,139563.27659999952],[402868.42419999838,139562.98710000142],[402842.11609999835,139534.8403000012],[402841.75159999728,139534.43589999899],[402834.17140000314,139525.7098999992],[402833.44189999998,139524.78519999981],[402828.30399999768,139517.71159999818],[402821.72940000147,139511.55669999868],[402820.86609999835,139510.67929999903],[402816.1651000008,139505.49210000038],[402815.78610000014,139505.05739999935],[402796.41070000082,139481.93530000001],[402772.98569999635,139452.98119999841],[402772.59520000219,139452.47700000182],[402766.52650000155,139444.2864000015],[402762.64329999685,139439.59420000017],[402761.88819999993,139438.60020000115],[402749.73560000211,139421.14169999957],[402740.72150000185,139408.76830000058],[402740.39130000025,139408.29630000144],[402733.00180000067,139397.28840000182],[402729.83380000293,139392.56909999996],[402729.57930000126,139392.17689999938],[402717.46119999886,139372.8489000015],[402689.92819999903,139329.69909999892],[402688.36649999768,139327.26579999924],[402683.69950000197,139319.99390000105],[402676.7153000012,139309.80860000104],[402676.22389999777,139309.04309999943],[402669.68659999967,139298.14750000089],[402648.91820000112,139266.05279999971],[402618.81689999998,139218.54419999942],[402581.57919999957,139160.22749999911],[402577.07180000097,139153.09079999849],[402574.97240000218,139149.8049999997],[402572.57410000265,139146.13960000128],[402566.99989999831,139137.80889999866],[402566.58349999785,139137.1501000002],[402559.51730000228,139125.30099999905],[402555.6697999984,139119.52840000018],[402553.61990000308,139116.36160000041],[402548.79630000144,139108.93160000071],[402527.83340000361,139075.88470000029],[402527.63170000166,139075.55759999901],[402519.77979999781,139063.26619999856],[402518.2343999967,139060.84769999981],[402514.36999999732,139054.78079999983],[402496.48149999976,139026.71880000085],[402486.89660000056,139011.78810000047],[402468.41290000081,138982.99529999867],[402465.77740000188,138978.83529999852],[402460.87950000167,138971.09860000014],[402454.69470000267,138961.34690000117],[402451.1622999981,138955.78310000151],[402436.46750000119,138932.58280000091],[402413.58160000294,138897.07580000162],[402391.87120000273,138863.3852000013],[402391.41939999908,138862.63560000062],[402377.45809999853,138837.35669999942],[402354.9028000012,138806.41620000079],[402354.26630000025,138805.46950000152],[402328.77070000023,138764.2424999997],[402318.65770000219,138747.88940000162],[402310.054399997,138734.48090000078],[402276.57339999825,138682.29830000177],[402265.47330000252,138664.73169999942],[402259.50999999791,138655.37609999999],[402244.74650000036,138632.34519999847],[402240.59690000117,138625.87180000171],[402229.62370000035,138609.22250000015],[402215.26650000364,138587.20569999889],[402205.77549999952,138571.95529999956],[402192.06560000032,138549.92159999907],[402182.14710000157,138534.76639999822],[402162.18930000067,138503.16849999875],[402155.55870000273,138492.67009999976],[402155.18670000136,138492.04729999974],[402149.47659999877,138481.75180000067],[402143.7955000028,138473.23770000041],[402139.02359999716,138466.74240000173],[402138.08309999853,138465.29410000145],[402133.84570000321,138457.77690000087],[402129.01850000024,138449.63729999959],[402124.58579999954,138441.84820000082],[402119.63149999827,138434.08100000024],[402114.04659999907,138425.09200000018],[402110.03660000116,138419.07699999958],[402109.72850000113,138418.5951000005],[402107.16910000145,138414.41930000111],[402105.50289999694,138411.80090000108],[402099.01359999925,138402.63399999961],[402098.19240000099,138401.33659999818],[402094.31480000168,138394.30180000141],[402092.66799999774,138391.62590000033],[402088.9395999983,138386.21389999986],[402088.32680000365,138385.24760000035],[402084.31239999831,138378.3478000015],[402065.24979999661,138346.83040000126],[402061.98789999634,138341.34959999844],[402061.37179999799,138340.18490000069],[402059.18649999797,138335.57160000131],[402057.13539999723,138331.59010000154],[402056.93630000204,138331.18899999931],[402055.15389999747,138327.45960000157],[402053.9422999993,138325.07360000163],[402051.39239999652,138320.58370000124],[402051.1670999974,138320.17220000178],[402048.07249999791,138314.30310000107],[402047.24570000172,138312.43730000034],[402046.69039999694,138310.52529999986],[402045.65690000355,138305.82050000131],[402045.15359999985,138303.80689999834],[402043.98789999634,138300.30999999866],[402041.94280000031,138294.51570000127],[402041.59420000017,138293.38830000162],[402040.19659999758,138288.14710000157],[402029.75800000131,138248.48059999943],[402015.08280000091,138193.03559999913],[402006.0896999985,138161.21379999816],[402001.34459999949,138144.4235999994],[402001.24539999664,138144.05490000173],[401988.54299999774,138094.30389999971],[401974.62950000167,138041.29179999977],[401960.15089999884,137988.49610000104],[401958.36779999733,137981.72179999948],[401956.02340000123,137972.86549999937],[401955.6419999972,137971.53049999848],[401954.70889999717,137968.808699999],[401954.51299999654,137968.19469999894],[401953.65370000154,137965.28660000116],[401952.43519999832,137962.5764000006],[401950.49949999899,137958.09129999951],[401948.59730000049,137953.89059999958],[401946.12799999863,137949.11670000106],[401945.66409999877,137948.13399999961],[401944.00999999791,137944.27439999953],[401926.10989999771,137909.25930000097],[401909.14069999754,137875.26669999957],[401885.61200000346,137827.26880000159],[401880.90730000287,137817.85889999941],[401877.18050000072,137810.25659999996],[401873.19550000131,137802.1270999983],[401861.37389999628,137780.65850000083],[401851.26259999722,137761.38709999993],[401850.9953000024,137760.85200000182],[401836.31499999762,137729.92960000038],[401834.18810000271,137725.67590000108],[401833.49369999766,137724.05530000106],[401832.43800000101,137721.09959999844],[401830.75119999796,137718.35860000178],[401829.89445090713,137716.75629338215],[401829.23759999871,137715.06219999865],[401828.63279999793,137713.16930000111],[401826.7119999975,137708.77879999951],[401822.19979999959,137702.17500000075],[401821.59449999779,137701.21269999817],[401821.29150000215,137700.66160000116],[401814.07569999993,137686.85759999976],[401813.78369999677,137686.2677000016],[401810.34629999846,137678.92410000041],[401807.78299999982,137673.51269999892],[401800.85769999772,137661.37280000001],[401800.37900000066,137660.46249999851],[401788.60369999707,137636.07569999993],[401787.3518999964,137634.32310000062],[401786.56759999692,137633.10469999909],[401786.11460000277,137632.25869999826],[401762.80860000104,137585.17269999906],[401746.36680000275,137551.98380000144],[401741.0252000019,137540.93039999902],[401736.1325000003,137531.95839999989],[401730.60750000179,137521.44759999961],[401730.38979999721,137521.0166000016],[401726.81780000031,137513.65379999951],[401723.69879999757,137507.91079999879],[401723.01009999961,137506.46310000122],[401720.72240000218,137500.90709999949],[401708.83829999715,137478.20340000093],[401708.59369999915,137477.71460000053],[401703.86150000244,137467.81179999933],[401700.33540000021,137461.40459999815],[401699.99830000103,137460.75499999896],[401694.28660000116,137449.05950000137],[401675.87600000203,137412.10700000077],[401670.71880000085,137401.38369999826],[401666.03109999746,137393.10040000081],[401665.70080000162,137392.48369999975],[401659.40779999644,137380.0438000001],[401650.22169999778,137361.67170000076],[401646.68649999797,137354.7276000008],[401632.03440000117,137325.94830000028],[401631.84560000151,137325.56410000101],[401629.89980000257,137321.45630000159],[401625.43760000169,137312.75459999964],[401620.88319999725,137303.72969999909],[401588.0604000017,137238.68149999902],[401578.83730000257,137219.54270000011],[401574.30200000107,137209.61230000108],[401568.97659999877,137200.4523999989],[401568.59910000116,137199.75939999893],[401552.89450000226,137169.03269999847],[401524.33209999651,137112.58830000088],[401520.3498999998,137105.28759999946],[401519.62210000306,137103.75230000168],[401517.03010000288,137097.37449999899],[401514.69139999896,137092.85119999945],[401478.48860000074,137020.31419999897],[401474.86990000308,137013.98110000044],[401473.13419999927,137010.89579999819],[401469.24329999834,137003.98119999841],[401468.84189999849,137003.21730000153],[401462.02160000056,136989.27380000055],[401460.3180000037,136985.61369999871],[401458.54810000211,136981.85269999877],[401457.4626000002,136979.68169999868],[401457.27390000224,136979.2901000008],[401454.33540000021,136972.9609999992],[401451.14180000126,136966.5736999996],[401448.80279999971,136962.53370000049],[401448.00140000135,136960.93450000137],[401445.43400000036,136954.94399999827],[401443.16470000148,136950.61160000041],[401441.43079999834,136947.36059999838],[401440.60660000145,136945.91809999943],[401439.92350000143,136944.5689000003],[401439.23799999803,136943.02670000121],[401438.88570000231,136942.38069999963],[401438.46140000224,136941.88509999961],[401437.42040000111,136940.5036999993],[401437.24059999734,136940.2340000011],[401426.6596999988,136931.46669999883],[401424.90944345109,136929.74584783209],[401423.46327004232,136927.76258974645],[401422.3599037712,136925.57003118756],[401421.62888933375,136923.22688201288],[401421.28980100935,136920.79588442534],[401421.35171852214,136918.34213293341],[401421.81298391498,136915.93133132401],[401422.66124594392,136913.62803332057],[401423.87379080622,136911.49391403631],[401425.41815034457,136909.58611850775],[401427.25297144311,136907.95573152948],[401429.32912333409,136906.64640976308],[401431.59101316647,136905.69321274842],[401433.9780746082,136905.12166411892],[401436.42638962326,136904.94706815842],[401438.87039999664,136905.17410000041]]]},"properties":{"OBJECTID":50,"ROUTEID":"12015992","FROMMEASURE":0,"TOMEASURE":4140.0769,"ROUTENAME":"BLADENSBURG RD NE","CORRIDORID":"12015992_1","FROMSTREET":"15TH ST NE/BENNING RD NE/H ST NE/MARYLAND AVE NE","TOSTREET":"BENNING RD SE/EAST CAPITOL ST BN","LENGTH_MI":2.5725193700000002,"TIER_1":0,"TIER_2":1,"TIER_3":0,"GIS_ID":"HIN_CorridorsLn_32","SE_ANNO_CAD_DATA":null,"BUFF_DIST":15,"ORIG_FID":32,"SHAPE_Length":8374.0671423784224,"SHAPE_Area":124904.58850995691}},{"type":"Feature","id":51,"geometry":{"type":"Polygon","coordinates":[[[399306.11919999868,141595.18389999866],[399308.36248173419,141595.76103699428],[399310.49015794927,141596.67667555858],[399312.45149024529,141597.90898058619],[399314.19970700407,141599.42856547062],[399315.69311874383,141601.1991928826],[399316.8961122827,141603.17863891675],[399317.78000000119,141605.31969999894],[399341.41730000079,141678.05000000075],[399343.2031000033,141683.49020000175],[399347.63880000263,141696.99940000102],[399348.49289999902,141699.60060000047],[399348.59160000086,141699.91250000149],[399355.35159999877,141722.12350000069],[399355.66520000249,141723.33229999989],[399360.17220000178,141744.25530000031],[399360.28059999645,141744.80930000171],[399360.41260000318,141745.72080000117],[399362.02979999781,141759.95879999921],[399363.96890000254,141778.70380000025],[399364.0407000035,141779.76209999993],[399364.22169999778,141785.3590000011],[399364.21609999985,141785.83980000019],[399364.68490000069,141799.72060000151],[399364.69189999998,141800.31430000067],[399362.79110000283,141929.93980000168],[399361.445600003,142027.1585999988],[399363.92790000141,142048.07950000092],[399364.01565130084,142050.55532500939],[399363.69469816587,142053.01182635242],[399362.97379537084,142055.38199700517],[399361.87260728574,142057.60118482154],[399360.42117148312,142059.608856078],[399358.65907939058,142061.35024667761],[399356.63439633837,142062.77785597337],[399354.40235046152,142063.85274246347],[399352.02382621815,142064.54558601504],[399349.56370361889,142064.83748764187],[399347.08908846712,142064.72048501996],[399344.66748188558,142064.19776967927],[399342.36493906,142063.28359994694],[399340.2442674237,142062.00291201691],[399338.36331343272,142060.39063975489],[399336.77338466363,142058.49076179243],[399335.51785027504,142056.35510190323],[399334.63095800899,142054.0419153843],[399334.13690000027,142051.61430000141],[399331.53779999912,142029.7089000009],[399331.43400000036,142027.83769999817],[399332.79410000145,141929.51220000163],[399334.68909999728,141800.33590000123],[399334.23730000108,141786.32759999856],[399334.24270000309,141785.84490000084],[399334.07339999825,141781.26170000061],[399332.20459999889,141763.19299999997],[399330.68840000033,141749.84670000151],[399326.46930000186,141730.2602000013],[399319.93850000203,141708.80220000073],[399319.13599999994,141706.35819999874],[399314.69990000129,141692.84789999947],[399312.90190000087,141687.37029999867],[399289.24899999797,141614.59230000153],[399288.66675763455,141612.08779559468],[399288.52081228484,141609.52064767363],[399288.81545252958,141606.96629146909],[399289.54202041239,141604.49978632914],[399290.67916585226,141602.1936101125],[399292.19347401254,141600.1155294381],[399294.0404471904,141598.3266083739],[399296.16581237467,141596.87941407898],[399298.50711604959,141595.816472126],[399300.99555938155,141595.16901689407],[399303.55801986158,141594.95607375159],[399306.11919999868,141595.18389999866]]]},"properties":{"OBJECTID":51,"ROUTEID":"12023852","FROMMEASURE":0,"TOMEASURE":446.6336,"ROUTENAME":"CLERMONT DR NE","CORRIDORID":"12023852_1","FROMSTREET":"FORT DR NE","TOSTREET":"53RD ST NE","LENGTH_MI":0.27752469000000002,"TIER_1":1,"TIER_2":0,"TIER_3":0,"GIS_ID":"HIN_CorridorsLn_33","SE_ANNO_CAD_DATA":null,"BUFF_DIST":15,"ORIG_FID":33,"SHAPE_Length":987.50843833908141,"SHAPE_Area":14105.474650834421}},{"type":"Feature","id":52,"geometry":{"type":"Polygon","coordinates":[[[399438.6501000002,136574.48490000144],[399400.30390000343,136585.02479999885],[399399.96649999917,136585.11329999939],[399390.22980000079,136587.5474999994],[399389.19640000165,136587.76749999821],[399388.58869999647,136587.86190000176],[399381.4979000017,136588.81439999864],[399379.90640000254,136588.94240000099],[399375.9905000031,136589.04830000177],[399375.58500000089,136589.05380000174],[399374.18490000069,136588.98829999939],[399370.79829999804,136588.67080000043],[399369.59369999915,136588.50840000063],[399367.96570000052,136588.12669999897],[399364.36729999632,136587.06830000132],[399363.46970000118,136586.77329999954],[399363.16350000352,136586.65810000151],[399359.35350000113,136585.17650000006],[399357.70629999787,136584.41829999909],[399354.74300000072,136582.83069999889],[399354.32670000196,136582.59910000116],[399353.50630000234,136582.08949999884],[399350.01380000263,136579.7611999996],[399348.87529999763,136578.92210000008],[399345.58410000056,136576.24799999967],[399341.2704000026,136572.85869999975],[399336.48849999905,136569.15029999986],[399322.71899999678,136559.76460000128],[399320.69507119467,136558.10923251204],[399318.98934182472,136556.12756234859],[399317.65363956813,136553.87980150676],[399316.72854902886,136551.43424700634],[399316.24217859184,136548.86520572245],[399316.20930636453,136546.25073661056],[399316.63093115209,136543.67027892658],[399317.4942421093,136541.20223850722],[399318.77300799097,136538.92160545033],[399320.42837417475,136536.89767558049],[399322.41004323796,136535.1919449323],[399324.65780321823,136533.85624122588],[399327.10335712193,136532.93114910918],[399329.67239809211,136532.44477701507],[399332.28686718282,136532.4119031014],[399334.86732513877,136532.83352622457],[399337.33536611497,136533.69683558983],[399339.61599999666,136534.97560000047],[399353.76510000229,136544.62009999901],[399354.50879999995,136545.16120000184],[399359.7322999984,136549.21209999919],[399364.31059999764,136552.81049999967],[399367.24379999936,136555.19240000099],[399369.54649999738,136556.72749999911],[399371.0727000013,136557.54520000145],[399373.44399999827,136558.46730000153],[399375.04100000113,136558.93699999899],[399376.08410000056,136559.03480000049],[399378.29580000043,136558.97500000149],[399383.76579999924,136558.24020000175],[399392.51979999989,136556.05169999972],[399430.62719999999,136545.5775000006],[399485.97450000048,136530.08029999956],[399493.43190000206,136527.78570000082],[399498.62120000273,136525.68780000135],[399500.02340000123,136524.67830000073],[399502.19160000235,136522.42669999972],[399503.66730000079,136520.13120000064],[399505.07190000266,136517.04120000079],[399506.1147999987,136513.07820000127],[399507.03660000116,136506.62550000101],[399507.43590000272,136501.56780000031],[399507.46750000119,136501.21970000118],[399507.90479999781,136496.95109999925],[399508.39695608907,136494.38316655258],[399509.32755181007,136491.93970764999],[399510.66831153055,136489.69496642292],[399512.37849701667,136487.71714807744],[399514.40614523942,136486.06634751731],[399516.68964724219,136484.79272339374],[399519.15962009435,136483.93497406307],[399521.74101505289,136483.51916175874],[399524.35539787658,136483.55792070497],[399526.9233320062,136484.05007323279],[399529.36679220013,136484.98066556311],[399531.6115352877,136486.32142216866],[399533.58935600636,136488.03160491027],[399535.24015938013,136490.05925084229],[399536.51378667244,136492.34275107767],[399537.37153943058,136494.81272273956],[399537.78735531698,136497.39411712115],[399537.74859999865,136500.0084999986],[399537.32930000126,136504.10190000013],[399536.90630000085,136509.45879999921],[399536.80210000277,136510.39939999953],[399535.69089999795,136518.17819999903],[399535.61370000243,136518.66169999912],[399535.34769999981,136519.87440000102],[399533.7602000013,136525.90689999983],[399533.34950000048,136527.21979999915],[399532.90950000286,136528.29670000076],[399530.52820000052,136533.53539999947],[399529.86320000142,136534.82820000127],[399529.49059999734,136535.43939999864],[399526.633100003,136539.88450000063],[399525.50599999726,136541.4151000008],[399524.8200000003,136542.17799999937],[399520.69250000268,136546.46420000121],[399519.52960000187,136547.55020000041],[399518.65230000019,136548.23259999976],[399514.68349999934,136551.09010000154],[399513.41899999976,136551.90740000084],[399511.54100000113,136552.82360000163],[399504.07980000228,136555.83989999816],[399503.58810000122,136556.02870000154],[399502.86909999698,136556.26999999955],[399494.61410000175,136558.80999999866],[399494.24719999731,136558.9178000018],[399438.6501000002,136574.48490000144]]]},"properties":{"OBJECTID":52,"ROUTEID":"12024732A","FROMMEASURE":0,"TOMEASURE":233.54100000000003,"ROUTENAME":"COLUMBUS CIR NE","CORRIDORID":"12024732A_1","FROMSTREET":"COLUMBUS CIR NE","TOSTREET":"Ramp-36005892/COLUMBUS CIR NE","LENGTH_MI":0.1451151,"TIER_1":0,"TIER_2":1,"TIER_3":0,"GIS_ID":"HIN_CorridorsLn_35","SE_ANNO_CAD_DATA":null,"BUFF_DIST":15,"ORIG_FID":35,"SHAPE_Length":561.25033813227037,"SHAPE_Area":7712.2217511489562}},{"type":"Feature","id":53,"geometry":{"type":"Polygon","coordinates":[[[407850.99490000308,136101.30139999837],[407853.51211125066,136101.97506300398],[407855.87475125236,136103.07420199993],[407858.01151740225,136104.56564584092],[407859.85792378848,136106.40438393186],[407861.35824732709,136108.53492461194],[407862.46720944083,136110.89296984908],[407863.15134253044,136113.40735570368],[407863.3900000006,136116.00219999999],[407863.39169999957,136116.36030000076],[407863.39989999682,136118.11470000073],[407863.26439999789,136120.16250000149],[407862.69439999759,136124.37249999866],[407862.09690000117,136126.99639999866],[407861.10819999874,136130.5166000016],[407860.76539999992,136131.58029999956],[407860.40179999918,136132.48629999906],[407858.69179999828,136136.37629999965],[407857.9504000023,136137.83999999985],[407857.70570000261,136138.24870000035],[407855.46570000052,136141.85869999975],[407854.22020000219,136143.58049999923],[407851.48550000042,136146.84620000049],[407850.87799999863,136147.52749999985],[407846.497299999,136152.15019999817],[407842.06490000337,136156.75490000099],[407837.62810000032,136161.34310000017],[407833.13759999722,136165.92509999871],[407828.62849999964,136170.4646999985],[407824.11089999974,136174.9721999988],[407819.57310000062,136179.45939999819],[407815.00310000032,136183.93809999898],[407810.4096999988,136188.37990000099],[407807.82129999995,136190.86679999903],[407805.34860000014,136193.22399999946],[407787.87569999695,136210.62750000134],[407780.36819999665,136218.10590000078],[407747.37650000304,136254.12269999832],[407747.03440000117,136254.4840000011],[407724.33079999685,136277.67579999939],[407723.9748999998,136278.02739999816],[407713.11309999973,136288.40650000051],[407712.24859999865,136289.27100000158],[407706.88579999655,136294.63379999995],[407695.65600000322,136305.86360000074],[407695.37080000341,136306.14130000025],[407689.06769999862,136312.11850000173],[407681.21149999648,136319.56819999963],[407680.57940000296,136320.13459999859],[407671.49279999733,136327.82330000028],[407655.28920000046,136343.79600000009],[407629.15789999813,136369.55490000173],[407605.26190000027,136393.28119999915],[407582.12789999694,136416.36529999971],[407576.79699999839,136421.71609999985],[407569.28819999844,136429.25499999896],[407559.74000000209,136438.84310000017],[407558.55849999934,136440.03460000083],[407557.39490000159,136441.20679999888],[407535.8105000034,136462.95259999856],[407530.20639999956,136468.58680000156],[407521.73740000278,136477.10579999909],[407514.78069999814,136484.10240000114],[407510.62259999663,136488.29039999843],[407490.17059999704,136508.95230000094],[407489.92360000312,136509.19619999826],[407471.68829999864,136526.78519999981],[407468.43789999932,136530.04529999942],[407460.55210000277,136537.9710999988],[407451.76870000362,136546.79450000077],[407449.19330000132,136549.37970000133],[407426.51410000026,136572.61840000004],[407407.1400000006,136591.94330000132],[407401.51810000092,136597.60509999841],[407395.30830000341,136603.84479999915],[407390.2621999979,136608.93329999968],[407388.15510000288,136611.05799999833],[407383.29999999702,136615.94319999963],[407381.24560000002,136617.98759999871],[407364.48369999975,136634.69949999824],[407327.82789999992,136671.2864000015],[407303.21790000051,136695.85000000149],[407288.30799999833,136710.62249999866],[407255.51919999719,136743.10920000076],[407200.27390000224,136799.01859999821],[407197.20859999955,136802.02329999954],[407194.27109999955,136804.8916000016],[407191.35029999912,136807.78269999847],[407187.71019999683,136811.38300000131],[407184.09200000018,136814.99120000005],[407180.47770000249,136818.59560000151],[407176.89750000089,136822.20549999923],[407173.30210000277,136825.84059999883],[407169.73049999774,136829.48169999942],[407166.80579999834,136832.46579999849],[407163.89169999957,136835.45930000022],[407160.87879999727,136838.57290000096],[407144.15119999647,136855.20199999958],[407142.36490000039,136856.98840000108],[407131.63830000162,136867.70780000091],[407127.24759999663,136872.09569999948],[407126.10589999706,136873.24720000103],[407117.8423999995,136881.53090000153],[407106.52380000055,136892.88940000162],[407099.79710000008,136899.63610000163],[407098.91019999981,136900.53269999847],[407081.08129999787,136918.18200000003],[407057.28899999708,136942.04419999942],[407047.39800000191,136951.91519999877],[407039.20289999992,136960.10029999912],[407031.56570000201,136967.70749999955],[407031.32660000026,136967.94660000131],[407026.19280000031,136973.08040000126],[407025.09860000014,136974.19379999861],[407019.4531000033,136979.93859999999],[407019.08190000057,136980.3200000003],[407011.77030000091,136987.75200000033],[407010.69849999994,136988.84389999881],[406989.375,137010.51749999821],[406984.73149999976,137015.24130000174],[406962.34549999982,137037.70760000125],[406962.1080000028,137037.94079999998],[406961.13159999996,137038.87810000032],[406954.4897999987,137045.31080000103],[406948.14119999856,137051.46920000017],[406945.04980000108,137054.45369999856],[406926.36869999766,137073.17449999973],[406900.36900000274,137098.94429999962],[406883.39100000262,137115.99210000038],[406875.5903000012,137123.83289999887],[406867.72569999844,137131.72749999911],[406861.83659999818,137137.63670000061],[406854.59380000085,137144.90940000117],[406830.11699999869,137169.53559999913],[406824.75249999762,137174.78990000114],[406818.31539999694,137181.11679999903],[406812.45870000124,137186.85339999944],[406803.87900000066,137195.26529999822],[406779.43389999866,137220.21860000119],[406751.80659999698,137248.1922999993],[406743.46970000118,137256.63329999894],[406733.09830000252,137266.92779999971],[406709.92589999735,137289.92720000073],[406677.93940000236,137321.78390000015],[406658.21840000153,137341.86439999938],[406651.64350000024,137348.44979999959],[406642.192900002,137357.9103000015],[406637.57819999754,137362.53119999915],[406634.58330000192,137365.53000000119],[406626.3497999981,137373.77340000123],[406618.47070000321,137381.65260000154],[406598.39159999788,137401.61070000008],[406591.92779999971,137407.90989999846],[406589.93090000004,137410.00609999895],[406589.64829999954,137410.2947999984],[406580.24710000306,137419.64609999955],[406579.71490000188,137420.17839999869],[406566.90160000324,137433.03170000017],[406558.99300000072,137440.96020000055],[406545.34650000185,137454.65680000186],[406540.14310000092,137459.88010000065],[406515.2221999988,137485.04089999944],[406512.46949999779,137487.78370000049],[406506.38750000298,137493.82600000128],[406500.19210000336,137500.14029999822],[406491.46069999784,137509.02199999988],[406451.28580000252,137548.87759999931],[406425.67230000347,137574.74080000073],[406425.22969999909,137575.18360000104],[406417.13069999963,137583.32250000164],[406412.34870000184,137588.12440000102],[406412.03360000253,137588.43169999868],[406406.42059999704,137593.74689999968],[406405.23990000039,137594.8647999987],[406403.3925999999,137596.73050000146],[406400.72320000082,137599.4199000001],[406388.9579000026,137611.30519999936],[406386.78639999777,137613.49670000002],[406359.33950000256,137641.10370000079],[406332.10509999841,137668.51799999923],[406307.0175999999,137693.80550000072],[406293.81960000098,137707.05319999903],[406282.23179999739,137718.99650000036],[406281.72810000181,137719.49179999903],[406277.1155000031,137723.81830000132],[406265.17539999634,137735.79789999872],[406263.55080000311,137737.42139999941],[406231.81759999692,137768.26669999957],[406221.85830000043,137778.36439999938],[406210.67270000279,137789.70010000095],[406208.96959999949,137791.42330000177],[406206.51519999653,137793.9076000005],[406200.05049999803,137800.46229999885],[406193.68670000136,137806.91629999876],[406189.97699999809,137810.61630000174],[406178.94489999861,137821.63830000162],[406170.84099999815,137829.76220000163],[406140.684799999,137860.14829999954],[406136.9980000034,137863.80510000139],[406124.2276000008,137876.49560000002],[406115.5970999971,137885.0859999992],[406106.30650000274,137894.31689999998],[406075.96689999849,137925.00609999895],[406049.36770000309,137951.50560000166],[406043.4355000034,137957.4178000018],[406036.89220000058,137963.93100000173],[406035.81469999999,137965.0084999986],[406006.47940000147,137994.43349999934],[405997.88390000165,138003.37519999966],[405997.57720000297,138003.68510000035],[405992.78480000049,138008.3889000006],[405968.43090000004,138032.29259999841],[405966.75360000134,138033.97949999943],[405959.74539999664,138041.06760000065],[405951.31989999861,138049.55319999903],[405937.48700000346,138063.51610000059],[405931.43720000237,138069.55600000173],[405920.79619999975,138080.17709999904],[405901.24610000104,138099.68710000068],[405896.00829999894,138104.91490000114],[405864.78679999709,138136.33619999886],[405850.36249999702,138150.94040000066],[405849.30910000205,138151.98380000144],[405843.16950000077,138158.05339999869],[405837.16770000011,138163.99540000036],[405835.03700000048,138166.11630000174],[405813.26579999924,138188.02739999816],[405777.39239999652,138223.93079999834],[405771.80359999835,138229.52730000019],[405748.10840000212,138253.25459999964],[405747.23309999704,138254.11969999969],[405739.63069999963,138261.63230000064],[405734.14029999822,138267.07259999961],[405728.28930000216,138272.8535999991],[405724.14350000024,138276.94970000163],[405723.13599999994,138277.85810000077],[405718.84269999713,138281.32919999957],[405713.02549999952,138286.04069999978],[405706.60010000318,138291.2349999994],[405704.43794222566,138292.69165591674],[405702.05622193532,138293.7519300204],[405699.52688940772,138294.383792095],[405696.92635419156,138294.56815398368],[405694.33317682409,138294.2994462295],[405691.82569556648,138293.5857863251],[405689.47965985426,138292.44873348839],[405687.36594195431,138290.92263737219],[405685.54839595821,138289.05360038261],[405684.08192879008,138286.89808495442],[405683.01084150292,138284.52120785628],[405682.36749097169,138281.99477305394],[405682.17131241231,138279.39510255767],[405682.42823225586,138276.80073078201],[405683.13048911514,138274.29003207048],[405684.25686825108,138271.93885305591],[405685.77334245661,138269.81822138108],[405687.63409999758,138267.99219999835],[405694.15450000018,138262.71939999983],[405699.97380000353,138258.00609999895],[405703.59149999917,138255.08249999955],[405707.20430000126,138251.51300000027],[405713.03970000148,138245.74740000069],[405718.52939999849,138240.30779999867],[405726.14689999819,138232.78029999882],[405726.94960000366,138231.98710000142],[405750.57590000331,138208.32860000059],[405756.16759999841,138202.72920000181],[405792.01299999654,138166.85379999876],[405813.81870000064,138144.90819999948],[405816.03230000287,138142.70470000058],[405822.070600003,138136.72659999877],[405828.21090000123,138130.65630000085],[405829.13549999893,138129.74100000039],[405843.47360000014,138115.22349999845],[405874.77160000056,138083.72529999912],[405880.05390000343,138078.45289999992],[405899.60390000045,138058.94299999997],[405910.24279999733,138048.32400000095],[405916.23059999943,138042.3460999988],[405930.01979999989,138028.42720000073],[405938.43469999731,138019.9523999989],[405945.45840000361,138012.84870000184],[405947.2880000025,138011.00930000097],[405971.7704000026,137986.97870000079],[405976.40699999779,137982.42779999971],[405985.04169999808,137973.44720000029],[406014.58529999852,137943.8115000017],[406015.71559999883,137942.68120000139],[406022.26460000128,137936.16230000183],[406028.19240000099,137930.25450000167],[406054.71880000085,137903.82789999992],[406085.07029999793,137873.12680000067],[406094.442900002,137863.81399999931],[406103.07249999791,137855.22450000048],[406115.8620999977,137842.5148999989],[406119.47680000216,137838.92990000173],[406149.58680000156,137808.59019999951],[406157.71930000186,137800.43760000169],[406168.78310000151,137789.38379999995],[406172.41250000149,137785.76419999823],[406178.6895999983,137779.39779999852],[406185.16489999741,137772.83240000159],[406187.6305000037,137770.33680000156],[406189.32729999721,137768.62000000104],[406200.50169999897,137757.29560000077],[406210.6828000024,137746.97540000081],[406242.49009999633,137716.05669999868],[406243.93590000272,137714.61089999974],[406256.04590000212,137702.46090000123],[406256.40810000151,137702.10949999839],[406260.9469999969,137697.85209999979],[406272.42400000244,137686.02409999818],[406285.73539999872,137672.66160000116],[406310.81499999762,137647.38199999928],[406338.06059999764,137619.95639999956],[406365.49360000342,137592.36340000108],[406367.64220000058,137590.19489999861],[406379.41679999977,137578.30020000041],[406382.08240000159,137575.61459999904],[406384.09099999815,137573.5859999992],[406384.43670000136,137573.24799999967],[406385.79370000213,137571.96319999918],[406391.24710000306,137566.79910000041],[406395.86930000037,137562.1576000005],[406403.99040000141,137553.99650000036],[406404.40250000358,137553.58430000022],[406430.05900000036,137527.67810000107],[406470.19839999825,137487.85810000077],[406478.7880000025,137479.11980000138],[406485.11069999635,137472.67669999972],[406491.31059999764,137466.51630000025],[406493.97709999979,137463.85960000008],[406518.85790000111,137438.73910000175],[406524.09359999746,137433.48330000043],[406537.74700000137,137419.77980000153],[406545.65850000083,137411.84840000048],[406558.48520000279,137398.98169999942],[406559.05759999901,137398.40929999948],[406568.3470999971,137389.16899999976],[406570.39750000089,137387.0166000016],[406570.78989999741,137386.61980000138],[406577.34200000018,137380.2351000011],[406597.2893999964,137360.40749999881],[406605.1269999966,137352.56980000064],[406613.35679999739,137344.3300999999],[406616.35109999776,137341.33190000057],[406620.96710000187,137336.70969999954],[406630.41659999639,137327.25030000135],[406636.89779999852,137320.75910000131],[406656.64649999887,137300.65080000088],[406688.77409999818,137268.6528000012],[406711.9646999985,137245.6352000013],[406722.23189999908,137235.44460000098],[406730.46159999818,137227.11169999838],[406758.0447999984,137199.1827000007],[406782.66179999709,137174.0560999997],[406791.46130000055,137165.42660000175],[406797.30460000038,137159.70320000127],[406803.73520000279,137153.38269999996],[406808.98110000044,137148.24540000036],[406833.32630000263,137123.75059999898],[406840.58349999785,137116.46339999884],[406846.47429999709,137110.55249999836],[406854.32980000228,137102.66710000113],[406862.12900000066,137094.82789999992],[406879.18620000035,137077.70080000162],[406905.19099999964,137051.92570000142],[406924.01190000027,137033.06659999862],[406927.2853000015,137029.90459999815],[406933.61020000279,137023.76920000091],[406940.30820000172,137017.28220000118],[406941.21379999816,137016.41270000115],[406963.40470000356,136994.14229999855],[406967.9849999994,136989.48259999976],[406989.29839999974,136967.81929999962],[406990.37139999866,136966.72619999945],[406997.63949999958,136959.33850000054],[406997.9952000007,136958.97309999913],[407003.70149999857,136953.16620000079],[407004.88750000298,136951.95969999954],[407010.11339999735,136946.7333999984],[407010.38390000165,136946.46299999952],[407018.01709999889,136938.85970000178],[407026.20210000128,136930.684799999],[407036.07100000232,136920.83590000123],[407059.90259999782,136896.93439999968],[407077.69039999694,136879.32609999925],[407078.5150000006,136878.49199999869],[407085.27619999647,136871.71059999987],[407096.59769999981,136860.34919999912],[407104.83669999987,136852.09010000154],[407105.99229999632,136850.92469999939],[407110.432099998,136846.48759999871],[407121.15519999713,136835.77169999853],[407122.96940000355,136833.95749999955],[407139.5204000026,136817.50580000132],[407142.36450000107,136814.56480000168],[407145.33959999681,136811.50869999826],[407148.30950000137,136808.47839999944],[407151.93360000104,136804.78390000015],[407155.58250000328,136801.09459999949],[407159.23889999837,136797.40810000151],[407162.90799999982,136793.74879999831],[407166.56989999861,136790.09710000083],[407170.24979999661,136786.45729999989],[407173.23420000076,136783.50349999964],[407176.23219999671,136780.57589999959],[407179.10620000213,136777.76000000164],[407234.29389999807,136721.90819999948],[407267.19319999963,136689.31129999831],[407282.06629999727,136674.57530000061],[407306.63470000029,136650.05319999903],[407343.29630000144,136613.46049999818],[407360.07440000027,136596.7324000001],[407362.0856000036,136594.73110000044],[407366.86490000039,136589.92210000008],[407368.9606000036,136587.8088000007],[407374.01850000024,136582.70839999989],[407380.24199999869,136576.45490000024],[407385.90160000324,136570.75530000031],[407405.18310000002,136551.5234999992],[407427.82900000364,136528.31859999895],[407430.51129999757,136525.62550000101],[407439.2880000025,136516.80889999866],[407447.182099998,136508.87480000034],[407450.65200000256,136505.39649999887],[407468.97309999913,136487.72269999981],[407489.31750000268,136467.16959999874],[407493.49930000305,136462.95769999921],[407500.4627000019,136455.95430000126],[407508.93370000273,136447.43329999968],[407514.52960000187,136441.80739999935],[407536.1032000035,136420.07239999995],[407537.26150000095,136418.90540000051],[407538.45000000298,136417.70690000057],[407548.03180000186,136408.08509999886],[407555.54299999774,136400.54390000179],[407560.91929999739,136395.14759999886],[407584.09809999913,136372.01880000159],[407608.06059999764,136348.22670000046],[407634.22879999876,136322.43120000139],[407650.83919999748,136306.05750000104],[407651.68020000309,136305.28909999877],[407660.87780000269,136297.50649999827],[407668.42499999702,136290.34980000183],[407674.58299999684,136284.5102000013],[407685.6726000011,136273.42060000077],[407691.03540000319,136268.05779999867],[407692.01979999989,136267.07339999825],[407692.26349999756,136266.83520000055],[407703.06780000031,136256.51099999994],[407725.42339999974,136233.67469999939],[407758.47909999639,136197.58810000122],[407758.95400000364,136197.09279999882],[407766.70430000126,136189.37260000035],[407784.29460000247,136171.85229999945],[407784.5298999995,136171.62299999967],[407787.06759999692,136169.20380000025],[407789.59839999676,136166.77219999954],[407794.07029999793,136162.44810000062],[407798.54309999943,136158.0645999983],[407802.96000000089,136153.69680000097],[407807.39069999754,136149.27600000054],[407811.77799999714,136144.85909999907],[407816.13809999824,136140.4103000015],[407820.46350000054,136135.93710000068],[407824.8069999963,136131.42509999871],[407828.78480000049,136127.22729999945],[407830.53599999845,136125.13610000163],[407831.65519999713,136123.33229999989],[407832.51619999856,136121.37379999831],[407833.11410000175,136119.2509999983],[407833.39530000091,136117.17399999872],[407833.39209999889,136116.50230000168],[407833.39029999822,136116.10920000076],[407833.57356117922,136113.73553215811],[407834.13006711891,136111.42075682845],[407835.04579884477,136109.22318564783],[407836.29768810718,136107.1981777559],[407837.85419849306,136105.39674524084],[407839.67611986137,136103.86426809084],[407841.71755608812,136102.63935102429],[407843.92708123801,136101.75285099621],[407846.24903503817,136101.22709987886],[407848.62492501945,136101.07534189828],[407850.99490000308,136101.30139999837]]]},"properties":{"OBJECTID":53,"ROUTEID":"12031982","FROMMEASURE":0,"TOMEASURE":3053.6880000000001,"ROUTENAME":"EASTERN AVE NE","CORRIDORID":"12031982_1","FROMSTREET":"SOUTHERN AVE NE","TOSTREET":"KENILWORTH AVE NE","LENGTH_MI":1.89746992,"TIER_1":1,"TIER_2":0,"TIER_3":0,"GIS_ID":"HIN_CorridorsLn_36","SE_ANNO_CAD_DATA":null,"BUFF_DIST":15,"ORIG_FID":36,"SHAPE_Length":6201.5936594814639,"SHAPE_Area":92316.564186915508}},{"type":"Feature","id":54,"geometry":{"type":"Polygon","coordinates":[[[401377.28050000221,136914.11780000106],[401379.70168560563,136914.75696151069],[401381.98280174966,136915.79000376488],[401384.06027445482,136917.18813620534],[401385.87620521913,136918.91239332678],[401387.37998463126,136920.91472063301],[401388.52970283845,136923.13931390046],[401389.29331756092,136925.52417442412],[401389.64954709978,136928.00283690161],[401389.58846345142,136930.50622179999],[401389.11176899757,136932.96456058041],[401388.23274906073,136935.30934012492],[401386.97590164625,136937.47521217522],[401385.37625469075,136939.40181456791],[401383.47838984494,136941.03545350858],[401381.33519999683,136942.33060000092],[401360.47739999741,136952.66490000114],[401357.27920000255,136954.55420000106],[401357.03410000354,136954.69449999928],[401292.9824000001,136990.50629999861],[401289.26910000294,136992.51139999926],[401288.86450000107,136992.73290000111],[401288.58780000359,136992.88289999962],[401271.50020000339,137002.11699999869],[401265.64899999648,137005.27760000154],[401263.65030000359,137006.17540000007],[401262.99899999797,137006.39570000023],[401249.2127000019,137010.70910000056],[401244.63560000062,137013.18870000169],[401235.79450000077,137017.97929999977],[401227.72169999778,137022.35080000013],[401220.70090000331,137026.1512000002],[401214.05319999903,137029.75],[401171.4720999971,137052.81879999861],[401163.88849999756,137056.97890000045],[401150.70340000093,137064.2228000015],[401140.40779999644,137069.87929999828],[401123.15420000255,137079.34129999951],[401108.8973999992,137087.1640000008],[401108.39150000364,137087.44280000031],[401099.1344999969,137092.49300000072],[401090.77769999951,137097.03669999912],[401037.03980000317,137126.32559999824],[401035.76979999989,137127.01559999958],[401022.90129999816,137134.02930000052],[401015.55189999938,137138.03889999911],[400996.64959999919,137148.34380000085],[400987.72860000283,137153.20699999854],[400982.32549999654,137156.11950000003],[400976.99350000173,137159.00890000165],[400971.62560000271,137161.92779999971],[400966.27709999681,137164.83610000089],[400960.93429999799,137167.75670000166],[400955.59830000252,137170.68349999934],[400950.2629000023,137173.62550000101],[400944.91369999945,137176.57510000095],[400939.59560000151,137179.51740000024],[400934.1875,137182.52459999919],[400921.747299999,137189.23919999972],[400918.64010000229,137190.98580000177],[400918.22800000012,137191.20899999887],[400909.01330000162,137196.01630000025],[400900.42490000278,137200.50539999828],[400890.42140000314,137205.72729999945],[400867.66120000184,137217.60860000178],[400858.87359999865,137222.4860999994],[400818.27130000293,137245.65230000019],[400805.35779999942,137252.67949999869],[400767.85080000013,137273.08500000089],[400761.32649999857,137276.63740000129],[400755.59910000116,137279.75600000098],[400742.55789999664,137286.84659999982],[400737.25100000203,137289.73490000144],[400730.84939999878,137293.21939999983],[400680.0428000018,137321.14110000059],[400658.78750000149,137332.31839999929],[400645.66790000349,137339.20820000023],[400627.50710000098,137348.75860000029],[400622.49620000273,137351.38929999992],[400613.60300000012,137356.39420000091],[400602.79810000211,137362.46689999849],[400593.16749999672,137367.87719999999],[400563.85700000077,137384.34760000184],[400548.77019999921,137392.82140000165],[400540.36810000241,137397.53130000085],[400536.28509999812,137399.82899999991],[400483.31009999663,137428.34750000015],[400480.46649999917,137429.87819999829],[400459.72559999675,137441.22599999979],[400449.78610000014,137446.67570000142],[400435.91179999709,137454.26810000092],[400424.88319999725,137460.30539999902],[400355.11309999973,137499.12209999934],[400354.35350000113,137499.54630000144],[400353.69919999689,137499.89079999924],[400339.66910000145,137506.84189999849],[400335.12860000134,137509.29789999872],[400320.14320000261,137517.38080000132],[400312.2351000011,137521.64979999885],[400305.69990000129,137525.17720000073],[400295.68620000035,137530.59209999815],[400268.55210000277,137545.46249999851],[400258.89370000362,137550.76150000095],[400236.64750000089,137562.96040000021],[400235.11200000346,137563.79789999872],[400197.09369999915,137584.65949999914],[400170.1724999994,137599.64020000026],[400162.59520000219,137603.85649999976],[400151.5877000019,137609.9851000011],[400136.39620000124,137618.4459999986],[400067.85769999772,137656.58520000055],[400056.67759999633,137662.815200001],[400044.11819999665,137669.80359999835],[400042.02560000122,137670.97720000148],[399988.53239999712,137700.31219999865],[399987.68530000001,137700.7424999997],[399976.90529999882,137705.79439999908],[399975.74260000139,137706.42110000178],[399965.16210000217,137712.13599999994],[399962.21480000019,137713.73000000045],[399952.38849999756,137719.02340000123],[399941.40749999881,137724.94849999994],[399938.31859999895,137726.61789999902],[399933.19910000265,137729.3814000003],[399912.9245999977,137740.44750000164],[399912.59430000186,137740.627700001],[399880.75909999758,137758.00129999965],[399848.89249999821,137775.22569999844],[399848.59809999913,137775.38069999963],[399848.23070000112,137775.5689000003],[399846.08950000256,137776.68349999934],[399831.95260000229,137784.05189999938],[399824.1379000023,137788.12429999933],[399811.49859999865,137794.70059999824],[399808.9728000015,137796.09560000151],[399766.01829999685,137819.7435999997],[399757.43639999628,137824.45809999853],[399757.13210000098,137824.62680000067],[399734.38599999994,137836.98220000044],[399713.57490000129,137848.3797999993],[399685.93349999934,137863.51810000092],[399679.33160000294,137867.10539999977],[399676.1930000037,137868.80469999835],[399636.69600000232,137890.27690000087],[399630.70530000329,137893.69330000132],[399625.62929999828,137896.58240000159],[399624.66330000013,137897.13010000065],[399609.07410000265,137905.9963000007],[399602.29819999635,137909.8572999984],[399589.99650000036,137916.84679999948],[399588.182099998,137917.88360000029],[399587.89639999717,137918.0428000018],[399565.02279999852,137930.45850000158],[399557.76669999957,137934.22540000081],[399544.49379999936,137941.10689999908],[399531.43330000341,137947.8770999983],[399521.24120000005,137953.16039999947],[399513.59440000355,137957.34219999984],[399497.08359999955,137966.36259999871],[399486.16099999845,137972.33399999887],[399468.78620000184,137981.81749999896],[399458.4843999967,137987.39930000156],[399435.18069999665,138000.01909999922],[399423.12389999628,138006.54960000142],[399406.55640000105,138015.52279999852],[399339.42880000174,138052.22150000185],[399308.57010000199,138068.86969999969],[399288.78639999777,138079.54289999977],[399243.38599999994,138104.42159999907],[399239.77799999714,138106.53510000184],[399222.54670000076,138116.61589999869],[399220.18242949463,138117.72688756092],[399217.66126567865,138118.41084764936],[399215.05967322714,138118.64703635799],[399212.45655614411,138118.42829029163],[399209.9308646741,138117.76124382549],[399207.55920081126,138116.66612789038],[399205.41349502822,138115.17615638653],[399203.55882468843,138113.33651883519],[399202.05144030706,138111.20300982031],[399200.93705952261,138108.84033678815],[399200.24948052113,138106.3201575274],[399200.00955696718,138103.71890685169],[399200.22456553049,138101.11547839915],[399200.88798519096,138098.58883185804],[399201.97969501559,138096.21559818889],[399203.46658440854,138094.06775547517],[399205.30355732626,138092.2104458916],[399207.43490000069,138090.69999999925],[399224.62210000306,138080.64499999955],[399228.44929999858,138078.40329999849],[399228.78159999847,138078.21559999883],[399274.46480000019,138053.18210000172],[399294.32590000331,138042.46689999849],[399325.12389999628,138025.85159999877],[399392.23049999774,137989.16440000013],[399408.83619999886,137980.17040000111],[399420.89379999787,137973.63949999958],[399444.195600003,137961.02070000023],[399454.45899999887,137955.45969999954],[399471.77910000086,137946.00609999895],[399482.69650000334,137940.03750000149],[399499.20570000261,137931.01790000126],[399506.99300000072,137926.75930000097],[399507.28670000285,137926.60289999843],[399517.62669999897,137921.24289999902],[399530.68630000204,137914.47320000082],[399543.95340000093,137907.59470000118],[399550.95769999921,137903.9598999992],[399573.44160000235,137891.75429999828],[399575.13390000165,137890.78730000183],[399587.46190000325,137883.78280000016],[399594.23219999671,137879.92489999905],[399609.84290000051,137871.0465000011],[399610.81059999764,137870.49769999832],[399615.85849999636,137867.62460000068],[399622.10249999911,137864.06569999829],[399661.88710000366,137842.4354000017],[399665.02839999646,137840.73470000178],[399671.55950000137,137837.18580000103],[399699.16449999809,137822.06740000099],[399720.02759999782,137810.64139999822],[399742.69030000269,137798.33159999922],[399742.92660000175,137798.20039999858],[399751.56180000305,137793.45650000125],[399794.48730000108,137769.82449999824],[399797.15869999677,137768.34919999912],[399797.48640000075,137768.17350000143],[399810.28220000118,137761.51570000127],[399818.08749999851,137757.44819999859],[399832.23049999774,137750.07660000026],[399834.46800000221,137748.91200000048],[399834.77610000223,137748.75400000066],[399866.42279999703,137731.64840000123],[399898.22580000013,137714.29239999875],[399898.55539999902,137714.11259999871],[399918.88419999927,137703.01689999923],[399924.06149999797,137700.22210000083],[399927.15259999782,137698.55150000006],[399938.15160000324,137692.61670000106],[399947.9592999965,137687.33329999819],[399950.89790000021,137685.74399999902],[399961.49740000069,137680.01889999956],[399963.04339999706,137679.18569999933],[399963.79469999671,137678.80750000104],[399974.52539999783,137673.77870000154],[400027.47349999845,137644.74300000072],[400029.48390000314,137643.61529999971],[400042.08250000328,137636.60480000079],[400053.26240000129,137630.37489999831],[400121.80390000343,137592.23409999907],[400136.99229999632,137583.77490000054],[400148.0047999993,137577.64350000024],[400155.58519999683,137573.42550000176],[400182.58519999683,137558.4012000002],[400220.71069999784,137537.48070000112],[400222.25970000029,137536.63569999859],[400244.46630000323,137524.45850000158],[400254.12799999863,137519.1576000005],[400281.33810000122,137504.24570000172],[400291.440200001,137498.78290000185],[400297.9849999994,137495.25030000135],[400305.8967999965,137490.97920000181],[400320.87139999866,137482.9021999985],[400325.63379999995,137480.32629999891],[400326.11079999804,137480.07919999957],[400340.04919999838,137473.17350000143],[400340.50699999928,137472.91789999977],[400410.39230000228,137434.03730000183],[400421.50829999894,137427.95199999958],[400435.37389999628,137420.36439999938],[400445.3144999966,137414.91409999877],[400466.16520000249,137403.50649999827],[400469.09019999951,137401.93169999868],[400521.81310000271,137373.55050000176],[400525.66260000318,137371.38280000165],[400534.08980000019,137366.65870000049],[400549.16309999675,137358.19249999896],[400578.47249999642,137341.7228000015],[400588.10199999809,137336.31309999898],[400598.89699999988,137330.24590000138],[400607.97330000252,137325.13789999858],[400608.35750000179,137324.9290000014],[400613.55290000141,137322.2014000006],[400631.71209999919,137312.65190000087],[400644.83259999752,137305.76170000061],[400665.83540000021,137294.71849999949],[400716.45199999958,137266.89990000054],[400722.90910000354,137263.38509999961],[400728.2221999988,137260.49340000004],[400741.26299999654,137253.40289999917],[400746.98049999774,137250.28979999945],[400753.50930000097,137246.7349999994],[400791.02080000192,137226.32710000128],[400803.66610000283,137219.44750000164],[400844.15649999678,137196.34409999847],[400853.27049999684,137191.28480000049],[400853.60849999636,137191.10280000046],[400876.53869999945,137179.13280000165],[400886.53519999981,137173.91459999979],[400895.12680000067,137169.42379999906],[400904.14299999923,137164.71999999881],[400907.27290000021,137162.96200000122],[400919.77269999683,137156.21460000053],[400925.04370000213,137153.28299999982],[400930.41770000011,137150.30970000103],[400935.77709999681,137147.35449999943],[400941.14169999957,137144.39649999887],[400946.52579999715,137141.44330000132],[400951.90980000049,137138.50019999966],[400957.29439999908,137135.57220000029],[400962.67390000075,137132.64710000157],[400968.0680000037,137129.72399999946],[400973.43599999696,137126.83049999923],[400982.2901000008,137122.0036999993],[401001.18810000271,137111.70120000094],[401008.53880000114,137107.69079999998],[401021.43029999733,137100.66450000182],[401022.70030000061,137099.97450000048],[401076.43819999695,137070.68560000136],[401084.79389999807,137066.14249999821],[401093.96480000019,137061.13919999823],[401094.44259999692,137060.8759999983],[401108.72580000013,137053.03880000114],[401125.97230000049,137043.58069999889],[401136.25779999793,137037.92980000004],[401149.45149999857,137030.68120000139],[401157.11029999703,137026.48000000045],[401199.76690000296,137003.37009999901],[401206.41920000315,136999.76880000159],[401213.43840000033,136995.96930000186],[401221.50559999794,136991.60080000013],[401230.34440000355,136986.81140000001],[401236.21500000358,136983.63100000098],[401238.22969999909,136982.72459999844],[401239.15060000122,136982.42269999906],[401252.6623999998,136978.19559999928],[401257.23990000039,136975.72300000116],[401274.38279999793,136966.4589000009],[401274.94550000131,136966.15179999918],[401278.53599999845,136964.2137000002],[401342.23700000346,136928.59699999914],[401345.75699999928,136926.51749999821],[401346.6630000025,136926.02899999917],[401368.01640000194,136915.44920000061],[401370.22327046329,136914.56598323907],[401372.54195265216,136914.0424739382],[401374.91421992256,136913.89181844078],[401377.28050000221,136914.11780000106]]]},"properties":{"OBJECTID":54,"ROUTEID":"12036722","FROMMEASURE":0,"TOMEASURE":2458.9508000000001,"ROUTENAME":"FLORIDA AVE NE","CORRIDORID":"12036722_1","FROMSTREET":"FLORIDA AVE NW/NORTH CAPITOL ST BN","TOSTREET":"H ST NE","LENGTH_MI":1.52791813,"TIER_1":1,"TIER_2":0,"TIER_3":0,"GIS_ID":"HIN_CorridorsLn_37","SE_ANNO_CAD_DATA":null,"BUFF_DIST":15,"ORIG_FID":37,"SHAPE_Length":5012.1246422203658,"SHAPE_Area":74474.74115628493}},{"type":"Feature","id":55,"geometry":{"type":"Polygon","coordinates":[[[401387.36969999969,136943.70749999955],[401385.88530000299,136943.80600000173],[401375.91889999807,136943.9710999988],[401374.69409999996,136943.93169999868],[401373.57599999756,136943.84950000048],[401363.73319999874,136943.12579999864],[401350.18259999901,136942.48050000146],[401339.56419999897,136942.00510000065],[401257.4579000026,136942.30999999866],[401247.19340000302,136942.30999999866],[401224.86670000106,136942.32999999821],[401200.55120000243,136942.36219999939],[401179.57900000364,136942.3900000006],[401121.40749999881,136942.46000000089],[401115.70430000126,136942.4664000012],[401067.67059999704,136942.51999999955],[401027.0821999982,136942.6400000006],[401025.73969999701,136942.6400000006],[401014.25219999999,136942.69990000129],[401002.93760000169,136942.74980000034],[400997.80990000069,136942.7798999995],[400941.25410000235,136942.67000000179],[400886.25320000201,136942.66000000015],[400858.82909999788,136942.6400000006],[400857.63000000268,136942.6400000006],[400846.61590000242,136942.6400000006],[400837.16210000217,136942.64999999851],[400818.83299999684,136942.66000000015],[400747.12070000172,136942.51999999955],[400745.76820000261,136942.51999999955],[400735.12110000104,136942.53999999911],[400724.42740000039,136942.55000000075],[400717.16929999739,136942.55999999866],[400666.55129999667,136942.62000000104],[400648.83659999818,136942.72989999875],[400646.56750000268,136942.73000000045],[400638.00879999995,136942.73999999836],[400628.03610000014,136942.73999999836],[400600.01430000365,136942.76999999955],[400587.92140000314,136942.78000000119],[400551.92870000005,136942.76000000164],[400541.48560000211,136942.75],[400531.33720000088,136942.75],[400505.21800000221,136942.73999999836],[400448.31530000269,136942.82999999821],[400437.14119999856,136942.85000000149],[400427.38319999725,136942.8599999994],[400412.8403000012,136942.8900000006],[400341.88080000132,136943.03000000119],[400332.48449999839,136943.05000000075],[400323.67289999872,136943.05999999866],[400302.83399999887,136943.10000000149],[400206.57410000265,136942.80000000075],[400172.20030000061,136942.89359999821],[400144.16550000012,136942.96990000084],[400135.18110000342,136943],[400125.8172999993,136943.01999999955],[400115.2079000026,136943.05000000075],[400051.82230000198,136942.96999999881],[400042.76340000331,136942.96000000089],[400033.72439999878,136942.94999999925],[400023.55349999666,136942.94009999931],[400005.19470000267,136943.05990000069],[399961.12610000372,136942.98999999836],[399959.87210000306,136942.98999999836],[399950.5169999972,136943.01000000164],[399939.77099999785,136943.03999999911],[399939.41700000316,136943.03999999911],[399888.89980000257,136943.01990000159],[399838.80460000038,136942.99969999865],[399834.59610000253,136942.95930000022],[399823.36039999872,136942.85220000148],[399811.85840000212,136943.20659999922],[399811.40150000155,136943.2137000002],[399690.66860000044,136943.2547999993],[399418.64150000364,136943.34739999846],[399213.82310000062,136943.41710000113],[399211.21847463155,136943.18969178575],[399208.6929021324,136942.5134733585],[399206.3231126208,136941.40898909865],[399204.18110332813,136939.90979464838],[399202.33195123193,136938.06143744948],[399200.83183593414,136935.92007295389],[399199.72633285302,136933.55075854939],[399199.04902858392,136931.02547703305],[399198.82050049538,136928.42094968198],[399199.04769156256,136925.81630536297],[399199.7236994307,136923.29067649634],[399200.82798611757,136920.92079491221],[399202.32700198347,136918.77866063925],[399204.17520501232,136916.92935445209],[399206.31644443597,136915.42906063411],[399208.68566666654,136914.32336002734],[399211.21089170728,136913.64584522808],[399213.81539999694,136913.41710000113],[399418.63130000234,136913.34739999846],[399690.65839999914,136913.2547999993],[399811.1622999981,136913.21379999816],[399822.73799999803,136912.85709999874],[399823.27149999887,136912.85040000081],[399834.88400000334,136912.96070000157],[399838.95530000329,136913],[399888.91179999709,136913.01990000159],[399939.58500000089,136913.03999999911],[399950.4430000037,136913.01009999961],[399959.82400000095,136912.98999999836],[399961.16200000048,136912.98999999836],[400005.13260000199,136913.05990000069],[400023.48219999671,136912.94009999931],[400033.75569999963,136912.94999999925],[400042.79659999907,136912.96000000089],[400051.85779999942,136912.96999999881],[400115.20080000162,136913.05000000075],[400125.74270000309,136913.02010000125],[400135.09889999777,136913.00010000169],[400144.07460000366,136912.9701000005],[400172.11869999766,136912.89380000159],[400206.58200000226,136912.80009999871],[400302.83810000122,136913.0998999998],[400323.6270999983,136913.05999999866],[400332.43559999764,136913.05000000075],[400341.81930000335,136913.03000000119],[400412.77979999781,136912.8900000006],[400427.33690000325,136912.8599999994],[400437.09889999777,136912.85000000149],[400448.26470000297,136912.82999999821],[400505.19399999827,136912.73999999836],[400531.34570000321,136912.75],[400541.50720000267,136912.75],[400551.95139999688,136912.76000000164],[400587.91589999944,136912.78000000119],[400599.98579999804,136912.76999999955],[400628.01200000197,136912.73999999836],[400637.99130000174,136912.73999999836],[400646.54129999876,136912.73000000045],[400648.74509999901,136912.73000000045],[400666.44449999928,136912.6202000007],[400717.13080000132,136912.55999999866],[400724.3927000016,136912.55000000075],[400735.07890000194,136912.53999999911],[400745.72590000182,136912.51999999955],[400747.16470000148,136912.51999999955],[400818.86110000312,136912.66000000015],[400837.13799999654,136912.64999999851],[400846.59210000187,136912.6400000006],[400857.63000000268,136912.6400000006],[400858.84549999982,136912.6400000006],[400886.26680000126,136912.66000000015],[400941.28599999845,136912.67000000179],[400997.76860000193,136912.7798999995],[401002.78249999881,136912.75019999966],[401014.10779999942,136912.70019999892],[401025.66099999845,136912.64009999856],[401027.04940000176,136912.6400000006],[401067.60949999839,136912.52010000125],[401115.67080000043,136912.4664000012],[401121.37259999663,136912.46000000089],[401179.54100000113,136912.3900000006],[401200.51139999926,136912.36219999939],[401224.83340000361,136912.32999999821],[401247.17329999804,136912.30999999866],[401257.40119999647,136912.30999999866],[401339.84449999779,136912.00389999896],[401340.54330000281,136912.01880000159],[401351.55430000275,136912.51190000027],[401365.35360000283,136913.16899999976],[401365.74000000209,136913.19240000099],[401375.77570000291,136913.93030000106],[401376.21959999949,136913.96290000156],[401384.64069999754,136913.82259999961],[401413.81490000337,136910.42660000175],[401432.38780000061,136905.45609999821],[401434.96288888075,136905.00285725831],[401437.57756115083,136905.00365867987],[401440.15237170085,136905.45847991219],[401442.60908659332,136906.35350150912],[401444.87306015025,136907.66152882372],[401446.87550301303,136909.34281830004],[401448.55557226273,136911.34628505498],[401449.86222009204,136913.61105505927],[401450.75574485969,136916.06831475484],[401451.20899739902,136918.64340191017],[401451.20820592757,136921.25807418325],[401450.7533944936,136923.83288646408],[401449.8583822457,136926.28960476254],[401448.55036354659,136928.55358329706],[401446.8690816905,136930.55603255797],[401444.86562132905,136932.2361094318],[401442.60085629718,136933.54276587963],[401440.14360000193,136934.43629999831],[401420.51410000026,136939.6895999983],[401419.24090000242,136939.97159999982],[401418.37049999833,136940.0989000015],[401387.36969999969,136943.70749999955]]]},"properties":{"OBJECTID":55,"ROUTEID":"12042442","FROMMEASURE":0,"TOMEASURE":2223.4133999999999,"ROUTENAME":"H ST NE","CORRIDORID":"12042442_1","FROMSTREET":"NORTH CAPITOL ST BN/H ST NW","TOSTREET":"BENNING RD NE/15TH ST NE/BLADENSBURG RD NE/MARYLAND AVE NE","LENGTH_MI":1.38156229,"TIER_1":1,"TIER_2":0,"TIER_3":0,"GIS_ID":"HIN_CorridorsLn_38","SE_ANNO_CAD_DATA":null,"BUFF_DIST":15,"ORIG_FID":38,"SHAPE_Length":4541.0666910208674,"SHAPE_Area":67409.129557815642}},{"type":"Feature","id":56,"geometry":{"type":"Polygon","coordinates":[[[399351.63710000366,142035.07479999959],[399354.16032617347,142035.75066639145],[399356.52803985152,142036.85402382343],[399358.66843625921,142038.35141118206],[399360.51660438493,142040.19741775375],[399362.01649551635,142042.33606037876],[399363.12262300891,142044.70248123189],[399363.80144174251,142047.22491474153],[399364.03236543207,142049.82686399805],[399363.80839094007,142052.42942064692],[399363.1363106583,142054.95365791363],[399362.03650651727,142057.32302418654],[399360.54233187111,142059.46566456946],[399358.69910000265,142061.31659999862],[399341.72580000013,142075.62170000002],[399333.60270000249,142082.46790000051],[399264.36529999971,142140.82149999961],[399262.22589832882,142142.32309159514],[399259.85831678234,142143.43050951519],[399257.33444379386,142144.11012850204],[399254.73091337696,142144.34131283799],[399252.12677823578,142144.11704292113],[399249.60110943625,142143.44412840632],[399247.23059551924,142142.34300143895],[399245.08721395588,142140.84709626046],[399243.23604564858,142139.00183402243],[399241.73329883663,142136.86324363429],[399240.62460240861,142134.4962605208],[399239.94362044247,142131.97275494505],[399239.71103004087,142129.36934976449],[399239.93389349908,142126.76509388073],[399240.60544386745,142124.23906202585],[399241.70529042109,142121.86795376439],[399243.20003779652,142119.723764614],[399245.04429999739,142117.87159999833],[399314.26929999888,142059.52849999815],[399322.39239999652,142052.68230000138],[399339.37820000201,142038.36670000106],[399341.14627168252,142037.08728116896],[399343.08128679852,142036.0779712481],[399345.14228252787,142035.36013657425],[399347.28562913323,142034.94897317031],[399349.46595357079,142034.85318505787],[399351.63710000366,142035.07479999959]]]},"properties":{"OBJECTID":56,"ROUTEID":"12043812","FROMMEASURE":0,"TOMEASURE":123.35270000000001,"ROUTENAME":"HAWAII AVE NE","CORRIDORID":"12043812_1","FROMSTREET":"ROCK CREEK CHURCH RD NW/NORTH CAPITOL ST BN","TOSTREET":"TAYLOR ST NE","LENGTH_MI":0.66380256999999998,"TIER_1":1,"TIER_2":0,"TIER_3":0,"GIS_ID":"HIN_CorridorsLn_39","SE_ANNO_CAD_DATA":null,"BUFF_DIST":15,"ORIG_FID":39,"SHAPE_Length":340.95311376928765,"SHAPE_Area":4407.432422832826}},{"type":"Feature","id":57,"geometry":{"type":"Polygon","coordinates":[[[399327.85149999708,136541.99949999899],[399330.24208390852,136542.6278160224],[399332.49702517194,136543.64019557642],[399334.55509249325,136545.00914822865],[399336.36040054722,136546.69750106297],[399337.86392750341,136548.65940808292],[399339.02484617801,136550.84159512669],[399339.81163266656,136553.18480648811],[399340.20292235282,136555.62541396255],[399340.1880900492,136558.0971446246],[399339.76753851608,136560.53288042123],[399338.95268752531,136562.86648071386],[399337.76566376438,136565.03457827945],[399336.23870000243,136566.97830000147],[399332.52870000154,136570.97370000184],[399331.74560000002,136571.75699999928],[399321.57660000026,136581.20320000127],[399320.91820000112,136581.77939999849],[399314.08590000123,136587.33179999888],[399313.46000000089,136587.81359999999],[399306.08720000088,136593.18530000001],[399305.19189999998,136593.78950000182],[399295.63019999862,136599.752700001],[399295.39760000259,136599.89770000055],[399294.95889999717,136600.16110000014],[399294.34009999782,136600.49920000136],[399270.26979999989,136612.92570000142],[399231.53390000015,136632.36230000108],[399220.30539999902,136637.87860000134],[399217.99922626239,136638.78357627938],[399215.57555150893,136639.29662603964],[399213.10048730054,136639.40375461522],[399210.64154697035,136639.10203981635],[399208.26580403384,136638.39971164035],[399206.03806259728,136637.31592777849],[399204.01908966998,136635.880251044],[399202.26395759755,136634.13184297501],[399200.82054183137,136632.11839560961],[399199.72821501043,136629.89483057041],[399199.01677297766,136627.5218009454],[399198.70562202664,136625.06403682879],[399198.8032495486,136622.58857965196],[399199.30699251773,136620.16295346717],[399200.20311013225,136617.8533230664],[399201.46715862758,136615.72268917746],[399203.06465803878,136613.82916996747],[399204.95203272463,136612.22441573007],[399207.07779999822,136610.95219999924],[399218.19730000198,136605.48970000073],[399256.65869999677,136586.1911999993],[399280.03639999777,136574.12159999833],[399288.85809999704,136568.62000000104],[399295.47529999912,136563.79879999906],[399301.52319999784,136558.88489999995],[399310.92230000347,136550.15379999951],[399314.25490000099,136546.56489999965],[399316.09441438812,136544.88743924184],[399318.18604309281,136543.53733660263],[399320.47216894315,136542.55178276298],[399322.88981704047,136541.95792633906],[399325.37238950067,136541.7721260314],[399327.85149999708,136541.99949999899]]]},"properties":{"OBJECTID":57,"ROUTEID":"12059602","FROMMEASURE":0,"TOMEASURE":131.32169999999999,"ROUTENAME":"MASSACHUSETTS AVE NE","CORRIDORID":"12059602_1","FROMSTREET":"MASSACHUSETTS AVE NW/NORTH CAPITOL ST BN","TOSTREET":"1ST ST NE/COLUMBUS CIR NE","LENGTH_MI":0.081599370000000004,"TIER_1":0,"TIER_2":1,"TIER_3":0,"GIS_ID":"HIN_CorridorsLn_40","SE_ANNO_CAD_DATA":null,"BUFF_DIST":15,"ORIG_FID":40,"SHAPE_Length":356.88819731866084,"SHAPE_Area":4646.4402301160781}},{"type":"Feature","id":58,"geometry":{"type":"Polygon","coordinates":[[[399574.86590000242,136452.31430000067],[399548.57980000228,136467.09789999947],[399546.88639999926,136467.9151000008],[399542.32620000094,136469.77299999818],[399541.7968999967,136469.97709999979],[399541.07779999822,136470.21840000153],[399533.80160000175,136472.4571999982],[399532.96360000223,136472.68870000169],[399527.03069999814,136474.14389999956],[399526.0271999985,136474.35390000045],[399522.07429999858,136475.03170000017],[399521.27210000157,136475.14699999988],[399516.45859999955,136475.70670000091],[399514.91830000281,136475.80590000004],[399506.09089999646,136475.91840000078],[399504.81469999999,136475.87249999866],[399494.15060000122,136475.03090000153],[399491.57188216376,136474.59879860279],[399489.10737437889,136473.72547238521],[399486.83195938409,136472.43745689408],[399484.81477443455,136470.77388778422],[399483.11711060506,136468.78531170415],[399481.79055049393,136466.53215046372],[399480.8754009133,136464.08286514977],[399480.39946818881,136461.51187597326],[399480.37721327908,136458.89730105121],[399480.80931238754,136456.31858282999],[399481.68263641628,136453.85407426947],[399482.97064988647,136451.57865813072],[399484.63421720476,136449.56147170367],[399486.62279177702,136447.86380610804],[399488.87595183932,136446.53724399576],[399491.32523634046,136445.62209223982],[399493.89622509427,136445.14615723188],[399496.51079999655,136445.12390000001],[399506.48939999938,136445.9114000015],[399513.76169999689,136445.81819999963],[399517.40410000086,136445.3946999982],[399520.39970000088,136444.88109999895],[399525.39509999752,136443.65579999983],[399531.62139999866,136441.74010000005],[399534.6950000003,136440.48779999837],[399560.5869999975,136425.92590000108],[399561.45499999821,136425.47430000082],[399587.71069999784,136412.88580000028],[399636.48470000178,136387.02070000023],[399660.97609999776,136374.27849999815],[399661.51330000162,136373.99989999831],[399676.17899999768,136366.36219999939],[399688.58720000088,136359.91789999977],[399693.26780000329,136357.48759999871],[399697.92700000107,136355.06839999929],[399707.83229999989,136349.90560000017],[399717.73489999771,136344.75429999828],[399727.619599998,136339.60709999874],[399737.51430000365,136334.44979999959],[399747.39760000259,136329.29329999909],[399754.47249999642,136325.59589999914],[399761.55990000069,136321.89209999889],[399768.64689999819,136318.19839999825],[399775.00450000167,136314.87060000002],[399777.28649999946,136313.66919999942],[399779.57109999657,136312.48149999976],[399786.29469999671,136308.96000000089],[399793.04389999807,136305.43050000072],[399803.73040000349,136299.83190000057],[399808.03379999846,136297.59490000084],[399816.4728000015,136293.19539999962],[399824.97179999948,136288.77589999884],[399828.91610000283,136286.71889999881],[399872.99859999865,136263.74799999967],[399914.83910000324,136241.78819999844],[399915.77170000225,136241.33909999952],[399919.09170000255,136239.87909999862],[399919.65929999948,136239.64319999889],[399923.02929999679,136238.32319999859],[399923.49499999732,136238.15029999986],[399927.0503000021,136236.92590000108],[399927.67289999872,136236.72679999843],[399931.1529000029,136235.69680000097],[399931.7621999979,136235.53029999882],[399935.27220000327,136234.65029999986],[399935.81560000032,136234.52479999885],[399939.45560000092,136233.7547999993],[399940.05080000311,136233.64169999957],[399943.82620000094,136233.02549999952],[399944.54819999635,136232.92570000142],[399948.24819999933,136232.50569999963],[399950.86200554261,136232.43835376171],[399953.44779609132,136232.82591301156],[399955.92700378527,136233.65660196912],[399958.22429922724,136234.90518059552],[399960.26988032629,136236.53371149831],[399962.00159319682,136238.49271263866],[399963.3668206713,136240.72266081671],[399964.32408104453,136243.15580025205],[399964.84428847302,136245.71820130679],[399964.91163673281,136248.33200679801],[399964.52407948312,136250.91779764649],[399963.6933924433,136253.39700598302],[399962.44481559389,136255.69430239077],[399960.81628627342,136257.73988474949],[399958.85728647257,136259.47159913537],[399956.62733935058,136260.83682833481],[399954.19420065568,136261.79409059012],[399951.63180000335,136262.31430000067],[399948.29360000044,136262.69319999963],[399945.31989999861,136263.17810000107],[399942.29839999974,136263.81720000133],[399939.36360000074,136264.55299999937],[399936.50110000372,136265.40029999986],[399933.6772999987,136266.37170000002],[399930.88579999655,136267.46510000154],[399928.32280000299,136268.59219999984],[399886.90129999816,136290.33210000023],[399842.78400000185,136313.32119999826],[399838.82829999924,136315.38419999927],[399830.32729999721,136319.80469999835],[399821.88629999757,136324.2052000016],[399817.60559999943,136326.43030000106],[399806.95620000362,136332.00959999859],[399800.20539999753,136335.53999999911],[399793.44889999926,136339.07860000059],[399791.19759999961,136340.24879999831],[399788.9523999989,136341.43100000173],[399782.5244999975,136344.79569999874],[399775.44009999931,136348.48800000176],[399768.3674999997,136352.18409999833],[399761.28299999982,136355.88650000095],[399751.38579999655,136361.05020000041],[399741.48049999774,136366.21299999952],[399731.58519999683,136371.36580000073],[399721.68770000339,136376.51440000162],[399711.7826000005,136381.67700000107],[399707.09220000356,136384.11239999905],[399702.41290000081,136386.54210000113],[399690.02109999955,136392.97789999843],[399675.34669999778,136400.62009999901],[399674.80390000343,136400.90159999952],[399650.43980000168,136413.57730000094],[399601.49759999663,136439.53189999983],[399600.95499999821,136439.80570000038],[399574.86590000242,136452.31430000067]]]},"properties":{"OBJECTID":58,"ROUTEID":"12059602","FROMMEASURE":131.3227,"TOMEASURE":636.99400000000003,"ROUTENAME":"MASSACHUSETTS AVE NE","CORRIDORID":"12059602_2","FROMSTREET":"COLUMBUS CIR NE","TOSTREET":"4TH ST NE/C ST NE","LENGTH_MI":0.31420956999999999,"TIER_1":0,"TIER_2":1,"TIER_3":0,"GIS_ID":"HIN_CorridorsLn_41","SE_ANNO_CAD_DATA":null,"BUFF_DIST":15,"ORIG_FID":41,"SHAPE_Length":1105.5806185286515,"SHAPE_Area":15876.833360601135}},{"type":"Feature","id":59,"geometry":{"type":"Polygon","coordinates":[[[405120.53029999882,137218.36459999904],[405122.81641229166,137219.4216923778],[405124.89342153975,137220.84639806525],[405126.70276597887,137222.59854714942],[405128.19343071693,137224.62873737479],[405129.32338611106,137226.87972705043],[405130.0607728032,137229.28804899298],[405130.38480000198,137231.78579999879],[405130.83320000023,137241.68769999966],[405131.71779999882,137242.56529999897],[405144.48950000107,137255.12680000067],[405157.15990000218,137267.92859999835],[405169.65630000085,137280.8900000006],[405179.75259999931,137291.63919999823],[405181.83919718035,137292.99570535478],[405183.67245820275,137294.67890130362],[405185.20179935725,137296.64234476129],[405186.38502275315,137298.83185999843],[405187.18948065088,137301.18703346743],[405187.59297628544,137303.64288074512],[405187.58437632344,137306.13163959622],[405187.16391805682,137308.58463968273],[405186.34320285521,137310.93419732965],[405185.14487605862,137313.11548306674],[405183.60200214252,137315.06831041636],[405181.75715239649,137316.73879657098],[405179.66123028804,137318.08084913841],[405177.37206692441,137319.05743793256],[405174.95282536442,137319.64161671765],[405172.47025781107,137319.81726671447],[405169.99286377087,137319.57954135269],[405167.58900000155,137318.93499999866],[405165.89570000023,137318.32840000093],[405163.75574369327,137317.36022160543],[405161.79316876392,137316.06984102278],[405160.05610000342,137314.48889999837],[405147.92379999906,137301.5709999986],[405135.69749999791,137288.88969999924],[405123.31210000068,137276.37570000067],[405111.62629999965,137264.88320000097],[405111.12860000134,137264.54199999943],[405109.96819999814,137263.66070000082],[405108.96429999918,137262.73739999905],[405107.61429999769,137261.37739999965],[405106.76929999888,137260.45179999992],[405105.87650000304,137259.27459999919],[405104.79649999738,137257.69460000098],[405104.1895999983,137256.73000000045],[405103.43760000169,137255.24230000004],[405102.66759999841,137253.4822999984],[405102.3145999983,137252.60029999912],[405101.77459999919,137250.75710000098],[405101.3545999974,137248.88709999993],[405101.21790000051,137248.20470000058],[405101.11320000142,137247.23950000107],[405100.31859999895,137247.14669999853],[405095.0169999972,137246.26440000162],[405093.67979999632,137245.97210000083],[405088.54980000108,137244.60209999979],[405087.22609999776,137244.18189999834],[405082.19240000099,137242.29839999974],[405080.88930000365,137241.73910000175],[405076.11930000037,137239.41910000145],[405075.1799999997,137238.92040000111],[405074.51650000364,137238.51399999857],[405070.98650000244,137236.22399999946],[405070.17289999872,137235.65709999949],[405066.81289999932,137233.14710000157],[405066.09109999985,137232.57229999825],[405062.83399999887,137229.78390000015],[405062.10930000246,137229.12110000104],[405059.10930000246,137226.19110000134],[405058.84910000116,137225.93059999868],[405029.39599999785,137195.71719999984],[405021.61190000176,137187.69200000167],[405013.54909999669,137179.31219999865],[405002.30860000104,137167.62970000133],[404978.42419999838,137143.2762000002],[404977.96750000119,137142.80939999968],[404977.61829999834,137142.440200001],[404967.73120000213,137131.62350000069],[404961.83349999785,137126.57389999926],[404960.34889999777,137125.11230000108],[404956.17589999735,137120.3898999989],[404943.73730000108,137107.59739999846],[404917.58229999989,137080.4028000012],[404905.24319999665,137067.73449999839],[404893.87579999864,137056.05689999834],[404892.18389999866,137054.31500000134],[404874.692900002,137036.33359999955],[404849.63949999958,137010.42969999835],[404838.8620999977,136999.29309999943],[404831.49750000238,136991.74920000136],[404821.49599999934,136981.50759999827],[404812.2744999975,136972.0560999997],[404791.51430000365,136950.78590000048],[404754.2955000028,136912.63500000164],[404744.0244999975,136901.87180000171],[404741.8518999964,136899.59200000018],[404735.60920000076,136893.19069999829],[404729.11940000206,136886.53079999983],[404710.5970999971,136867.5390000008],[404683.10329999775,136839.43200000003],[404671.19810000062,136826.86340000108],[404662.1501000002,136817.30550000072],[404657.05810000002,136811.93719999865],[404655.9592999965,136810.76179999858],[404654.70390000194,136808.96889999881],[404652.12409999967,136806.12759999931],[404651.73870000243,136805.68609999865],[404651.13329999894,136804.91470000148],[404646.13430000097,136798.09789999947],[404642.78310000151,136793.85289999843],[404641.58449999988,136792.09019999951],[404637.35599999875,136784.80759999901],[404636.52839999646,136783.14999999851],[404634.8470999971,136779.18690000102],[404633.1875,136775.27089999989],[404630.2845999971,136768.01689999923],[404627.38759999722,136760.5298999995],[404627.10350000113,136759.70320000127],[404625.03980000317,136753.05330000073],[404622.74560000002,136746.17080000043],[404622.34420000017,136744.73119999841],[404619.17450000346,136730.69399999827],[404615.3348999992,136717.81989999861],[404615.17920000106,136717.25840000063],[404612.93559999764,136708.50820000097],[404609.21720000356,136696.69729999825],[404603.74229999632,136682.55299999937],[404598.35409999639,136668.26350000128],[404592.59560000151,136653.50109999999],[404592.4627000019,136653.14719999954],[404591.31700000167,136649.95309999958],[404588.78840000182,136643.29039999843],[404586.11969999969,136636.64770000055],[404584.14519999921,136631.93189999834],[404582.10220000148,136627.2415000014],[404579.99180000275,136622.57939999923],[404577.81019999832,136617.94720000029],[404575.59200000018,136613.39710000157],[404573.68460000306,136609.69709999859],[404571.72079999745,136605.90700000152],[404569.73910000175,136602.15830000117],[404567.72890000045,136598.4028000012],[404565.68240000308,136594.64429999888],[404563.63880000263,136590.9188000001],[404561.57379999757,136587.22709999979],[404559.46230000257,136583.49749999866],[404557.34769999981,136579.80680000037],[404555.50779999793,136576.6334999986],[404554.43789999932,136575.10810000077],[404553.03360000253,136573.14209999889],[404551.60220000148,136571.1959999986],[404550.15030000359,136569.25400000066],[404548.65890000015,136567.30649999902],[404547.18020000309,136565.40670000017],[404545.68259999901,136563.5278000012],[404544.14509999752,136561.65069999918],[404542.58500000089,136559.76909999922],[404540.99610000104,136557.90430000052],[404529.92859999835,136544.95450000092],[404498.96670000255,136507.82079999894],[404480.87399999797,136486.00549999997],[404474.36450000107,136478.15610000119],[404468.89989999682,136471.56850000098],[404468.26269999892,136470.79540000111],[404445.65479999781,136444.81720000133],[404445.39590000361,136444.51069999859],[404443.45729999989,136442.11809999868],[404441.59939999878,136439.79830000177],[404439.75419999659,136437.47129999846],[404437.93180000037,136435.15029999986],[404436.1194999963,136432.83159999922],[404434.29230000079,136430.48059999943],[404432.48809999973,136428.12310000136],[404430.70610000193,136425.78429999948],[404428.92180000246,136423.4290000014],[404427.15999999642,136421.07999999821],[404426.85679999739,136420.66090000048],[404424.64209999889,136417.48519999906],[404423.87810000032,136416.37640000135],[404422.44740000367,136414.29960000142],[404420.27109999955,136411.14050000161],[404418.07660000026,136407.94460000098],[404415.90209999681,136404.74879999831],[404413.74589999765,136401.56960000098],[404411.57769999653,136398.37269999832],[404409.43249999732,136395.18019999936],[404407.27139999717,136391.96849999949],[404405.14440000057,136388.76830000058],[404404.63359999657,136388.00690000132],[404404.09960000217,136387.14999999851],[404403.69849999994,136386.40790000185],[404399.35069999844,136377.79210000113],[404396.94139999896,136373.02529999986],[404394.75500000268,136368.69920000061],[404390.48120000213,136360.67940000072],[404387.3077000007,136354.72439999878],[404383.61299999803,136347.81659999862],[404365.14689999819,136314.70080000162],[404353.28610000014,136294.0604000017],[404344.09950000048,136281.21629999951],[404343.372299999,136280.09750000015],[404328.12690000236,136254.1895999983],[404319.47640000284,136239.15709999949],[404313.73820000142,136229.17009999976],[404308.184799999,136219.52919999883],[404303.62330000103,136211.4739000015],[404301.31199999899,136207.38159999996],[404290.99369999766,136189.14229999855],[404281.77329999954,136172.93919999897],[404277.49310000241,136165.4188000001],[404273.86159999669,136159.03620000184],[404271.25710000098,136154.45589999855],[404269.6120999977,136151.57459999993],[404265.6799999997,136144.68100000173],[404261.04779999703,136136.55719999969],[404260.19709999859,136135.06370000169],[404236.14859999716,136094.1425999999],[404218.7276000008,136063.95650000125],[404215.23690000176,136057.90520000085],[404215.06570000201,136057.60029999912],[404209.06340000033,136046.61100000143],[404205.59499999881,136040.35990000144],[404197.97360000014,136026.63540000096],[404196.75580000132,136024.52149999887],[404190.80849999934,136014.19799999893],[404188.10869999975,136009.52849999815],[404180.12389999628,135995.66739999875],[404158.91690000147,135959.26990000159],[404153.28289999813,135949.91649999842],[404153.02730000019,135949.46700000018],[404147.75670000166,135939.78379999846],[404145.47810000181,135935.59450000152],[404131.30960000306,135908.30590000004],[404120.30650000274,135889.10649999976],[404117.83980000019,135885.24560000002],[404117.5047999993,135884.69550000131],[404113.3532000035,135877.53759999946],[404108.94039999694,135870.31670000032],[404104.9355000034,135863.67990000173],[404104.65299999714,135863.18129999936],[404101.8702000007,135858.02809999883],[404083.86429999769,135826.20380000025],[404079.67289999872,135819.18149999902],[404079.44539999962,135818.78079999983],[404071.07180000097,135803.45969999954],[404070.57859999686,135802.4728000015],[404068.88960000128,135798.75679999962],[404066.44030000269,135793.85830000043],[404066.23569999635,135793.48629999906],[404060.75,135783.51229999959],[404059.53899999708,135781.47269999981],[404057.48470000178,135778.01289999858],[404057.1678000018,135777.48669999838],[404056.04065238289,135775.13729156178],[404055.33712156228,135772.62826263782],[404055.07844032883,135770.03533653473],[404055.27241576609,135767.43676860479],[404055.91319363244,135764.91098447252],[404056.98143504362,135762.53421312378],[404058.44490012672,135760.37818629015],[404060.25942103,135758.50797356208],[404062.37023492297,135756.98001856735],[404064.71363675653,135755.84043548425],[404067.2189019018,135755.1236173005],[404069.81042064272,135754.85119782182],[404072.40998010151,135755.03139875655],[404074.93912472908,135755.65878158199],[404077.32152411871,135756.71441168056],[404079.48527668271,135758.16642979288],[404081.36507966561,135759.97101354052],[404082.90420000255,135762.0736999996],[404083.20979999751,135762.57840000093],[404085.33460000157,135766.15650000051],[404086.71790000051,135768.48739999905],[404086.91700000316,135768.8376000002],[404092.52210000157,135779.02870000154],[404092.86860000342,135779.65870000049],[404093.14180000126,135780.17929999903],[404095.8470999971,135785.58989999816],[404096.08630000055,135786.09120000154],[404097.66170000285,135789.55710000172],[404105.63329999894,135804.14279999956],[404109.7119999975,135810.97470000014],[404109.85540000349,135811.22049999982],[404128.12650000304,135843.51590000093],[404130.87900000066,135848.60990000144],[404134.58470000327,135854.74850000069],[404139.04089999944,135862.04030000046],[404139.21720000356,135862.33639999852],[404143.29349999875,135869.36450000107],[404145.78159999847,135873.25879999995],[404146.14360000193,135873.85550000146],[404157.49360000342,135893.66019999981],[404157.79219999909,135894.2071999982],[404171.96679999679,135921.51069999859],[404174.10639999807,135925.44170000032],[404179.21989999712,135934.83630000055],[404184.72429999709,135943.97370000184],[404206.09279999882,135980.64699999988],[404214.09170000255,135994.53229999915],[404216.79119999707,135999.2014000006],[404222.75060000271,136009.5458999984],[404224.0856000036,136011.86499999836],[404231.82500000298,136025.80009999871],[404235.3403000012,136032.13610000163],[404241.31090000272,136043.06689999998],[404244.71239999682,136048.9635999985],[404262.0800999999,136079.05750000104],[404286.16539999843,136120.04190000147],[404287.11219999939,136121.70289999992],[404291.74009999633,136129.81909999996],[404295.66799999774,136136.70549999923],[404297.32289999723,136139.60420000181],[404299.93850000203,136144.20380000025],[404303.56700000167,136150.5811999999],[404307.84669999778,136158.10080000013],[404317.08630000055,136174.33779999986],[404327.42819999903,136192.61879999936],[404329.73680000007,136196.7061999999],[404334.24199999869,136204.6623999998],[404339.741899997,136214.21000000089],[404345.48359999806,136224.20289999992],[404354.06750000268,136239.12009999901],[404368.88880000263,136264.30660000071],[404378.12049999833,136277.2137000002],[404378.91799999774,136278.45329999924],[404391.25320000201,136299.92060000077],[404409.94389999658,136333.440200001],[404413.77229999751,136340.59560000151],[404416.95639999956,136346.57059999928],[404421.30759999901,136354.73559999838],[404421.45740000159,136355.02409999818],[404423.71599999815,136359.49309999868],[404426.12939999998,136364.26790000126],[404430.0842999965,136372.09490000084],[404432.21000000089,136375.29329999909],[404434.3275000006,136378.43980000168],[404436.45099999756,136381.60009999946],[404438.57410000265,136384.73039999977],[404440.71790000051,136387.89130000025],[404442.84340000153,136391.01520000026],[404444.99310000241,136394.14559999853],[404447.15259999782,136397.28040000051],[404448.58340000361,136399.3572999984],[404449.29879999906,136400.39579999819],[404451.31549999863,136403.2873999998],[404452.87389999628,136405.36520000175],[404454.60390000045,136407.64880000055],[404456.33439999819,136409.92009999976],[404458.04580000043,136412.15650000051],[404459.78069999814,136414.38859999925],[404461.54819999635,136416.64979999885],[404463.31849999726,136418.90459999815],[404465.05629999936,136421.0960999988],[404466.81620000303,136423.29360000044],[404468.46019999683,136425.32389999926],[404491.0252000019,136451.25279999897],[404491.24300000072,136451.50910000131],[404492.02859999985,136452.46169999987],[404497.45560000092,136459.00400000066],[404503.96609999985,136466.85449999943],[404522.03339999914,136488.63929999992],[404552.86270000041,136525.61450000107],[404563.81009999663,136538.42300000042],[404565.55510000139,136540.47190000117],[404567.29569999874,136542.57050000131],[404569.01709999889,136544.67300000042],[404570.74360000342,136546.83889999986],[404572.4130000025,136548.98330000043],[404574.07140000165,136551.14919999987],[404575.69860000163,136553.32530000061],[404577.32460000366,136555.53669999912],[404578.92319999635,136557.77389999852],[404580.44030000269,136559.93640000001],[404581.13669999689,136561.02629999816],[404583.33410000056,136564.81639999896],[404585.53419999778,136568.65650000051],[404587.71220000088,136572.5036999993],[404589.88120000064,136576.38159999996],[404592.01250000298,136580.26639999822],[404594.12929999828,136584.15419999883],[404596.22290000319,136588.06560000032],[404598.29969999939,136591.99450000003],[404600.33550000191,136595.92289999872],[404602.33250000328,136599.7965000011],[404602.48309999704,136600.09699999914],[404604.86680000275,136604.98800000176],[404607.22779999673,136610.00160000101],[404609.51860000193,136615.06199999899],[404611.73409999907,136620.14840000123],[404613.87749999762,136625.26749999821],[404616.73139999807,136632.37299999967],[404619.46959999949,136639.58779999986],[404620.62009999901,136642.79300000146],[404626.36789999902,136657.52899999917],[404631.7696999982,136671.85410000011],[404637.42210000008,136686.46020000055],[404637.68779999763,136687.22839999944],[404641.67279999703,136699.88639999926],[404641.89509999752,136700.66519999877],[404644.1670999974,136709.52600000054],[404648.06840000302,136722.60689999908],[404648.32569999993,136723.59010000154],[404651.44259999692,136737.39359999821],[404653.59799999744,136743.8647999987],[404655.60350000113,136750.32160000131],[404658.20090000331,136757.03159999847],[404660.92440000176,136763.8403000012],[404662.46440000087,136767.46999999881],[404663.7798999995,136770.57059999928],[404666.99170000106,136776.10229999945],[404669.84579999745,136779.71750000119],[404670.16860000044,136780.14169999957],[404674.86159999669,136786.54129999876],[404678.0353000015,136790.03669999912],[404678.42069999874,136790.47819999978],[404679.44960000366,136791.94759999961],[404683.9299999997,136796.67449999973],[404692.98200000077,136806.23660000041],[404704.71850000322,136818.62849999964],[404732.05059999973,136846.5689000003],[404750.60069999844,136865.58920000121],[404757.09080000222,136872.24929999933],[404763.44879999757,136878.76949999854],[404765.73550000042,136881.16829999909],[404775.88499999791,136891.80480000004],[404812.98569999635,136929.83410000056],[404833.74549999833,136951.10390000045],[404842.96410000324,136960.55240000039],[404852.96249999851,136970.79089999944],[404860.37619999796,136978.38529999927],[404871.20059999824,136989.57030000165],[404896.2146999985,137015.43360000104],[404913.69619999826,137033.40509999916],[404915.38430000097,137035.14310000092],[404926.73690000176,137046.80550000072],[404939.13830000162,137059.53799999878],[404965.30690000206,137086.74670000002],[404977.93419999629,137099.73310000077],[404978.42029999942,137100.25739999861],[404982.13799999654,137104.46449999884],[404987.9394999966,137109.43180000037],[404989.2555000037,137110.70580000058],[404999.59120000154,137122.01330000162],[404999.85589999706,137122.28379999846],[405023.82919999957,137146.72839999944],[405035.16730000079,137158.51179999858],[405043.18519999832,137166.84499999881],[405050.91250000149,137174.81159999967],[405080.20130000263,137204.85640000179],[405082.71959999949,137207.31599999964],[405085.16749999672,137209.41200000048],[405087.72940000147,137211.32580000162],[405090.07029999793,137212.84439999983],[405093.37200000137,137214.45030000061],[405096.99480000138,137215.8060999997],[405100.72269999981,137216.80160000175],[405104.52359999716,137217.43389999866],[405108.74539999664,137217.72069999948],[405111.01579999924,137217.76819999889],[405113.38480000198,137217.59090000018],[405113.76910000294,137217.54890000075],[405116.05569760798,137217.4743517215],[405118.32704008726,137217.74837616354],[405120.53029999882,137218.36459999904]]]},"properties":{"OBJECTID":59,"ROUTEID":"12061162","FROMMEASURE":0,"TOMEASURE":1922.3291000000002,"ROUTENAME":"MINNESOTA AVE NE","CORRIDORID":"12061162_1","FROMSTREET":"24TH ST NE","TOSTREET":"RHODE ISLAND AVE NE","LENGTH_MI":1.19447751,"TIER_1":1,"TIER_2":0,"TIER_3":0,"GIS_ID":"HIN_CorridorsLn_42","SE_ANNO_CAD_DATA":null,"BUFF_DIST":15,"ORIG_FID":42,"SHAPE_Length":3932.773643406972,"SHAPE_Area":58327.173647564712}},{"type":"Feature","id":60,"geometry":{"type":"Polygon","coordinates":[[[404177.31499999762,139055.85330000147],[404176.56589999795,139055.87200000137],[404169.48250000179,139055.87200000137],[404168.85809999704,139055.8590000011],[404159.84830000252,139055.4833999984],[404152.70359999686,139055.12629999965],[404145.25,139055.12629999965],[404143.2675999999,139054.99469999969],[404138.32360000163,139054.33549999818],[404130.77499999851,139053.99240000173],[404128.88599999994,139053.78610000014],[404120.28769999743,139052.29069999978],[404114.06759999692,139051.19310000166],[404106.98830000311,139050.07409999892],[404104.18789999932,139049.32180000097],[404098.92740000039,139047.28720000014],[404092.34009999782,139045.42920000106],[404092.02889999747,139045.33779999986],[404085.47919999808,139043.33659999818],[404079.67549999803,139041.70430000126],[404078.88210000098,139041.4571999982],[404070.73960000277,139038.67210000008],[404062.72190000117,139035.89680000022],[404062.40179999918,139035.78159999847],[404055.29940000176,139033.08639999852],[404054.37039999664,139032.69759999961],[404048.94640000165,139030.21049999818],[404042.94399999827,139027.63800000027],[404036.77709999681,139025.28869999945],[404035.62610000372,139024.79430000111],[404027.94179999828,139021.10590000078],[404027.44650000334,139020.85680000111],[404021.84329999983,139017.90769999847],[404013.68609999865,139013.97920000181],[404006.20880000293,139010.2415000014],[404005.8580000028,139010.0604000017],[403996.63700000197,139005.14249999821],[403996.19590000063,139004.89759999886],[403995.85750000179,139004.69619999826],[403986.35249999911,138998.87049999833],[403962.03890000284,138984.09739999846],[403946.565200001,138974.503800001],[403932.28130000085,138965.49799999967],[403920.27579999715,138957.66939999908],[403918.1855000034,138956.30620000139],[403899.92949999869,138944.9824000001],[403887.82320000231,138937.29080000147],[403871.62640000135,138927.20609999821],[403854.11940000206,138916.45609999821],[403836.25699999928,138905.36919999868],[403813.50029999763,138891.22309999913],[403792.2845999971,138878.00169999897],[403791.91899999976,138877.76639999822],[403775.48690000176,138866.85240000114],[403740.37489999831,138845.01999999955],[403713.63189999759,138828.39130000025],[403706.96580000222,138824.73950000107],[403691.80039999634,138816.43140000105],[403685.51250000298,138813.92660000175],[403668.58479999751,138807.18290000036],[403662.73149999976,138805.35379999876],[403662.21320000291,138805.18149999902],[403655.95289999992,138802.97199999914],[403652.26550000161,138801.97920000181],[403645.11580000073,138800.12299999967],[403638.24069999903,138798.21429999918],[403632.09529999644,138796.91070000082],[403631.34290000051,138796.73070000112],[403625.80240000039,138795.25319999829],[403619.33540000021,138793.9598999992],[403612.22330000252,138792.61439999938],[403610.44009999931,138792.32669999823],[403606.47309999913,138791.68679999933],[403600.52160000056,138790.93290000036],[403593.60329999775,138790.78249999881],[403584.71029999852,138790.78249999881],[403576.1651000008,138790.78249999881],[403567.61980000138,138790.78249999881],[403558.90370000154,138790.78249999881],[403549.50389999896,138790.78249999881],[403540.78930000216,138790.78249999881],[403533.66719999909,138790.94810000062],[403521.99719999731,138791.2864000015],[403509.72990000248,138791.79060000181],[403456.20960000157,138794.80110000074],[403393.81700000167,138798.5047999993],[403335.06189999729,138801.92740000039],[403270.71169999987,138805.34430000186],[403252.89400000125,138806.51749999821],[403201.48690000176,138809.90199999884],[403127.78019999713,138814.10880000144],[403120.445600003,138814.55799999833],[403111.98529999703,138815.31320000067],[403102.85329999775,138816.08709999919],[403102.13180000335,138816.13080000132],[403094.1921999976,138816.41950000077],[403086.25060000271,138817.28590000048],[403085.73179999739,138817.33339999989],[403077.69539999962,138817.92870000005],[403069.67170000076,138818.83570000157],[403061.40540000051,138819.61690000072],[403050.67570000142,138820.68980000168],[403038.92670000345,138821.9010999985],[403024.08739999682,138823.28180000186],[403001.47370000184,138825.59800000116],[402976.74000000209,138827.94830000028],[402915.01250000298,138833.34549999982],[402836.87269999832,138838.74329999834],[402742.28639999777,138844.1286999993],[402693.07400000095,138847.15740000084],[402692.65470000356,138847.1772999987],[402658.12250000238,138848.33379999921],[402657.5468999967,138848.34189999849],[402643.21050000191,138848.20169999823],[402641.1446999982,138848.03860000148],[402585.22909999639,138849.41840000078],[402513.69640000165,138851.14149999991],[402513.33519999683,138851.14579999819],[402512.79860000312,138851.1361999996],[402509.75630000234,138851.02730000019],[402504.51110000163,138850.83960000053],[402482.77690000087,138849.99639999866],[402475.61710000038,138849.71869999915],[402463.7947999984,138849.25780000165],[402444.54659999907,138848.45369999856],[402416.37399999797,138847.27690000087],[402415.82710000128,138847.24410000071],[402406.64710000157,138846.52409999818],[402405.89509999752,138846.4459999986],[402389.5407000035,138844.32979999855],[402383.89760000259,138844.61140000075],[402383.14999999851,138844.62999999896],[402382.30099999905,138844.60599999875],[402361.99140000343,138843.45470000058],[402347.54680000246,138843.31379999965],[402328.19099999964,138842.87990000099],[402308.67549999803,138842.09580000117],[402294.34269999713,138841.95930000022],[402281.93090000004,138842.09829999879],[402281.53079999983,138842.09540000185],[402268.23960000277,138841.81549999863],[402251.46890000254,138841.53280000016],[402234.13340000063,138840.96999999881],[402220.56840000302,138840.57229999825],[402215.85859999806,138840.502700001],[402192.05349999666,138840.15100000054],[402174.84769999981,138839.86050000042],[402156.41369999945,138839.49579999968],[402142.3601000011,138839.05930000171],[402128.95269999653,138838.70080000162],[402110.84629999846,138838.41079999879],[402072.6528000012,138837.43769999966],[402026.99819999933,138836.13830000162],[401995.70149999857,138835.39939999953],[401967.34080000222,138834.72360000014],[401960.57109999657,138834.46070000157],[401956.52480000257,138834.32019999996],[401948.13430000097,138834.02879999951],[401926.1018999964,138833.50899999961],[401861.80160000175,138831.73919999972],[401854.05330000073,138831.6229000017],[401849.67360000312,138831.502700001],[401816.12399999797,138830.71229999885],[401791.04370000213,138829.80090000108],[401784.81030000001,138829.57420000061],[401762.14850000292,138829.13630000129],[401748.13229999691,138828.92700000107],[401737.0047999993,138828.71719999984],[401726.11609999835,138828.50780000165],[401725.40649999678,138828.47740000114],[401715.98589999974,138827.84930000082],[401715.60090000182,138827.81859999895],[401704.29619999975,138826.77189999819],[401703.49669999629,138826.67619999871],[401696.42430000007,138825.6361999996],[401681.60570000112,138823.54899999872],[401681.09309999645,138823.46770000085],[401680.15250000358,138823.27059999853],[401656.9151000008,138817.61820000038],[401655.76919999719,138817.29069999978],[401638.60279999673,138811.63839999959],[401638.0271999985,138811.43510000035],[401616.74679999799,138803.21939999983],[401615.88369999826,138802.85480000079],[401594.05210000277,138792.81659999862],[401584.28360000253,138788.86769999936],[401583.7949000001,138788.66000000015],[401524.11940000206,138762.04219999909],[401462.70979999751,138734.98750000075],[401393.90349999815,138704.55330000073],[401387.32039999962,138701.52589999884],[401369.89909999818,138693.79769999906],[401352.51749999821,138686.02870000154],[401288.0700000003,138657.22470000014],[401277.10639999807,138652.33240000159],[401267.69849999994,138648.53159999847],[401267.16669999808,138648.30469999835],[401234.68770000339,138633.70289999992],[401190.94060000032,138614.03370000049],[401177.30719999969,138608.17590000108],[401043.08739999682,138548.3300999999],[401036.66470000148,138545.84910000116],[401036.04919999838,138545.59549999982],[400963.02470000088,138513.59439999983],[400962.36670000106,138513.28680000082],[400937.26009999961,138500.80249999836],[400926.26060000062,138495.93389999866],[400891.87780000269,138481.54549999908],[400836.62430000305,138458.42859999835],[400811.01609999686,138447.31980000064],[400810.65999999642,138447.1596999988],[400802.7127000019,138443.46330000088],[400797.0727000013,138440.95829999819],[400786.00100000203,138436.04069999978],[400785.14339999855,138435.65379999951],[400764.5,138426.39570000023],[400736.45229999721,138413.81679999828],[400724.63199999928,138408.51669999957],[400709.18530000001,138401.58819999918],[400697.30659999698,138396.2686999999],[400689.85209999979,138392.92669999972],[400678.08049999923,138387.64600000158],[400677.73579999804,138387.4860999994],[400654.72349999845,138376.45430000126],[400634.50429999828,138367.78689999878],[400632.27009999752,138366.7778000012],[400631.8532000035,138366.58940000087],[400621.31899999827,138361.82800000161],[400620.83449999988,138361.61540000141],[400612.72540000081,138357.95019999892],[400593.82869999856,138349.42170000076],[400539.34290000051,138324.82360000163],[400440.16040000319,138280.1325000003],[400430.33529999852,138275.69249999896],[400380.68829999864,138253.25699999928],[400302.33190000057,138217.78319999948],[400288.48149999976,138211.58350000158],[400229.94829999655,138185.38289999962],[400215.66459999979,138179.07699999958],[400155.69210000336,138152.60060000047],[400152.45149999857,138151.28180000186],[400145.67099999636,138148.51749999821],[400140.1705000028,138146.26920000091],[400135.15209999681,138144.21799999848],[400130.74220000207,138142.41910000145],[400122.37200000137,138138.80029999837],[400117.24970000237,138136.59090000018],[400058.92230000347,138111.93549999967],[399595.57760000229,137906.67509999871],[399580.75280000269,137900.10770000145],[399483.41369999945,137856.98660000041],[399443.19489999861,137839.18800000101],[399438.60170000046,137837.1708999984],[399425.41080000252,137831.36169999838],[399385.55719999969,137813.71570000052],[399370.31310000271,137806.96599999815],[399319.755400002,137784.19069999829],[399252.25639999658,137754.64620000124],[399244.96159999818,137751.35300000012],[399229.12640000135,137744.21519999951],[399220.44510000199,137740.30279999971],[399208.62860000134,137734.97729999945],[399206.46176847548,137733.77636204328],[399204.52215818799,137732.23515382601],[399202.86267689581,137730.39571568434],[399201.52859113162,137728.30822292747],[399200.55629144545,137726.02961717913],[399199.97229976061,137723.62205315125],[399199.79254592158,137721.15120321783],[399200.02193316707,137718.68446603528],[399200.6542043821,137716.28912807442],[399201.67211277655,137714.03052821237],[399203.04789233452,137711.97027545024],[399204.74401520286,137710.16456837222],[399206.7142153575,137708.66266218774],[399208.90475062584,137707.50552517158],[399211.2558686402,137706.72472115088],[399213.70343673381,137706.34154852229],[399216.18069132109,137706.36645928453],[399218.62005904247,137706.79877393381],[399220.95499999821,137707.62669999897],[399232.77139999717,137712.95210000128],[399241.45359999686,137716.86490000039],[399257.29850000143,137724.00710000098],[399264.4422999993,137727.23270000145],[399331.92779999971,137756.77120000124],[399382.54590000212,137779.57339999825],[399397.70289999992,137786.28429999948],[399437.52929999679,137803.91829999909],[399450.67840000242,137809.70910000056],[399455.2907000035,137811.73460000008],[399495.55950000137,137829.55530000106],[399592.90380000323,137872.67870000005],[399607.72860000283,137879.24610000104],[400070.83950000256,138084.40410000086],[400129.04050000012,138109.00510000065],[400134.26810000092,138111.25970000029],[400142.35719999671,138114.75879999995],[400146.48799999803,138116.44209999964],[400151.52130000293,138118.49940000102],[400157.00909999758,138120.7424999997],[400163.76850000024,138123.49819999933],[400167.20430000126,138124.89649999887],[400167.6080000028,138125.06769999862],[400227.78069999814,138151.6325000003],[400242.14329999685,138157.97340000048],[400300.73820000142,138184.20149999857],[400314.65739999712,138190.43210000172],[400393.05179999769,138225.92300000042],[400442.68940000236,138248.35429999977],[400452.49960000068,138252.78759999946],[400551.67719999701,138297.4765000008],[400606.17130000144,138322.07840000093],[400625.0746999979,138330.60990000144],[400633.02250000089,138334.20270000026],[400633.50519999862,138334.41450000182],[400644.20859999955,138339.25180000067],[400644.62990000099,138339.44220000133],[400646.59459999949,138340.33100000024],[400666.83179999888,138349.00450000167],[400667.40699999779,138349.26550000161],[400690.53310000151,138360.35190000013],[400702.12799999863,138365.55330000073],[400709.57349999994,138368.89130000025],[400721.45470000058,138374.21189999953],[400736.90810000151,138381.14339999855],[400748.72770000249,138386.44319999963],[400776.77629999816,138399.02250000089],[400797.46369999647,138408.30040000007],[400798.25659999996,138408.65810000151],[400809.25029999763,138413.54100000113],[400815.12510000169,138416.15159999952],[400823.13229999691,138419.87460000068],[400848.38400000334,138430.82939999923],[400903.45769999921,138453.87049999833],[400938.1229000017,138468.378800001],[400949.70880000293,138473.50530000031],[400950.31620000303,138473.79060000181],[400975.39779999852,138486.26240000129],[401047.78540000319,138517.98449999839],[401054.25219999999,138520.48250000179],[401054.95560000092,138520.77499999851],[401189.3342999965,138580.69240000099],[401203.01470000297,138586.57070000097],[401246.98939999938,138606.34109999985],[401279.20350000262,138620.82380000129],[401288.59170000255,138624.61670000106],[401289.08529999852,138624.82649999857],[401300.3030000031,138629.83210000023],[401364.75900000334,138658.6398999989],[401382.10220000148,138666.39180000126],[401399.67040000111,138674.18600000069],[401406.23539999872,138677.2050999999],[401474.82479999959,138707.54250000045],[401536.27440000325,138734.61490000039],[401595.77300000191,138761.15370000154],[401605.62189999968,138765.13509999961],[401606.26659999788,138765.41340000182],[401627.99130000174,138775.40249999985],[401648.3451000005,138783.26190000027],[401664.58470000327,138788.6090000011],[401686.52319999784,138793.94550000131],[401700.69870000333,138795.94220000133],[401707.46350000054,138796.93690000102],[401718.1726000011,138797.92839999869],[401727.04909999669,138798.52030000091],[401737.57599999756,138798.72269999981],[401748.63830000162,138798.93129999936],[401762.66879999638,138799.14090000093],[401785.64580000192,138799.58590000123],[401792.13390000165,138799.82070000097],[401817.02619999647,138800.72590000182],[401850.45189999789,138801.51289999858],[401854.69330000132,138801.6297999993],[401862.43879999965,138801.74599999934],[401926.86969999969,138803.51880000159],[401949.0148999989,138804.04170000181],[401957.56589999795,138804.33819999918],[401961.66210000217,138804.48050000146],[401968.27679999918,138804.73820000142],[401996.4123999998,138805.40780000016],[402027.77809999883,138806.1484999992],[402073.46280000359,138807.4486999996],[402111.46320000291,138808.41719999909],[402129.58789999783,138808.70760000125],[402143.24750000238,138809.07239999995],[402157.17779999971,138809.50539999828],[402175.39429999888,138809.86540000141],[402192.52839999646,138810.15459999815],[402216.30179999769,138810.50589999929],[402221.22999999672,138810.57950000092],[402235.05460000038,138810.98409999907],[402252.20889999717,138811.54190000147],[402268.80919999629,138811.82090000063],[402281.91960000247,138812.09690000117],[402294.3180000037,138811.95899999887],[402309.1930000037,138812.09939999878],[402309.65330000222,138812.11080000177],[402329.13390000165,138812.8946999982],[402348.02419999987,138813.31760000065],[402362.63549999893,138813.45949999988],[402363.33879999816,138813.48279999942],[402383.20090000331,138814.60880000144],[402389.38639999926,138814.30009999871],[402390.13400000334,138814.28150000051],[402392.05889999866,138814.40549999848],[402409.36969999969,138816.64550000057],[402417.90129999816,138817.3145999983],[402445.79869999737,138818.47989999875],[402465.00079999864,138819.28200000152],[402476.78289999813,138819.74139999971],[402483.93990000337,138820.01900000125],[402505.6229000017,138820.86019999906],[402510.82930000126,138821.0465000011],[402513.42210000008,138821.13929999992],[402584.49369999766,138819.42740000039],[402641.55619999766,138818.00340000167],[402641.93039999902,138817.99870000035],[402644.04999999702,138818.14919999987],[402644.49570000172,138818.21279999986],[402657.44309999794,138818.3396999985],[402691.43999999762,138817.20109999925],[402740.5177000016,138814.18090000004],[402834.9944999963,138808.80209999904],[402912.66770000011,138803.43719999865],[402974.02380000055,138798.07149999961],[402998.52350000292,138795.74350000173],[403021.16920000315,138793.42410000041],[403035.99130000174,138792.04500000179],[403047.64029999822,138790.84369999915],[403058.49979999661,138789.75789999962],[403066.57599999756,138788.99579999968],[403074.60930000246,138788.08639999852],[403075.18860000372,138788.03220000118],[403083.25599999726,138787.43459999934],[403091.47850000113,138786.53759999946],[403092.56019999832,138786.45899999887],[403100.68110000342,138786.16369999945],[403109.37240000069,138785.42720000073],[403117.98669999838,138784.65810000151],[403118.40380000323,138784.62669999897],[403125.99109999835,138784.16220000014],[403199.64230000228,138779.95879999921],[403250.92289999872,138776.58229999989],[403268.92949999869,138775.39730000123],[403333.3967999965,138771.97360000014],[403392.05590000004,138768.55660000071],[403454.48409999907,138764.85090000182],[403508.27019999921,138761.82620000094],[403520.95019999892,138761.30469999835],[403532.87629999965,138760.95859999955],[403540.26820000261,138760.78660000116],[403540.616899997,138760.78249999881],[403549.50389999896,138760.78249999881],[403558.90370000154,138760.78249999881],[403567.61980000138,138760.78249999881],[403576.1651000008,138760.78249999881],[403584.71029999852,138760.78249999881],[403593.76829999685,138760.78249999881],[403594.09430000186,138760.78599999845],[403601.95600000024,138760.95690000057],[403603.51510000229,138761.07229999825],[403610.49499999732,138761.95650000125],[403610.99849999696,138762.02899999917],[403615.21750000119,138762.70949999988],[403617.19820000231,138763.02899999917],[403617.50599999726,138763.08229999989],[403625.07379999757,138764.5139000006],[403632.14980000257,138765.92850000039],[403633.07329999655,138766.14380000159],[403638.69889999926,138767.64400000125],[403644.92000000179,138768.9635999985],[403645.82220000029,138769.18439999968],[403652.89699999988,138771.14970000088],[403659.93249999732,138772.97549999878],[403664.30569999665,138774.15260000154],[403665.39829999954,138774.49190000072],[403671.9422999993,138776.80150000006],[403678.07900000364,138778.71920000017],[403678.73529999703,138778.94099999964],[403679.15640000254,138779.1015000008],[403696.61509999633,138786.05669999868],[403703.75439999998,138788.90069999918],[403705.40999999642,138789.68039999902],[403721.37939999998,138798.42889999971],[403728.40829999745,138802.27950000018],[403728.70149999857,138802.44440000132],[403729.12210000306,138802.69649999961],[403756.21609999985,138819.54340000078],[403791.51749999821,138841.4935999997],[403791.89590000361,138841.73690000176],[403808.33500000089,138852.65549999848],[403829.35270000249,138865.75349999964],[403852.08649999648,138879.88529999927],[403869.88910000026,138890.93519999832],[403887.40770000219,138901.69240000099],[403903.79590000212,138911.89649999887],[403915.88090000302,138919.57470000163],[403934.14549999684,138930.90329999849],[403934.43299999833,138931.08610000089],[403936.66369999945,138932.54089999944],[403948.47630000114,138940.24480000138],[403962.47320000082,138949.0689000003],[403977.73269999772,138958.52980000153],[404001.98120000213,138973.26309999824],[404011.1502000019,138978.88280000165],[404019.80479999632,138983.49859999865],[404026.89829999954,138987.04529999942],[404035.10000000149,138990.99430000037],[404035.57890000194,138991.23550000042],[404041.17369999737,138994.18019999936],[404048.04320000112,138997.47749999911],[404053.91160000116,138999.71299999952],[404054.48070000112,138999.94319999963],[404060.9354000017,139002.70960000157],[404061.27849999815,139002.86180000007],[404066.41640000045,139005.21770000085],[404072.74430000037,139007.61960000172],[404080.50729999691,139010.30680000037],[404088.1969999969,139012.93699999899],[404093.76259999722,139014.50230000168],[404094.08470000327,139014.59679999948],[404100.64100000262,139016.60009999946],[404107.75389999896,139018.6063000001],[404108.9544999972,139019.0009999983],[404113.38199999928,139020.71319999918],[404118.88329999894,139021.58190000057],[404119.14940000325,139021.62640000135],[404125.47450000048,139022.7424999997],[404133.08860000223,139024.06659999862],[404140.33900000155,139024.39620000124],[404141.64029999822,139024.51229999959],[404146.24539999664,139025.12629999965],[404153.07890000194,139025.12629999965],[404153.8281000033,139025.14499999955],[404161.22439999878,139025.5148999989],[404169.7949000001,139025.87200000137],[404176.19080000371,139025.87200000137],[404183.27290000021,139025.51790000126],[404184.02199999988,139025.49920000136],[404189.98700000346,139025.49920000136],[404196.3246999979,139025.49920000136],[404203.52910000086,139025.49920000136],[404207.38139999658,139025.17810000107],[404208.62740000337,139025.12629999965],[404215.21090000123,139025.12629999965],[404220.3049999997,139024.78669999912],[404220.95409999788,139024.75759999827],[404236.49759999663,139024.39609999955],[404248.35379999876,139023.35000000149],[404278.04140000045,139019.3674999997],[404309.47929999977,139012.78750000149],[404342.99130000174,139005.34059999883],[404375.08879999816,138998.44559999928],[404404.67170000076,138992.52820000052],[404432.07859999686,138986.63430000097],[404432.39959999919,138986.5689000003],[404463.17279999703,138980.65100000054],[404504.82880000025,138972.67440000176],[404548.82909999788,138963.87420000136],[404580.61029999703,138956.06830000132],[404582.23809999973,138955.66849999875],[404582.93460000306,138955.5150000006],[404597.87439999729,138952.59120000154],[404615.93940000236,138948.31320000067],[404682.50400000066,138933.36129999906],[404732.04330000281,138923.25950000063],[404760.28930000216,138917.03579999879],[404760.99689999968,138916.89790000021],[404798.95210000128,138910.65170000121],[404844.53249999881,138902.4952000007],[404845.62560000271,138902.34219999984],[404901.86580000073,138896.57400000095],[404902.744599998,138896.50989999995],[404969.07900000364,138893.62579999864],[404969.73059999943,138893.61160000041],[404970.3369999975,138893.62390000001],[405053.49539999664,138896.98869999871],[405055.51250000298,138897.20760000125],[405094.49979999661,138904.18420000002],[405097.02265614044,138904.86697254443],[405099.38870100857,138905.97729373744],[405101.52610181633,138907.48145438603],[405103.36996738007,138909.33378838742],[405104.86431820417,138911.47805914556],[405105.96378601086,138913.84916690606],[405106.63499111426,138916.37512517549],[405106.85755582323,138918.9792462211],[405106.62472310488,138921.58246929932],[405105.94356172736,138924.10576092883],[405104.83475165296,138926.47251433568],[405103.33195619739,138928.61087522394],[405101.48080001638,138930.45592326208],[405099.3374839474,138931.95164305481],[405096.96707876073,138933.05262476258],[405094.44154961972,138933.72544273775],[405091.83757122891,138933.94967032256],[405089.23420000076,138933.71849999949],[405051.25649999827,138926.9226000011],[404969.75320000201,138923.62469999865],[404904.48839999735,138926.46229999885],[404849.24509999901,138932.12829999998],[404804.05200000107,138940.21510000154],[404766.35109999776,138946.41970000044],[404738.26879999787,138952.60640000179],[404688.79060000181,138962.69509999827],[404622.68299999833,138977.54540000111],[404604.502700001,138981.85130000114],[404603.92660000175,138981.97580000013],[404589.04819999635,138984.88760000095],[404587.7656000033,138985.2025000006],[404555.66749999672,138993.08619999886],[404555.03140000254,138993.22789999843],[404510.59489999712,139002.11499999836],[404468.82660000026,139010.11340000108],[404438.22469999641,139015.99839999899],[404410.76680000126,139021.90249999985],[404381.18299999833,139027.8200000003],[404349.39530000091,139034.64909999818],[404315.80430000275,139042.11329999939],[404283.6521999985,139048.84329999983],[404283.18400000036,139048.93349999934],[404282.57360000163,139049.02820000052],[404252.00339999795,139053.12909999862],[404251.3275000006,139053.20430000126],[404238.65200000256,139054.3227000013],[404237.68230000138,139054.37660000101],[404221.97800000012,139054.74179999903],[404216.70849999785,139055.09310000017],[404215.71069999784,139055.12629999965],[404209.2519999966,139055.12629999965],[404205.39970000088,139055.44739999995],[404204.15370000154,139055.49920000136],[404196.3246999979,139055.49920000136],[404189.98700000346,139055.49920000136],[404184.39710000157,139055.49920000136],[404177.31499999762,139055.85330000147]]]},"properties":{"OBJECTID":60,"ROUTEID":"12064672","FROMMEASURE":0,"TOMEASURE":6189.9328000000005,"ROUTENAME":"NEW YORK AVE NE","CORRIDORID":"12064672_1","FROMSTREET":"NEW YORK AVE NW/N ST NE","TOSTREET":"EASTERN AVE NE","LENGTH_MI":3.8462381800000003,"TIER_1":1,"TIER_2":0,"TIER_3":0,"GIS_ID":"HIN_CorridorsLn_43","SE_ANNO_CAD_DATA":null,"BUFF_DIST":15,"ORIG_FID":43,"SHAPE_Length":12474.029938029644,"SHAPE_Area":186402.58480122464}},{"type":"Feature","id":61,"geometry":{"type":"Polygon","coordinates":[[[399218.48480000347,138756.747299999],[399221.01039999723,138757.42399999872],[399221.89169999957,138757.77670000121],[399233.51210000366,138762.85990000144],[399284.80110000074,138785.29560000077],[399301.81130000204,138792.73669999838],[399305.58690000325,138794.40799999982],[399365.38509999961,138820.83280000091],[399370.60549999774,138823.13300000131],[399387.31099999696,138830.51619999856],[399398.68770000339,138835.5111999996],[399424.87359999865,138847.46799999848],[399479.02910000086,138871.27980000153],[399524.37160000205,138891.48519999906],[399543.25620000064,138899.85979999974],[399547.98340000212,138901.95499999821],[399562.91740000248,138908.41600000113],[399587.10790000111,138919.23409999907],[399701.49660000205,138970.39249999821],[399774.09049999714,139002.85869999975],[399829.99889999628,139027.86279999837],[399956.79249999672,139084.56929999962],[400047.56080000103,139126.03620000184],[400053.38120000064,139128.82730000094],[400076.15460000187,139139.76440000162],[400105.06069999933,139152.20609999821],[400119.92279999703,139158.60300000012],[400153.94720000029,139172.88969999924],[400154.45690000057,139173.11499999836],[400189.73049999774,139189.49269999936],[400262.43389999866,139219.35929999873],[400459.47269999981,139300.30270000175],[400537.95340000093,139332.54250000045],[400544.52920000255,139335.23669999838],[400551.08229999989,139337.91160000116],[400557.87900000066,139340.66620000079],[400564.65779999644,139343.40769999847],[400571.44789999723,139346.12570000067],[400578.23269999772,139348.84560000151],[400585.04450000077,139351.55829999968],[400591.83919999748,139354.24839999899],[400598.64590000361,139356.92920000106],[400605.45170000196,139359.59580000117],[400611.89079999924,139362.10720000044],[400617.19919999689,139364.2041000016],[400654.6969999969,139379.01720000058],[400662.75389999896,139381.7751000002],[400663.50029999763,139382.0604000017],[400682.46410000324,139389.91380000114],[400686.34399999678,139391.4765000008],[400689.66380000114,139392.7714000009],[400729.2092999965,139408.7762000002],[400768.95210000128,139424.29710000008],[400808.10960000008,139439.62990000099],[400827.75829999894,139447.4422999993],[400841.26519999653,139452.93629999831],[400847.87600000203,139455.1398999989],[400848.2629000023,139455.27479999885],[400848.84380000085,139455.5],[400852.75339999795,139457.10979999974],[400855.73820000142,139458.28979999945],[400856.18169999868,139458.47329999879],[400863.15309999883,139461.49060000107],[400871.74180000275,139464.88610000163],[400878.04339999706,139467.24179999903],[400887.64190000296,139471.02309999987],[400898.9720999971,139475.7675999999],[400927.4170999974,139486.93250000104],[400965.63030000031,139502.64930000156],[400996.10499999672,139515.75230000168],[401017.11020000279,139523.82119999826],[401044.72540000081,139535.06650000066],[401054.76839999855,139538.31579999998],[401072.04969999939,139544.00710000098],[401072.40070000291,139544.12750000134],[401093.09790000319,139551.51649999991],[401093.84019999951,139551.80660000071],[401097.46180000156,139553.33399999887],[401122.17170000076,139563.75580000132],[401133.79039999843,139568.2025000006],[401153.508100003,139575.74949999899],[401175.4422999993,139584.48360000178],[401181.25739999861,139586.68629999831],[401188.22339999676,139589.32550000027],[401195.23149999976,139592.06720000133],[401197.23820000142,139592.85249999911],[401197.89450000226,139593.12739999965],[401238.20669999719,139611.15159999952],[401244.89760000259,139614.01909999922],[401245.27480000257,139614.18690000102],[401255.37879999727,139618.85029999912],[401256.12370000035,139619.21950000152],[401265.63849999756,139624.26830000058],[401271.91790000349,139627.59259999916],[401277.8049999997,139630.35220000148],[401278.37659999728,139630.63509999961],[401282.84570000321,139632.96669999883],[401283.42859999835,139633.2873999998],[401336.39109999686,139664.09490000084],[401336.99140000343,139664.46319999918],[401376.94420000166,139690.2862999998],[401389.64710000157,139697.47690000013],[401390.42310000211,139697.95219999924],[401397.26150000095,139702.43259999901],[401407.88319999725,139708.71020000055],[401414.60480000079,139712.82510000095],[401423.9430000037,139718.54360000044],[401439.17790000141,139727.96880000085],[401453.16719999909,139736.94179999828],[401466.00599999726,139744.16800000146],[401466.2949000001,139744.33680000156],[401473.60379999876,139748.72340000048],[401482.04829999804,139753.9833999984],[401486.56149999797,139756.87909999862],[401491.6155000031,139760.00470000133],[401529.20499999821,139783.42419999838],[401555.71930000186,139799.72830000147],[401567.88139999658,139806.9860999994],[401568.27839999646,139807.23149999976],[401578.39429999888,139813.70329999924],[401586.45380000025,139818.30889999866],[401586.93609999865,139818.59809999913],[401643.36789999902,139853.88929999992],[401663.85130000114,139866.64939999953],[401677.59359999746,139874.30889999866],[401678.7995999977,139875.07050000131],[401687.40680000186,139881.10090000182],[401691.29739999771,139883.54639999941],[401732.46329999715,139909.45470000058],[401736.78360000253,139912.01900000125],[401769.53639999777,139931.45930000022],[401770.00389999896,139931.74850000069],[401794.73099999875,139947.67850000039],[401805.32680000365,139953.89779999852],[401819.809799999,139961.84980000183],[401829.90359999985,139967.5390000008],[401830.67970000207,139968.01319999993],[401835.0094999969,139970.84420000017],[401839.71450000256,139973.53280000016],[401839.96090000123,139973.67740000039],[401847.1996999979,139978.02070000023],[401847.72659999877,139978.35190000013],[401854.1446999982,139982.57440000027],[401863.1724999994,139987.6101000011],[401863.60790000111,139987.86639999971],[401869.21800000221,139991.30480000004],[401869.62939999998,139991.566300001],[401877.16489999741,139996.53020000085],[401888.24009999633,140004.12060000002],[401893.76049999893,140007.57090000063],[401894.81030000001,140008.29069999978],[401900.12039999664,140012.27309999987],[401904.18389999866,140014.83960000053],[401913.28230000287,140020.58579999954],[401935.71980000287,140034.3387000002],[401976.83370000124,140060.30449999869],[402007.72290000319,140078.26339999959],[402008.1026000008,140078.49170000106],[402034.64940000325,140094.99379999936],[402044.57259999961,140100.66429999843],[402044.86389999837,140100.8359999992],[402050.5244999975,140104.25939999893],[402069.58229999989,140115.63280000165],[402079.27839999646,140121.64070000127],[402079.55150000006,140121.81399999931],[402086.28350000083,140126.18980000168],[402115.31669999659,140144.4208999984],[402159.25519999862,140172.35819999874],[402174.76870000362,140181.32110000029],[402179.07190000266,140183.92119999975],[402183.03760000318,140186.30200000107],[402189.7650000006,140190.4963000007],[402201.14840000123,140197.59549999982],[402206.20979999751,140200.65150000155],[402206.5773999989,140200.88069999963],[402210.90500000119,140203.66730000079],[402230.40100000054,140215.67170000076],[402237.86800000072,140220.29419999942],[402247.75770000368,140226.04960000142],[402254.30560000241,140229.86030000076],[402254.98610000312,140230.28099999949],[402265.97860000283,140237.48919999972],[402271.747299999,140241.1603000015],[402282.62820000201,140247.7602000013],[402291.366899997,140252.96400000155],[402298.81180000305,140257.39799999818],[402305.29990000278,140261.36190000176],[402405.19789999723,140323.81940000132],[402412.09269999713,140327.8553000018],[402412.62650000304,140328.18290000036],[402421.82660000026,140334.0971999988],[402429.12810000032,140338.04989999905],[402429.4870999977,140338.25059999898],[402430.37929999828,140338.80829999968],[402433.64699999988,140341.01399999857],[402462.93940000236,140358.87090000138],[402474.49570000172,140365.90190000087],[402474.8300999999,140366.11149999872],[402484.04379999638,140372.05539999902],[402487.4095999971,140374.27969999984],[402494.12789999694,140378.4226000011],[402497.07789999992,140380.12519999966],[402497.90770000219,140380.61840000004],[402499.98009999841,140381.85289999843],[402500.31599999964,140382.05900000036],[402508.26720000058,140387.08329999819],[402535.87319999933,140403.92619999871],[402542.53220000118,140407.6623999998],[402542.79190000147,140407.81329999864],[402552.1229000017,140413.37420000136],[402572.82880000025,140425.55570000038],[402638.14880000055,140465.65749999881],[402638.46639999747,140465.85799999908],[402675.43659999967,140489.85099999979],[402685.00490000099,140495.68160000071],[402694.66210000217,140501.56650000066],[402695.70650000125,140502.26460000128],[402699.18039999902,140504.80310000107],[402756.05629999936,140539.97199999914],[402765.37409999967,140545.31419999897],[402766.03310000151,140545.71629999951],[402781.25259999931,140555.54809999838],[402791.66040000319,140561.63580000028],[402793.60469999909,140562.71660000086],[402795.29129999876,140563.67980000004],[402799.56610000134,140566.15469999984],[402799.9544999972,140566.38740000129],[402811.09430000186,140573.29410000145],[402864.4531000033,140605.89600000158],[402910.42880000174,140634.45630000159],[402936.40929999948,140650.59079999849],[402943.14130000025,140654.95899999887],[402951.18789999932,140659.67190000042],[402960.21679999679,140664.72879999876],[402960.76940000057,140665.05860000104],[402968.87340000272,140670.13879999891],[402969.29330000281,140670.41180000082],[402974.29699999839,140673.7862999998],[402981.66920000315,140678.42430000007],[402987.31750000268,140682.07149999961],[403010.2650000006,140695.71750000119],[403063.09610000253,140728.10720000044],[403063.5217999965,140728.37810000032],[403096.58269999921,140750.21079999954],[403124.61249999702,140767.33999999985],[403125.50940000266,140767.93320000172],[403140.11230000108,140778.3638000004],[403144.84260000288,140780.90199999884],[403145.38930000365,140781.21130000055],[403150.62330000103,140784.38309999928],[403151.2648999989,140784.79470000044],[403155.70130000263,140787.80330000073],[403159.20830000192,140789.95760000125],[403168.86529999971,140795.89200000092],[403176.90150000155,140800.74340000004],[403193.65609999746,140810.59279999882],[403195.78359306371,140812.1071405072],[403197.61620723823,140813.96751122549],[403199.09839791531,140816.11752627636],[403200.18524145638,140818.49202096774],[403200.84379677824,140821.0190268661],[403201.05410376255,140823.62195308373],[403200.80978822615,140826.22190766811],[403200.11825511564,140828.74008873376],[403199.0004640714,140831.10017286436],[403197.49029416277,140833.23062839528],[403195.63351704943,140835.06688346295],[403193.48640969029,140836.55328310997],[403191.11404864839,140837.64477612832],[403188.58833768865,140838.30828051403],[403185.98582845042,140838.52368614794],[403183.38540024811,140838.28446431208],[403180.86586932203,140837.59786556842],[403178.50360000134,140836.48470000178],[403161.54990000278,140826.51790000126],[403153.25590000302,140821.5111999996],[403143.50370000303,140815.51859999821],[403139.71040000021,140813.1884999983],[403139.14249999821,140812.82180000097],[403134.74069999903,140809.83669999987],[403130.31159999967,140807.15089999884],[403125.08240000159,140804.3451000005],[403124.67450000346,140804.11800000072],[403123.45589999855,140803.33359999955],[403108.50930000097,140792.65740000084],[403080.71320000291,140775.67100000009],[403080.26900000125,140775.38879999891],[403047.19950000197,140753.55040000007],[402994.76110000163,140721.40069999918],[402971.74620000273,140707.71550000086],[402971.27470000088,140707.42320000008],[402965.54349999875,140703.72179999948],[402958.12070000172,140699.05260000005],[402957.72049999982,140698.79190000147],[402952.72500000149,140695.42289999872],[402945.1502000019,140690.67449999973],[402936.40160000324,140685.77529999986],[402936.19009999931,140685.65459999815],[402927.68259999901,140680.67179999873],[402927.09640000015,140680.31010000035],[402920.32940000296,140675.91739999875],[402894.60069999844,140659.94099999964],[402848.71899999678,140631.43870000169],[402795.35930000246,140598.83639999852],[402784.33720000088,140592.00290000066],[402780.3275000006,140589.68149999902],[402778.87860000134,140588.85350000113],[402776.94600000232,140587.7798999995],[402776.69399999827,140587.63659999892],[402765.81949999928,140581.2760999985],[402765.25339999795,140580.92790000141],[402750.08839999884,140571.13129999861],[402740.8994999975,140565.86300000176],[402740.49099999666,140565.61930000037],[402682.90999999642,140530.01440000162],[402681.94879999757,140529.36740000173],[402678.51460000128,140526.85790000111],[402669.39379999787,140521.29980000108],[402659.64310000092,140515.35799999908],[402659.28279999644,140515.1314000003],[402622.2920999974,140491.12510000169],[402557.375,140451.26909999922],[402536.83889999986,140439.18890000135],[402527.60230000317,140433.68439999968],[402520.87460000068,140429.9096999988],[402520.48149999976,140429.67830000073],[402492.44089999795,140412.56920000166],[402484.45650000125,140407.52499999851],[402482.55430000275,140406.39189999923],[402481.93469999731,140406.02270000055],[402478.94340000302,140404.29699999839],[402478.56809999794,140404.07299999893],[402471.46280000359,140399.69139999896],[402471.06480000168,140399.43719999865],[402467.64019999653,140397.17350000143],[402458.73579999804,140391.42969999835],[402447.33510000259,140384.49329999834],[402417.73430000246,140366.44839999825],[402417.14980000257,140366.07330000028],[402414.20139999688,140364.08309999853],[402407.04779999703,140360.21049999818],[402406.68879999965,140360.00979999825],[402406.0773999989,140359.63709999993],[402396.66690000147,140353.58749999851],[402389.85499999672,140349.60009999946],[402389.48059999943,140349.37350000069],[402289.53159999847,140286.88369999826],[402283.3145999983,140283.08529999852],[402276.01749999821,140278.73990000039],[402267.17740000039,140273.47540000081],[402255.91219999641,140266.64059999958],[402249.69730000198,140262.68690000102],[402238.86969999969,140255.58769999817],[402232.66799999774,140251.97839999944],[402222.60209999979,140246.12040000036],[402222.25150000304,140245.90989999846],[402214.65470000356,140241.20710000023],[402194.91839999706,140229.05290000141],[402190.51669999957,140226.22049999982],[402185.45620000362,140223.16409999877],[402173.88970000297,140215.95160000026],[402167.38369999826,140211.89400000125],[402163.57980000228,140209.61160000041],[402159.50280000269,140207.14660000056],[402143.97389999777,140198.17650000006],[402143.42840000242,140197.84569999948],[402099.29410000145,140169.78390000015],[402070.13120000064,140151.47040000185],[402063.33569999784,140147.05440000072],[402053.99620000273,140141.26630000025],[402035.08110000193,140129.97910000011],[402029.50020000339,140126.60399999842],[402019.49620000273,140120.88740000129],[402019.04819999635,140120.61960000172],[401992.45210000128,140104.08689999953],[401961.51749999821,140086.10159999877],[401961.0468999967,140085.816300001],[401919.87070000172,140059.81030000001],[401897.43129999936,140046.05629999936],[401888.16409999877,140040.20419999957],[401883.59160000086,140037.3161999993],[401882.60180000216,140036.63410000131],[401877.32020000368,140032.67300000042],[401872.06949999928,140029.39130000025],[401871.53840000182,140029.04360000044],[401860.43259999901,140021.43059999868],[401853.33479999751,140016.75649999827],[401848.19349999726,140013.60539999977],[401838.95600000024,140008.45289999992],[401838.11460000277,140007.93859999999],[401831.4979000017,140003.58540000021],[401824.65990000218,139999.48259999976],[401819.70530000329,139996.65129999816],[401818.96760000288,139996.19889999926],[401814.67549999803,139993.3925999999],[401805.22630000114,139988.06670000032],[401790.70229999721,139980.09270000085],[401790.37470000237,139979.90729999915],[401779.27560000122,139973.39279999956],[401778.74499999732,139973.06639999896],[401753.98789999634,139957.11699999869],[401721.47129999846,139937.81689999998],[401716.98179999739,139935.15210000053],[401716.64819999784,139934.94819999859],[401675.32509999722,139908.94099999964],[401671.12389999628,139906.30029999837],[401670.49930000305,139905.88560000062],[401662.21630000323,139900.08229999989],[401648.82829999924,139892.6202000007],[401648.29810000211,139892.30539999902],[401627.48330000043,139879.33879999816],[401571.28289999813,139844.1922999993],[401563.15600000322,139839.54820000008],[401562.54339999706,139839.17660000175],[401552.30839999765,139832.62860000134],[401540.17570000142,139825.38760000095],[401513.41589999944,139808.93310000002],[401475.78980000317,139785.49080000073],[401470.56830000132,139782.26049999893],[401466.01439999789,139779.33920000121],[401457.95369999856,139774.31780000031],[401451.04050000012,139770.1697999984],[401438.00509999692,139762.83300000057],[401437.33420000225,139762.42720000073],[401423.18860000372,139753.35269999877],[401408.21639999747,139744.09109999985],[401398.93810000271,139738.40940000117],[401392.41839999706,139734.41710000113],[401381.70180000365,139728.08449999988],[401381.11230000108,139727.7173999995],[401374.39019999653,139723.31320000067],[401361.72720000148,139716.14519999921],[401361.02920000255,139715.72069999948],[401321.00219999999,139689.84970000014],[401268.66290000081,139659.40459999815],[401264.7826000005,139657.38030000031],[401258.85390000045,139654.60110000148],[401258.20229999721,139654.2762000002],[401251.58950000256,139650.77540000156],[401242.42979999632,139645.91499999911],[401232.88930000365,139641.51170000061],[401226.1724999994,139638.63210000098],[401185.97320000082,139620.65940000117],[401184.29940000176,139620.00439999998],[401177.44870000333,139617.32380000129],[401170.630400002,139614.74109999835],[401164.57779999822,139612.44729999825],[401142.59390000254,139603.69379999861],[401123.06740000099,139596.22069999948],[401111.21299999952,139591.6838000007],[401110.7452000007,139591.49570000172],[401085.80340000242,139580.97599999979],[401082.57169999927,139579.61290000007],[401062.48789999634,139572.44310000166],[401045.4619999975,139566.83570000157],[401034.96429999918,139563.43950000033],[401034.45120000094,139563.26319999993],[401033.92369999737,139563.059799999],[401006.07670000196,139551.71849999949],[400985.07440000027,139543.65239999816],[400984.52690000087,139543.42960000038],[400954.00150000304,139530.30370000005],[400916.23009999841,139514.76859999821],[400887.85109999776,139503.63069999963],[400887.53540000319,139503.502700001],[400876.34679999948,139498.81560000032],[400867.29299999774,139495.24940000102],[400860.97640000284,139492.88789999858],[400851.89760000259,139489.30009999871],[400851.45430000126,139489.11670000106],[400844.48349999636,139486.09970000014],[400841.52539999783,139484.92949999869],[400837.89959999919,139483.43730000034],[400831.32020000368,139481.24419999868],[400830.93330000341,139481.10929999873],[400830.41170000285,139480.90830000117],[400816.57100000232,139475.27820000052],[400797.10080000013,139467.53700000048],[400758.02629999816,139452.23680000007],[400718.12539999932,139436.65349999815],[400678.58980000019,139420.65260000154],[400675.29609999806,139419.36809999868],[400671.11900000274,139417.68580000103],[400652.45949999988,139409.95879999921],[400644.51820000261,139407.24060000107],[400643.99979999661,139407.0474999994],[400606.17689999938,139392.10590000078],[400600.92400000244,139390.03079999983],[400594.53880000114,139387.54050000012],[400587.67559999973,139384.85139999911],[400580.82090000063,139382.15170000121],[400573.97439999878,139379.4411999993],[400567.11450000107,139376.70930000022],[400560.2920999974,139373.97430000082],[400553.45099999756,139371.23580000177],[400546.62110000104,139368.4737999998],[400539.78850000352,139365.70470000058],[400533.17220000178,139363.00389999896],[400526.56669999659,139360.2976000011],[400448.07310000062,139328.05249999836],[400251.03429999948,139247.10909999907],[400178.02019999921,139217.11490000039],[400177.40309999883,139216.84499999881],[400142.07710000128,139200.44289999828],[400108.19129999727,139186.21409999952],[400093.20019999892,139179.76199999824],[400064.00980000198,139167.19799999893],[400063.44619999826,139166.94150000066],[400040.39880000055,139155.87280000001],[400034.83720000088,139153.20439999923],[399944.43869999796,139111.9076000005],[399817.75110000372,139055.24879999831],[399761.84269999713,139030.24469999969],[399689.24880000204,138997.77849999815],[399574.8601000011,138946.62009999901],[399550.83529999852,138935.87550000101],[399535.95069999993,138929.43620000035],[399531.0971999988,138927.2853000015],[399512.19449999928,138918.90269999951],[399466.88599999994,138898.71229999885],[399412.60350000113,138874.84400000051],[399386.42559999973,138862.89079999924],[399375.23390000314,138857.97789999843],[399358.49369999766,138850.57930000126],[399353.27409999818,138848.27950000018],[399293.45229999721,138821.84430000186],[399289.73799999803,138820.20010000095],[399272.7779000029,138812.78099999949],[399221.48889999837,138790.34530000016],[399209.86850000173,138785.26209999993],[399207.61999998504,138784.04025725654],[399205.61191058438,138782.45399467624],[399203.902677415,138780.54948056827],[399202.54204785574,138778.38214598008],[399201.56962314731,138776.01507137177],[399201.01370579476,138773.51715065411],[399200.89047582058,138770.961086025],[399201.20351984375,138768.42127196598],[399201.94372669107,138765.97162998441],[399203.08955257834,138763.68345712143],[399204.60764814424,138761.62335084565],[399206.45382908639,138759.85127072793],[399208.57436214917,138758.418793313],[399210.90752903488,138757.36761097956],[399213.38542271999,138756.72831848013],[399215.9359238951,138756.51952247805],[399218.48480000347,138756.747299999]]]},"properties":{"OBJECTID":61,"ROUTEID":"12075462","FROMMEASURE":0,"TOMEASURE":4483.0365000000002,"ROUTENAME":"RHODE ISLAND AVE NE","CORRIDORID":"12075462_1","FROMSTREET":"RHODE ISLAND AVE NW","TOSTREET":"JACKSON ST NE/Driveway-58014122","LENGTH_MI":2.7856241700000002,"TIER_1":0,"TIER_2":1,"TIER_3":0,"GIS_ID":"HIN_CorridorsLn_44","SE_ANNO_CAD_DATA":null,"BUFF_DIST":15,"ORIG_FID":44,"SHAPE_Length":9060.29213932329,"SHAPE_Area":135196.53775752053}},{"type":"Feature","id":62,"geometry":{"type":"Polygon","coordinates":[[[407516.90749999881,135756.25470000133],[407519.146438369,135756.83034744754],[407521.27032928762,135757.74320141907],[407523.22872277448,135758.97157838012],[407524.97510000318,135760.48629999906],[407530.03999999911,135765.61450000107],[407541.57970000058,135777.25429999828],[407542.02639999986,135777.72480000183],[407544.70799999684,135780.67449999973],[407557.21119999886,135792.88690000027],[407557.54270000011,135793.2210999988],[407564.77639999986,135800.74419999868],[407574.64819999784,135810.17889999971],[407575.46310000122,135811.02100000158],[407577.69060000032,135813.51049999893],[407602.43930000067,135837.96480000019],[407609.77610000223,135845.30139999837],[407610.03639999777,135845.56819999963],[407615.7779000029,135851.60229999945],[407639.10300000012,135874.50340000167],[407651.98359999806,135887.24130000174],[407671.20069999993,135906.60020000115],[407703.74149999768,135938.7146999985],[407704.31650000066,135939.31450000033],[407718.60679999739,135955.07250000164],[407736.98740000278,135967.8115000017],[407738.08470000327,135968.64930000156],[407738.71310000122,135969.20729999989],[407762.43020000309,135991.48730000108],[407762.67909999937,135991.72659999877],[407764.51910000294,135993.53660000116],[407765.4178000018,135994.50200000033],[407771.64419999719,136001.81019999832],[407773.18029999733,136003.99509999901],[407774.22590000182,136006.2034999989],[407775.55290000141,136009.65359999985],[407777.66319999844,136012.81909999996],[407789.95589999855,136024.75259999931],[407803.10499999672,136038.07070000097],[407806.73390000314,136041.58289999887],[407810.47580000013,136045.23420000076],[407815.85090000182,136050.47890000045],[407821.22609999776,136055.7536999993],[407826.57630000263,136061.0234999992],[407831.93150000274,136066.31850000098],[407837.26659999788,136071.62339999899],[407842.59160000086,136076.93840000033],[407847.90659999847,136082.2734999992],[407853.18659999967,136087.59360000119],[407854.03069999814,136088.51819999889],[407855.20220000297,136090.11829999834],[407857.48219999671,136093.70829999819],[407857.8104000017,136094.25],[407858.48759999871,136095.56960000098],[407860.23759999871,136099.4395999983],[407860.66539999843,136100.48970000073],[407860.96859999746,136101.4151000008],[407861.62009999901,136103.64589999989],[407862.15039999783,136105.43329999968],[407862.5420999974,136107.09530000016],[407862.61429999769,136107.54399999976],[407863.22429999709,136111.74399999902],[407863.3797999993,136113.82959999889],[407863.39010000229,136116.03830000013],[407863.16867221874,136118.64162127566],[407862.49887478567,136121.16702883199],[407861.40102892427,136123.53790343675],[407859.90844256798,136125.68231428729],[407858.0663998219,136127.53520134499],[407855.93078707188,136129.04034921443],[407853.56639742799,136130.15209268252],[407851.04496494326,136130.83670217119],[407848.44298824907,136131.07340707124],[407845.83940963593,136130.85502590903],[407843.31321999553,136130.18818422779],[407840.9410622883,136129.09311357304],[407838.79490624531,136127.60303768035],[407836.93986485322,136125.76316448892],[407835.43221886846,136123.62931456175],[407834.31770929549,136121.26622752598],[407833.63014963415,136118.74559791436],[407833.39039999992,136116.14389999956],[407833.38509999961,136115.01920000091],[407833.08139999956,136112.92790000141],[407832.84049999714,136112.11580000073],[407832.46729999781,136110.83830000088],[407831.58940000087,136108.89669999853],[407830.74870000035,136107.57310000062],[407826.63340000063,136103.42650000006],[407821.36339999735,136098.13659999892],[407816.0869999975,136092.8702000007],[407810.81819999963,136087.63120000064],[407805.49490000308,136082.36769999936],[407800.19389999658,136077.1464000009],[407794.86100000143,136071.91319999844],[407789.52430000156,136066.70589999855],[407785.83150000125,136063.10249999911],[407782.11819999665,136059.50860000029],[407781.87489999831,136059.2677000016],[407768.83060000092,136046.05330000073],[407755.62179999799,136033.23299999908],[407754.57819999754,136032.1110999994],[407753.58810000122,136030.78979999945],[407749.66879999638,136024.91079999879],[407749.15919999778,136024.0903000012],[407748.14940000325,136021.97509999946],[407747.10970000178,136019.27199999988],[407743.0102000013,136014.46040000021],[407741.76470000297,136013.2351000011],[407718.98369999975,135991.83449999988],[407700.10549999774,135978.75070000067],[407699.00819999725,135977.91290000081],[407697.53859999776,135976.49870000035],[407682.3729000017,135959.77540000156],[407650.01430000365,135927.84019999951],[407630.78970000148,135908.4737999998],[407618.04169999808,135895.86740000173],[407594.57729999721,135872.82970000058],[407594.21920000017,135872.46599999815],[407588.43010000139,135866.38179999962],[407581.2880000025,135859.23970000073],[407556.27589999884,135834.52540000156],[407555.64010000229,135833.8574000001],[407553.49650000036,135831.46159999818],[407543.82029999793,135822.21389999986],[407543.37150000036,135821.76639999822],[407536.08200000226,135814.18519999832],[407523.42790000141,135801.82539999858],[407522.81000000238,135801.18490000069],[407520.04659999907,135798.14519999921],[407508.71230000257,135786.7126000002],[407503.6305000037,135781.5672999993],[407502.01567454892,135779.6306838397],[407500.74806359212,135777.45093480346],[407499.86348789907,135775.08964929715],[407499.38694423926,135772.61355367315],[407499.33189901477,135770.0926186438],[407499.69990772032,135767.59808201517],[407500.48057098722,135765.2004356145],[407501.65182845382,135762.96743329792],[407503.18058215792,135760.96217632908],[407505.02363183512,135759.24133023302],[407507.12889569282,135757.85352351429],[407509.43688216264,135756.83797348896],[407511.88237104239,135756.22337806271],[407514.39625651989,135756.02710477152],[407516.90749999881,135756.25470000133]]]},"properties":{"OBJECTID":62,"ROUTEID":"12081512","FROMMEASURE":0,"TOMEASURE":483.68400000000003,"ROUTENAME":"SOUTHERN AVE NE","CORRIDORID":"12081512_1","FROMSTREET":"SOUTHERN AVE SE/EAST CAPITOL ST BN","TOSTREET":"EASTERN AVE NE","LENGTH_MI":0.30054672999999998,"TIER_1":1,"TIER_2":0,"TIER_3":0,"GIS_ID":"HIN_CorridorsLn_45","SE_ANNO_CAD_DATA":null,"BUFF_DIST":15,"ORIG_FID":45,"SHAPE_Length":1061.473106718794,"SHAPE_Area":15215.810873845254}},{"type":"Feature","id":63,"geometry":{"type":"Polygon","coordinates":[[[400043.25330000371,130569.37170000002],[400053.14329999685,130569.98970000073],[400084.62120000273,130571.98959999904],[400121.69600000232,130574.29549999908],[400126.08649999648,130574.53170000017],[400135.36720000207,130575.03170000017],[400145.75010000169,130575.5914000012],[400154.52570000291,130576.05649999902],[400179.70920000225,130577.70199999958],[400190.10429999977,130578.38259999827],[400194.23990000039,130578.57239999995],[400198.65100000054,130578.84809999913],[400202.98589999974,130579.19110000134],[400205.93439999968,130579.44539999962],[400208.9028000012,130579.74399999902],[400211.84489999712,130580.07209999859],[400214.77139999717,130580.43120000139],[400219.09359999746,130581.00580000132],[400223.43969999999,130581.64779999852],[400227.81889999658,130582.36030000076],[400232.14580000192,130583.14149999991],[400236.38019999862,130583.97700000182],[400242.96599999815,130585.29019999877],[400263.10230000317,130589.31370000169],[400294.53230000287,130595.87550000101],[400330.91059999913,130603.15709999949],[400349.55489999801,130606.84409999847],[400357.67899999768,130608.44480000064],[400366.09880000353,130610.1147999987],[400370.17509999871,130610.91820000112],[400398.99069999903,130616.90349999815],[400399.28390000015,130616.96719999984],[400408.30860000104,130618.85929999873],[400418.64890000224,130621.02939999849],[400445.42289999872,130626.6409999989],[400453.34809999913,130628.36490000039],[400462.98849999905,130630.47500000149],[400474.33280000091,130632.94379999861],[400482.09910000116,130634.63729999959],[400490.93900000304,130636.58170000091],[400504.51659999788,130639.58109999821],[400515.12449999899,130641.91070000082],[400536.63870000094,130646.65720000118],[400557.98920000345,130651.26649999991],[400567.05910000205,130653.21649999917],[400578.34809999913,130655.6539000012],[400585.48579999804,130657.26880000159],[400596.4029000029,130659.72590000182],[400603.29410000145,130661.2762000002],[400609.51600000262,130662.67760000005],[400650.97559999675,130671.74659999833],[400660.66489999741,130673.86639999971],[400669.0129000023,130675.69159999862],[400670.53279999644,130676.02160000056],[400675.55860000104,130677.11290000007],[400716.72380000353,130686.05180000141],[400726.40200000256,130688.15469999984],[400727.4768999964,130688.39680000022],[400736.71159999818,130690.47560000047],[400784.93360000104,130701.31260000169],[400811.14079999924,130706.99109999835],[400819.70069999993,130708.85110000148],[400828.53830000013,130710.76060000062],[400839.71970000118,130713.19310000166],[400879.08049999923,130721.76199999824],[400882.40569999814,130722.36340000108],[400883.20970000327,130722.53170000017],[400904.99769999832,130727.71849999949],[400917.68159999698,130730.50970000029],[400918.62929999828,130730.75090000033],[400932.73250000179,130734.83410000056],[400945.08280000091,130738.30640000105],[400989.51850000024,130745.93510000035],[400990.49430000037,130746.13850000128],[400997.34839999676,130747.80759999901],[401001.70400000364,130748.93780000135],[401009.01370000094,130750.80290000141],[401023.39599999785,130754.07629999891],[401033.21400000155,130756.0784999989],[401034.20709999651,130756.31650000066],[401045.95859999955,130759.55959999934],[401046.58229999989,130759.74639999866],[401073.13740000129,130768.33109999821],[401091.98569999635,130774.42350000143],[401107.14530000091,130779.24740000069],[401125.67520000041,130785.36719999835],[401127.79609999806,130786.0876000002],[401128.18990000337,130786.22789999843],[401130.25829999894,130787.01000000164],[401184.93450000137,130805.65379999951],[401193.39850000292,130808.55209999904],[401202.59749999642,130811.71510000154],[401211.78509999812,130814.87429999933],[401220.9782000035,130818.03200000152],[401230.16130000353,130821.17960000038],[401239.35899999738,130824.32880000025],[401243.73099999875,130825.82580000162],[401248.56130000204,130827.47960000113],[401257.74440000206,130830.62730000168],[401266.93509999663,130833.76410000026],[401276.13509999961,130836.90410000086],[401285.41189999878,130840.07079999894],[401291.27489999682,130842.14249999821],[401299.09929999709,130844.89059999958],[401307.75559999794,130847.94280000031],[401334.98960000277,130857.53489999846],[401346.36190000176,130861.6063000001],[401357.04739999771,130865.42480000108],[401365.247299999,130868.35469999909],[401373.38319999725,130871.26220000163],[401405.19139999896,130882.99700000137],[401434.20260000229,130893.69779999927],[401434.58540000021,130893.82759999856],[401443.22659999877,130896.9208999984],[401453.08049999923,130900.43230000138],[401479.94950000197,130910.03079999983],[401487.10469999909,130912.66470000148],[401498.17610000074,130916.74509999901],[401508.92149999738,130920.70340000093],[401522.66529999673,130925.7584999986],[401569.5326000005,130943.12739999965],[401613.4103000015,130959.20459999889],[401650.61670000106,130972.6922999993],[401656.02440000325,130974.65260000154],[401663.01860000193,130977.08049999923],[401670.16130000353,130979.62779999897],[401677.26359999925,130982.23290000111],[401684.36039999872,130984.91459999979],[401691.43129999936,130987.66539999843],[401698.46289999783,130990.47399999946],[401705.42650000006,130993.32380000129],[401705.83129999787,130993.49069999903],[401712.46480000019,130996.27849999815],[401715.36630000174,130997.52899999917],[401719.43310000002,130999.28819999844],[401725.04129999876,131001.77050000057],[401726.25890000165,131002.30490000173],[401726.67450000346,131002.49500000104],[401730.23149999976,131004.1875],[401733.85790000111,131005.94409999996],[401737.46130000055,131007.73530000076],[401741.05399999768,131009.5577000007],[401744.63669999689,131011.42139999941],[401748.18869999796,131013.30629999936],[401751.72909999639,131015.23160000145],[401755.24560000002,131017.18059999868],[401758.76399999857,131019.16910000145],[401762.2731000036,131021.20010000095],[401767.22659999877,131024.15980000049],[401772.13199999928,131027.18789999932],[401776.99239999801,131030.27629999816],[401781.81390000135,131033.4354000017],[401786.60109999776,131036.67509999871],[401791.32329999655,131039.96519999951],[401796.00919999927,131043.33150000125],[401800.65060000122,131046.76839999855],[401805.23719999939,131050.26539999992],[401809.37399999797,131053.50730000064],[401809.84399999678,131053.87189999968],[401815.82580000162,131058.69539999962],[401818.23990000039,131060.7109999992],[401821.73210000247,131063.63120000064],[401821.92549999803,131063.79600000009],[401827.73210000247,131068.8311999999],[401830.94420000166,131071.71240000054],[401833.54630000144,131074.04569999874],[401839.27220000327,131079.377700001],[401842.82789999992,131082.79830000177],[401844.91040000319,131084.80889999866],[401850.43519999832,131090.33350000158],[401855.86580000073,131095.95050000027],[401861.20260000229,131101.6708999984],[401866.38799999654,131107.43989999965],[401870.71209999919,131112.33329999819],[401874.98120000213,131117.35119999945],[401879.16170000285,131122.4365000017],[401883.26370000094,131127.59079999849],[401887.27820000052,131132.83529999852],[401891.19439999759,131138.13679999858],[401895.0169999972,131143.5111999996],[401898.741899997,131148.94249999896],[401902.37860000134,131154.44480000064],[401905.84369999915,131159.90069999918],[401906.11429999769,131160.34369999915],[401906.52440000325,131161.04259999841],[401910.94810000062,131168.72349999845],[401915.4178000018,131176.48279999942],[401926.627700001,131195.94260000065],[401927.08039999753,131196.79019999877],[401943.34579999745,131229.73939999938],[401945.66110000014,131234.20870000124],[401948.06589999795,131238.6651000008],[401950.55319999903,131243.11160000041],[401953.10249999911,131247.52710000053],[401955.70639999956,131251.90870000049],[401958.36370000243,131256.22910000011],[401961.09600000083,131260.51460000128],[401963.89440000057,131264.78429999948],[401966.7424999997,131268.99399999902],[401969.67180000246,131273.18560000136],[401970.36490000039,131274.15740000084],[401973.89100000262,131279.10040000081],[401978.16340000182,131284.88690000027],[401982.54850000143,131290.60489999875],[401987.0298999995,131296.25739999861],[401991.59380000085,131301.82490000129],[401996.26009999961,131307.31239999831],[402001.01250000298,131312.72159999982],[402005.85570000112,131318.04720000178],[402010.80330000073,131323.29430000111],[402015.77589999884,131328.40089999884],[402020.88390000165,131333.37519999966],[402026.13080000132,131338.29410000145],[402031.47860000283,131343.14869999886],[402036.8906000033,131347.89510000125],[402042.38819999993,131352.54399999976],[402047.97779999673,131357.11809999868],[402053.63570000231,131361.57869999856],[402059.36110000312,131365.9525000006],[402065.16839999706,131370.21629999951],[402070.97779999673,131374.33449999988],[402076.75729999691,131378.19709999859],[402082.67899999768,131382.01559999958],[402088.65869999677,131385.75050000101],[402090.98380000144,131387.1473999992],[402094.69529999793,131389.38410000131],[402100.78059999645,131392.92500000075],[402106.92750000209,131396.37110000104],[402113.12569999695,131399.72190000117],[402119.37640000135,131402.98279999942],[402125.67629999667,131406.13760000095],[402131.9205000028,131409.1501000002],[402144.4849999994,131414.74060000107],[402146.17779999971,131415.38049999997],[402159.49180000275,131420.42199999839],[402169.25400000066,131424.11730000004],[402189.16839999706,131430.99549999833],[402204.86309999973,131436.3702000007],[402210.0644999966,131438.15410000086],[402231.29599999636,131445.46330000088],[402233.2947999984,131446.11080000177],[402243.59730000049,131449.45160000026],[402254.26739999652,131452.91220000014],[402255.50779999793,131453.30290000141],[402268.0251000002,131457.3060999997],[402272.93559999764,131458.44480000064],[402281.130400002,131460.32990000024],[402296.58739999682,131463.48250000179],[402299.74780000001,131464.12689999864],[402303.7920999974,131464.71379999816],[402306.08879999816,131465.04329999909],[402312.94080000371,131466.03429999948],[402319.63690000027,131467.00160000101],[402324.2295999974,131467.6585999988],[402326.42239999771,131467.97239999846],[402331.92480000108,131468.76559999958],[402333.22529999912,131468.95569999889],[402339.96880000085,131469.92830000073],[402344.82029999793,131470.62629999965],[402345.76870000362,131470.75759999827],[402349.75609999895,131471.33289999887],[402354.6297999993,131472.03200000152],[402359.50970000029,131472.73200000077],[402360.87430000305,131472.92770000175],[402364.41969999671,131473.43629999831],[402369.30719999969,131474.15740000084],[402371.88679999858,131474.53009999916],[402374.48250000179,131474.89669999853],[402377.16879999638,131475.27490000054],[402378.89389999956,131475.53130000085],[402379.90299999714,131475.68039999902],[402382.73139999807,131476.12409999967],[402385.53499999642,131476.61699999869],[402387.99840000272,131477.07730000094],[402390.42170000076,131477.55139999837],[402392.85090000182,131478.04789999872],[402395.3069999963,131478.57380000129],[402397.77650000155,131479.13690000027],[402400.22439999878,131479.72729999945],[402402.45160000026,131480.28959999979],[402404.69510000199,131480.88560000062],[402406.88589999825,131481.49450000003],[402408.47169999778,131481.94900000095],[402409.09399999678,131482.13010000065],[402411.27199999988,131482.77849999815],[402413.44520000368,131483.45270000026],[402416.5298999995,131484.43939999864],[402417.79649999738,131484.87110000104],[402419.55969999731,131485.46620000154],[402422.63480000198,131486.54580000043],[402425.62139999866,131487.65309999883],[402428.57639999688,131488.77079999819],[402431.50710000098,131489.91759999841],[402432.58959999681,131490.34860000014],[402434.31480000168,131491.05310000107],[402437.01110000163,131492.16479999945],[402439.78429999948,131493.33430000022],[402442.56899999827,131494.55959999934],[402445.35440000147,131495.8284999989],[402448.13080000132,131497.15619999915],[402451.00850000232,131498.58469999954],[402453.86890000105,131500.06870000064],[402456.66799999774,131501.57470000163],[402459.42670000345,131503.1026000008],[402462.14310000092,131504.64990000054],[402464.78869999945,131506.1838000007],[402467.35570000112,131507.69099999964],[402469.93649999797,131509.23959999904],[402472.50699999928,131510.81960000098],[402475.08659999818,131512.44049999863],[402477.66369999945,131514.11529999971],[402480.12259999663,131515.75730000064],[402480.43060000241,131515.96860000119],[402483.41059999913,131518.06859999895],[402483.75029999763,131518.31529999897],[402486.78480000049,131520.58480000123],[402489.82460000366,131522.93980000168],[402492.74270000309,131525.23730000108],[402495.58449999988,131527.47709999979],[402498.41920000315,131529.67430000007],[402498.72200000286,131529.91530000046],[402524.93140000105,131551.33480000123],[402526.08349999785,131552.2760999985],[402546.37659999728,131568.8563000001],[402548.34880000353,131570.44579999894],[402561.45459999889,131581.03049999848],[402572.06319999695,131589.5998999998],[402572.74660000205,131590.19720000029],[402573.16269999743,131590.58430000022],[402576.48009999841,131593.64420000091],[402576.90200000256,131594.04879999906],[402580.54200000316,131597.67880000174],[402580.97089999914,131598.12460000068],[402584.46090000123,131601.90459999815],[402584.87200000137,131602.36870000139],[402588.23139999807,131606.32349999994],[402588.58200000226,131606.75459999964],[402591.7519999966,131610.80460000038],[402592.12629999965,131611.30389999971],[402595.12629999965,131615.48389999941],[402595.46980000287,131615.98360000178],[402598.29980000108,131620.2835999988],[402598.6194999963,131620.7910999991],[402601.34000000358,131625.31060000136],[402601.56390000135,131625.70230000094],[402604.04389999807,131630.21229999885],[402604.34539999813,131630.79019999877],[402606.65429999679,131635.45919999853],[402608.88120000064,131640.06210000068],[402609.41969999671,131641.14860000089],[402609.82819999754,131642.04580000043],[402612.28819999844,131647.95580000058],[402612.55560000241,131648.64579999819],[402614.00029999763,131652.71480000019],[402614.7247999981,131654.76749999821],[402614.9721999988,131655.53339999914],[402616.13759999722,131659.50180000067],[402616.78289999813,131661.7201000005],[402616.98950000107,131662.50970000029],[402618.4394999966,131668.73970000073],[402618.60270000249,131669.53830000013],[402619.71320000291,131675.85119999945],[402619.83649999648,131676.69060000032],[402620.1344999969,131679.2137000002],[402620.5923999995,131683.01669999957],[402620.6780000031,131683.99769999832],[402621.08799999952,131691.5577000007],[402621.10960000008,131692.25530000031],[402621.14980000257,131697.54270000011],[402621.13279999793,131698.31839999929],[402620.92230000347,131702.71009999886],[402620.84139999747,131704.34409999847],[402621.03999999911,131757.97320000082],[402621.03830000013,131762.99859999865],[402621.02000000328,131816.13899999857],[402621.10000000149,131839.06390000135],[402621.0997999981,131839.86620000005],[402621.02960000187,131849.26029999927],[402620.95000000298,131860.41429999843],[402621.09200000018,131889.14440000057],[402621.12990000099,131896.80279999971],[402621.12990000099,131899.52870000154],[402620.97349999845,131923.64290000126],[402621.05990000069,131938.47630000114],[402621.04999999702,131947.55009999871],[402621.20960000157,131989.64039999992],[402621.22900000215,131991.14330000058],[402621.33910000324,132001.4646999985],[402621.45910000056,132012.01199999824],[402621.76959999651,132040.27430000156],[402621.64090000093,132062.26009999961],[402621.42650000006,132098.69759999961],[402621.34430000186,132112.65599999949],[402656.58739999682,132160.95879999921],[402656.95329999924,132161.48330000043],[402677.07209999859,132191.68140000105],[402684.29699999839,132202.51889999956],[402706.80189999938,132236.3861999996],[402730.25159999728,132271.65069999918],[402736.50770000368,132281.0148999989],[402742.76280000061,132290.40260000154],[402749.00770000368,132299.77490000054],[402755.2677000016,132309.14490000159],[402761.52619999647,132318.53770000115],[402762.97919999808,132320.72210000083],[402767.76879999787,132327.9215000011],[402772.99939999729,132335.76749999821],[402774.02470000088,132337.32039999962],[402780.26690000296,132346.68879999965],[402782.6072999984,132350.20879999921],[402805.70390000194,132382.47159999982],[402814.00590000302,132391.98860000074],[402819.4721999988,132396.84739999846],[402845.04720000178,132419.4803000018],[402862.48910000175,132433.21570000052],[402871.0345999971,132438.70930000022],[402879.12659999728,132443.08150000125],[402898.60000000149,132453.60339999944],[402917.58160000294,132462.53599999845],[402941.53670000285,132473.25869999826],[402947.97580000013,132476.14909999818],[402975.23830000311,132488.38659999892],[402978.43150000274,132489.82009999827],[402978.91860000044,132490.04930000007],[403003.09629999846,132501.96299999952],[403022.8628000021,132511.54839999974],[403026.81899999827,132513.50879999995],[403040.807099998,132520.4411999993],[403051.03209999949,132525.63080000132],[403053.95729999989,132526.98189999908],[403064.19460000098,132531.89919999987],[403079.06300000101,132539.41939999908],[403080.62009999901,132540.14449999854],[403081.41629999876,132540.55700000003],[403112.44070000201,132556.00019999966],[403146.9606000036,132571.87900000066],[403148.28570000082,132572.48669999838],[403180.72890000045,132587.36439999938],[403200.36230000108,132596.24890000001],[403200.84839999676,132596.47780000046],[403208.36089999974,132600.00019999966],[403215.39419999719,132603.30180000141],[403217.9375,132604.49570000172],[403273.81859999895,132629.95899999887],[403274.39209999889,132630.2221999988],[403276.52009999752,132631.17980000004],[403279.19910000265,132632.28090000153],[403281.84929999709,132633.28880000114],[403284.53980000317,132634.2201000005],[403285.75460000336,132634.59930000082],[403287.28350000083,132635.08249999955],[403289.99859999865,132635.84230000153],[403292.76739999652,132636.52589999884],[403295.58150000125,132637.13589999825],[403298.40609999746,132637.66589999944],[403301.09960000217,132638.08729999885],[403322.99279999733,132640.49810000136],[403334.98920000345,132641.63830000162],[403335.83380000293,132641.71970000118],[403343.86659999937,132642.4990000017],[403351.91250000149,132643.26669999957],[403352.61930000037,132643.33339999989],[403383.07680000365,132646.51480000094],[403418.88109999895,132649.98440000042],[403422.71670000255,132650.37900000066],[403430.18739999831,132651.14900000021],[403439.23349999636,132652.08069999889],[403440.72749999911,132652.23790000007],[403449.30889999866,132653.08210000023],[403458.15569999814,132653.95279999822],[403462.5476000011,132654.38910000026],[403466.71339999884,132654.83379999921],[403471.05020000041,132655.29140000045],[403479.52740000188,132656.17000000179],[403487.99870000035,132657.04910000041],[403496.47999999672,132657.91820000112],[403504.94650000334,132658.78680000082],[403513.41430000216,132659.63459999859],[403521.89559999853,132660.48380000144],[403530.37780000269,132661.32299999893],[403538.82840000093,132662.16010000184],[403547.20369999856,132662.96900000051],[403548.57769999653,132663.08199999854],[403549.87839999795,132663.19289999828],[403552.67909999937,132663.46829999983],[403555.45199999958,132663.76370000094],[403558.27679999918,132664.09699999914],[403560.42010000348,132664.38129999861],[403561.07999999821,132664.46950000152],[403563.86829999834,132664.86389999837],[403566.65879999846,132665.30000000075],[403569.4571999982,132665.76159999892],[403572.27229999751,132666.26889999956],[403573.36230000108,132666.48169999942],[403574.91420000046,132666.77639999986],[403579.33550000191,132667.62629999965],[403583.79950000346,132668.53759999946],[403588.25320000201,132669.49069999903],[403592.69659999758,132670.4952000007],[403597.12960000336,132671.54149999842],[403601.55629999936,132672.64020000026],[403605.95820000023,132673.77959999815],[403610.3601000011,132674.97060000151],[403614.72980000079,132676.19990000129],[403619.14249999821,132677.48690000176],[403625.08630000055,132679.33109999821],[403630.89389999956,132681.12420000136],[403636.7126000002,132682.91070000082],[403642.54259999841,132684.70069999993],[403648.36140000075,132686.48730000108],[403654.17679999769,132688.26280000061],[403660.01680000126,132690.0428000018],[403665.83550000191,132691.81929999962],[403671.65730000287,132693.58379999921],[403676.68890000135,132695.10610000044],[403677.22940000147,132695.26460000128],[403680.24239999801,132696.08700000122],[403683.49859999865,132697.04170000181],[403686.71140000224,132698.04080000147],[403687.98560000211,132698.45729999989],[403689.97540000081,132699.12159999833],[403693.17580000311,132700.24969999865],[403694.59440000355,132700.77650000155],[403696.34329999983,132701.42839999869],[403698.98569999635,132702.46339999884],[403699.33669999987,132702.5998999998],[403699.6521999985,132702.72679999843],[403702.6494999975,132703.97230000049],[403705.74599999934,132705.31529999897],[403708.72510000318,132706.67269999906],[403709.31930000335,132706.95969999954],[403710.22649999708,132707.42280000076],[403712.12820000201,132708.37359999865],[403712.49310000241,132708.56230000034],[403715.37309999764,132710.10229999945],[403715.73219999671,132710.30070000142],[403718.60610000044,132711.940200001],[403718.89109999686,132712.10790000111],[403721.69110000134,132713.79789999872],[403722.02579999715,132714.00589999929],[403724.77579999715,132715.76590000093],[403725.10580000281,132715.98330000043],[403727.80579999834,132717.81329999864],[403728.10859999806,132718.02400000021],[403730.76860000193,132719.92399999872],[403731.11580000073,132720.17960000038],[403733.72580000013,132722.15960000083],[403734.00230000168,132722.37460000068],[403736.5522999987,132724.40459999815],[403736.88830000162,132724.68010000139],[403738.08389999717,132725.69619999826],[403739.34089999646,132726.75019999966],[403741.99229999632,132728.96810000017],[403742.94889999926,132729.51729999855],[403745.87550000101,132730.8759999983],[403749.6120999977,132732.5634999983],[403766.09290000051,132739.53620000184],[403768.18286261166,132740.62109566623],[403770.07728389808,132742.01970580075],[403771.72947650478,132743.69756214417],[403773.09872271854,132745.61331450936],[403774.15127794183,132747.7197498444],[403774.86120231653,132749.96495578173],[403775.21100000292,132752.29360000044],[403775.97089999914,132763.04930000007],[403776.65730000287,132766.309799999],[403778.89670000225,132773.84250000119],[403780.01250000298,132775.99949999899],[403804.41839999706,132818.42410000041],[403813.07649999857,132833.8209999986],[403823.72110000253,132852.77149999887],[403824.86540000141,132854.79969999939],[403825.99560000002,132856.70699999854],[403827.14750000089,132858.57440000027],[403828.35570000112,132860.4263000004],[403829.5727000013,132862.23449999839],[403830.84610000253,132864.01379999891],[403832.15709999949,132865.7910999991],[403833.48939999938,132867.50409999862],[403834.89379999787,132869.23739999905],[403836.42379999906,132871.06190000102],[403836.73129999638,132871.44099999964],[403839.54349999875,132875.02540000156],[403842.32609999925,132878.36259999871],[403845.2050999999,132881.62440000102],[403848.17480000108,132884.80350000039],[403850.83049999923,132887.48790000007],[403851.24700000137,132887.91169999912],[403854.32129999995,132890.84380000085],[403859.73650000244,132895.6185999997],[403860.92140000314,132896.62249999866],[403864.45260000229,132899.45600000024],[403867.83259999752,132902.0186999999],[403872.0428000018,132905.07299999893],[403876.29999999702,132908.00739999861],[403880.61720000207,132910.8172999993],[403885.01879999787,132913.53099999949],[403889.34600000083,132916.05249999836],[403889.56650000066,132916.17920000106],[403889.82029999793,132916.32250000164],[403893.99819999933,132918.60240000114],[403898.02709999681,132920.67969999835],[403898.61519999802,132920.98550000042],[403903.23449999839,132923.22569999844],[403906.93370000273,132924.89759999886],[403907.97070000321,132925.37269999832],[403912.86990000308,132927.4477000013],[403913.19039999694,132927.58790000156],[403927.24340000004,132933.93019999936],[403998.43639999628,132965.86070000008],[404012.42769999802,132972.22940000147],[404021.35329999775,132976.29729999974],[404028.33959999681,132979.47260000184],[404028.84920000285,132979.71119999886],[404043.40190000087,132986.35590000078],[404061.86969999969,132994.79369999841],[404090.20419999957,133007.28189999983],[404124.05359999835,133022.70289999992],[404142.60790000111,133031.10579999909],[404153.21450000256,133035.90890000015],[404164.20329999924,133040.89829999954],[404168.42819999903,133042.81049999967],[404212.17210000008,133062.71029999852],[404213.82760000229,133063.37759999931],[404214.23969999701,133063.55090000108],[404216.17970000207,133064.40089999884],[404216.68630000204,133064.63419999927],[404218.20139999688,133065.36639999971],[404218.63639999926,133065.5784999989],[404218.99369999766,133065.75869999826],[404220.87370000035,133066.73869999871],[404221.26690000296,133066.95120000094],[404223.19349999726,133068.03040000051],[404223.60180000216,133068.27079999819],[404225.40179999918,133069.37079999968],[404225.80210000277,133069.62420000136],[404227.57209999859,133070.78420000151],[404227.94720000029,133071.03819999844],[404229.67719999701,133072.24819999933],[404230.09130000323,133072.54850000143],[404231.78130000085,133073.81850000098],[404232.18349999934,133074.13159999996],[404233.9477000013,133075.55550000072],[404234.47540000081,133076.00939999893],[404246.36840000004,133086.75349999964],[404262.18259999901,133100.85410000011],[404262.67809999734,133101.31639999896],[404264.34889999777,133102.94750000164],[404275.75970000029,133114.04850000143],[404276.16149999946,133114.45450000092],[404280.25280000269,133118.75120000169],[404284.35980000347,133123.2023999989],[404288.39940000325,133127.73270000145],[404292.38120000064,133132.35379999876],[404296.25129999965,133137.00459999964],[404300.04659999907,133141.72769999877],[404303.76860000193,133146.51339999959],[404307.41350000352,133151.36969999969],[404310.97049999982,133156.28249999881],[404314.38199999928,133161.15749999881],[404318.45970000327,133167.01850000024],[404322.52629999816,133172.85350000113],[404326.58789999783,133178.68149999902],[404330.6630000025,133184.50450000167],[404334.744599998,133190.34690000117],[404337.74430000037,133194.62260000035],[404338.81620000303,133196.15049999952],[404342.90119999647,133201.96330000088],[404346.99620000273,133207.7862999998],[404351.08919999748,133213.59640000015],[404355.18569999933,133219.40139999986],[404355.49639999866,133219.85949999839],[404363.37740000337,133231.95089999959],[404368.51470000297,133239.83680000156],[404374.43620000035,133248.90900000185],[404378.70289999992,133255.46350000054],[404386.93879999965,133267.10119999945],[404391.93180000037,133271.96059999987],[404392.96069999784,133273.06819999963],[404393.8227000013,133274.20059999824],[404411.05330000073,133299.21350000054],[404432.47320000082,133329.75200000033],[404450.56849999726,133355.27540000156],[404468.14440000057,133380.3321999982],[404481.58529999852,133399.53350000083],[404487.16759999841,133405.0645999983],[404488.10069999844,133406.07820000127],[404488.70409999788,133406.84690000117],[404507.35409999639,133432.26689999923],[404507.75609999895,133432.84259999916],[404509.4170999974,133435.34400000051],[404515.33850000054,133444.26619999856],[404522.31930000335,133454.7873999998],[404523.87269999832,133457.12900000066],[404525.19640000165,133458.69830000028],[404527.06570000201,133460.86169999838],[404528.93879999965,133462.98900000006],[404530.8470999971,133465.09560000151],[404532.78339999914,133467.20279999822],[404534.72240000218,133469.25420000032],[404536.71580000222,133471.31439999864],[404538.70820000023,133473.34459999949],[404540.70149999857,133475.31920000166],[404542.28620000184,133476.84549999982],[404550.76349999756,133483.59540000185],[404551.06180000305,133483.83929999918],[404552.1529000029,133484.85119999945],[404553.74099999666,133486.47780000046],[404555.33139999956,133488.06819999963],[404556.95560000092,133489.6827000007],[404558.54919999838,133491.24780000001],[404560.17549999803,133492.81670000032],[404561.815200001,133494.37970000133],[404563.4523999989,133495.92170000076],[404565.13480000198,133497.47769999877],[404566.80129999667,133499.01889999956],[404568.45600000024,133500.51300000027],[404571.55839999765,133503.29129999876],[404574.63440000266,133506.00829999894],[404577.72160000354,133508.68059999868],[404580.84260000288,133511.32820000127],[404584.005400002,133513.96550000086],[404587.17890000343,133516.56819999963],[404590.36150000244,133519.13170000166],[404593.58820000291,133521.68010000139],[404596.8200000003,133524.18620000035],[404600.10930000246,133526.69460000098],[404608.89819999784,133533.30350000039],[404617.28010000288,133539.35869999975],[404623.0530000031,133543.36499999836],[404625.25649999827,133544.84860000014],[404628.90890000015,133547.30779999867],[404634.83399999887,133551.1799999997],[404640.78190000355,133554.94830000028],[404646.80370000005,133558.63910000026],[404652.8769999966,133562.25389999896],[404659.00890000165,133565.78139999881],[404666.12719999999,133569.75989999995],[404673.28679999709,133573.61659999937],[404680.51110000163,133577.3599999994],[404687.79079999775,133580.99500000104],[404689.23730000108,133581.6884999983],[404695.11710000038,133584.50780000165],[404702.51510000229,133587.90060000122],[404709.97240000218,133591.19110000134],[404717.45629999787,133594.35550000146],[404724.9905000031,133597.39440000057],[404732.64869999886,133600.34589999914],[404738.17539999634,133602.43180000037],[404743.70620000362,133604.44040000066],[404749.24469999969,133606.37350000069],[404754.81490000337,133608.23350000009],[404760.4103000015,133610.02749999985],[404766.03329999745,133611.75319999829],[404771.70019999892,133613.41539999843],[404780.23879999667,133615.75539999828],[404783.00159999728,133616.48900000006],[404788.91960000247,133617.98250000179],[404824.30349999666,133627.24720000103],[404866.60819999874,133638.09329999983],[404872.63239999861,133639.64919999987],[404884.45889999717,133642.66319999844],[404904.88679999858,133647.85269999877],[404923.59889999777,133652.61580000073],[404927.9905000031,133653.73970000073],[404929.07980000228,133654.03130000085],[404940.84669999778,133657.24850000069],[404965.61980000138,133663.59340000153],[404995.98269999772,133671.23680000007],[405036.92180000246,133681.84820000082],[405043.27419999987,133683.49480000138],[405061.44030000269,133688.1512000002],[405071.1854000017,133690.65740000084],[405082.73129999638,133693.60889999941],[405100.7031000033,133698.21979999915],[405137.62009999901,133707.88369999826],[405149.49989999831,133710.90480000153],[405162.55550000072,133714.2248999998],[405166.93259999901,133715.34349999949],[405171.08169999719,133716.4039000012],[405177.53989999741,133718.04120000079],[405181.34910000116,133719.03130000085],[405185.12439999729,133720.01000000164],[405188.90439999849,133720.98999999836],[405192.70709999651,133721.97599999979],[405196.49509999901,133722.97069999948],[405200.2751000002,133723.96070000157],[405204.04510000348,133724.95069999993],[405207.84309999645,133725.94539999962],[405211.63579999655,133726.9514000006],[405215.40579999983,133727.9514000006],[405216.22039999813,133728.1922999993],[405219.89570000023,133729.39400000125],[405223.62780000269,133730.65210000053],[405227.34369999915,133731.94929999858],[405231.05020000041,133733.27840000018],[405234.74639999866,133734.65260000154],[405238.42040000111,133736.05389999971],[405242.10769999772,133737.50589999929],[405245.75720000267,133738.99240000173],[405249.372299999,133740.50050000101],[405252.91969999671,133742.01469999924],[405253.41700000316,133742.23770000041],[405258.27480000257,133744.52459999919],[405263.2052000016,133746.9327000007],[405268.08299999684,133749.4076000005],[405272.9123999998,133751.93629999831],[405277.73659999669,133754.54170000181],[405281.0503000021,133756.40190000087],[405282.37460000068,133757.13760000095],[405282.5978000015,133757.26410000026],[405287.24300000072,133759.9541000016],[405291.00569999963,133762.19269999862],[405291.99440000206,133762.79250000045],[405296.51780000329,133765.57899999991],[405296.85069999844,133765.79019999877],[405319.9897999987,133780.89860000089],[405368.4924999997,133810.72100000083],[405370.59199713188,133812.27941017508],[405372.38898328703,133814.17871826945],[405373.82885801222,133816.36121483418],[405374.86787149223,133818.76058589088],[405375.4744538641,133821.30392784692],[405375.63017445034,133823.91396263181],[405375.33030176512,133826.51138574941],[405374.58394727786,133829.01727590236],[405373.41378856625,133831.35549297289],[405371.85538027022,133833.45499149922],[405369.9560737834,133835.25197935352],[405367.77357850684,133836.69185603119],[405365.37420837965,133837.73087165767],[405362.83086696622,133838.33745630481],[405360.22083232069,133838.493179226],[405357.6234089348,133838.19330886446],[405355.11751811416,133837.44695661898],[405352.77929999679,133836.27679999918],[405304.10390000045,133806.34820000082],[405303.75980000198,133806.13010000065],[405280.61509999633,133791.01799999923],[405276.34220000356,133788.38569999859],[405275.55449999869,133787.90769999847],[405272.05550000072,133785.82569999993],[405267.69089999795,133783.29879999906],[405266.4245999977,133782.59519999847],[405263.26299999654,133780.81929999962],[405258.82970000058,133778.42550000176],[405254.33129999787,133776.07009999827],[405249.83619999886,133773.7890000008],[405245.30870000273,133771.57789999992],[405240.8879000023,133769.49749999866],[405237.70849999785,133768.14020000026],[405234.3294999972,133766.73059999943],[405230.94690000266,133765.35249999911],[405227.58100000024,133764.0271999985],[405224.17379999906,133762.72780000046],[405220.77009999752,133761.46220000088],[405217.3342999965,133760.2303000018],[405213.88639999926,133759.02639999986],[405210.45220000297,133757.86890000105],[405207.30250000209,133756.83940000087],[405203.94420000166,133755.94860000163],[405200.20690000057,133754.95729999989],[405196.43490000069,133753.96939999983],[405192.66489999741,133752.97940000147],[405188.88490000367,133751.98939999938],[405185.14899999648,133751.00829999894],[405181.37560000271,133750.03000000119],[405177.59560000151,133749.05000000075],[405173.81090000272,133748.06879999861],[405170.08540000021,133747.10029999912],[405163.6799999997,133745.4765000008],[405159.50429999828,133744.40929999948],[405155.14450000226,133743.29509999976],[405142.10610000044,133739.97940000147],[405130.13229999691,133736.93420000002],[405093.19590000063,133727.26529999822],[405075.28869999945,133722.67110000178],[405063.7444999963,133719.71999999881],[405053.97980000079,133717.20879999921],[405035.78589999676,133712.54520000145],[405029.39429999888,133710.88850000128],[404988.5495999977,133700.30139999837],[404958.22829999775,133692.66860000044],[404933.17109999806,133686.25],[404921.24849999696,133682.99109999835],[404920.38300000131,133682.75910000131],[404916.18119999766,133681.68430000171],[404897.49329999834,133676.92740000039],[404877.06120000035,133671.73680000007],[404865.18230000138,133668.70939999819],[404859.13189999759,133667.14680000022],[404816.78769999743,133656.29050000012],[404781.45369999856,133647.03869999945],[404775.48049999774,133645.53099999949],[404772.43259999901,133644.72199999914],[404763.79990000278,133642.35680000111],[404763.31149999797,133642.22170000151],[404757.40529999882,133640.48580000177],[404751.42970000207,133638.65190000087],[404745.48480000347,133636.74579999968],[404739.55309999734,133634.7650000006],[404733.63840000331,133632.70059999824],[404727.78760000318,133630.57609999925],[404721.9544999972,133628.37510000169],[404713.98740000278,133625.30380000174],[404706.00370000303,133622.08339999989],[404698.07140000165,133618.72960000113],[404690.20579999685,133615.25899999961],[404682.38099999726,133611.67009999976],[404676.26720000058,133608.73990000039],[404674.60710000247,133607.94289999828],[404666.90900000185,133604.09910000116],[404659.27269999683,133600.14209999889],[404651.69420000166,133596.059799999],[404644.21109999716,133591.87790000066],[404637.74939999729,133588.16070000082],[404631.2949000001,133584.31929999962],[404624.91700000316,133580.41000000015],[404618.59319999814,133576.40370000154],[404612.32819999754,133572.30950000137],[404608.50140000135,133569.73369999975],[404606.12520000339,133568.13289999962],[404599.94200000167,133563.84120000154],[404591.10059999675,133557.45389999822],[404581.9944999963,133550.60810000077],[404578.53610000014,133547.97049999982],[404575.09560000151,133545.30249999836],[404571.65690000355,133542.58659999818],[404568.25940000266,133539.85009999946],[404564.88090000302,133537.07939999923],[404561.53949999809,133534.29329999909],[404558.1996999979,133531.46000000089],[404554.88629999757,133528.59180000052],[404551.62139999866,133525.70820000023],[404548.40049999952,133522.82380000129],[404546.56159999967,133521.16299999878],[404544.76519999653,133519.50230000168],[404542.98539999872,133517.85579999909],[404541.18299999833,133516.15839999914],[404539.40799999982,133514.46649999917],[404537.62749999762,133512.74859999865],[404535.86739999801,133511.02010000125],[404534.14940000325,133509.3125],[404532.40030000359,133507.56269999966],[404531.34279999882,133506.48039999977],[404523.04649999738,133499.87460000068],[404522.74819999933,133499.63069999963],[404521.9843999967,133498.9439000003],[404519.73889999837,133496.78009999916],[404517.44879999757,133494.51139999926],[404515.22730000317,133492.24850000069],[404513.03959999979,133489.98710000142],[404510.8369999975,133487.65659999847],[404508.68900000304,133485.31980000064],[404506.56260000169,133482.97150000185],[404504.45610000193,133480.57990000024],[404502.38199999928,133478.17909999937],[404500.37169999629,133475.7965000011],[404499.35040000081,133474.43219999969],[404497.32069999725,133471.37269999832],[404490.34149999917,133460.85390000045],[404484.42300000042,133451.93600000069],[404482.95809999853,133449.72989999875],[404465.21419999748,133425.5449000001],[404459.51240000129,133419.89539999887],[404458.57930000126,133418.88179999962],[404457.78149999678,133417.84189999849],[404443.57569999993,133397.54789999872],[404426.04590000212,133372.55669999868],[404407.95149999857,133347.03449999914],[404386.42350000143,133316.34149999917],[404369.95279999822,133292.43219999969],[404365.02820000052,133287.63940000162],[404363.99930000305,133286.53180000186],[404363.24589999765,133285.5549999997],[404354.04590000212,133272.5549999997],[404353.71880000085,133272.07330000028],[404349.30390000343,133265.29100000113],[404343.38530000299,133256.22320000082],[404338.24270000309,133248.3291000016],[404330.5156000033,133236.47370000184],[404326.57079999894,133230.88369999826],[404322.46379999816,133225.05380000174],[404318.35890000314,133219.21669999883],[404314.26389999688,133213.38960000128],[404313.18509999663,133211.85179999843],[404310.16210000217,133207.54270000011],[404306.07710000128,133201.69559999928],[404301.99210000038,133195.85850000009],[404297.91369999945,133190.00649999827],[404293.8403000012,133184.16160000116],[404289.7880000025,133178.33689999953],[404286.52929999679,133173.67889999971],[404283.26389999688,133169.16860000044],[404279.93150000274,133164.72850000113],[404276.51389999688,133160.33449999988],[404273.02870000154,133155.99709999934],[404269.46790000051,133151.71849999949],[404265.84420000017,133147.51309999824],[404262.13769999892,133143.35640000179],[404258.36850000173,133139.27149999887],[404254.63459999859,133135.35139999911],[404243.41110000014,133124.43259999901],[404241.96429999918,133123.02019999921],[404226.32699999958,133109.07730000094],[404214.67670000345,133098.55260000005],[404213.55539999902,133097.64869999886],[404212.27350000292,133096.6854000017],[404210.93829999864,133095.75149999931],[404209.55610000342,133094.84569999948],[404208.20300000161,133094.01880000159],[404206.80889999866,133093.23840000108],[404205.19829999655,133092.40239999816],[404203.8852000013,133091.76729999855],[404202.40550000221,133091.11899999902],[404200.65240000188,133090.4123999998],[404200.04879999906,133090.15359999985],[404156.03190000355,133070.12959999964],[404151.81679999828,133068.22179999948],[404140.82549999654,133063.23119999841],[404130.23210000247,133058.43420000002],[404111.64649999887,133050.01709999889],[404077.93840000033,133034.65989999846],[404049.58850000054,133022.16479999945],[404030.93810000271,133013.64420000091],[404016.23809999973,133006.93180000037],[404015.76039999723,133006.70800000057],[404008.92679999769,133003.60269999877],[403999.99239999801,132999.53069999814],[403986.09250000119,132993.20340000093],[403914.93559999764,132961.28929999843],[403901.01009999961,132955.00450000167],[403896.07010000199,132952.91230000183],[403895.67019999772,132952.73600000143],[403894.49669999629,132952.19819999859],[403890.69240000099,132950.47879999876],[403890.32460000366,132950.30660000071],[403885.33460000157,132947.88659999892],[403884.95970000327,132947.69830000028],[403884.22709999979,132947.3172999993],[403880.08609999716,132945.18230000138],[403879.75829999894,132945.00809999928],[403874.89829999954,132942.34809999913],[403874.60000000149,132942.18039999902],[403874.30129999667,132942.00360000134],[403869.7696999982,132939.36699999869],[403869.43800000101,132939.16840000078],[403864.71800000221,132936.25840000063],[403864.4076000005,132936.06170000136],[403859.7675999999,132933.04170000181],[403859.43720000237,132932.82039999962],[403854.86720000207,132929.67040000111],[403854.57190000266,132929.46159999818],[403849.9654000029,132926.11769999936],[403846.38939999789,132923.40909999982],[403845.98990000039,132923.10429999977],[403845.69280000031,132922.87150000036],[403841.9728000015,132919.88149999827],[403841.70099999756,132919.65780000016],[403840.12169999629,132918.31789999828],[403834.25959999859,132913.15100000054],[403833.82729999721,132912.75459999964],[403830.36729999632,132909.45459999889],[403830.02250000089,132909.11490000039],[403829.47259999812,132908.55539999902],[403826.69659999758,132905.74949999899],[403826.39829999954,132905.43919999897],[403823.13830000162,132901.94920000061],[403822.85429999977,132901.63639999926],[403819.69430000335,132898.05640000105],[403819.43429999799,132897.75389999896],[403816.35930000246,132894.06590000167],[403816.07869999856,132893.71900000051],[403813.27979999781,132890.15150000155],[403811.74589999765,132888.32059999928],[403809.99260000139,132886.15610000119],[403808.35970000178,132884.05909999833],[403808.12870000303,132883.75409999862],[403806.5754000023,132881.64699999988],[403805.05210000277,132879.51990000159],[403804.80619999766,132879.16560000181],[403803.34660000354,132876.99570000172],[403801.91700000316,132874.80579999834],[403801.71329999715,132874.48479999974],[403800.32450000197,132872.23090000078],[403798.97559999675,132869.95699999854],[403798.85279999673,132869.74549999833],[403797.57900000364,132867.48860000074],[403786.92360000312,132848.51900000125],[403778.34139999747,132833.25629999861],[403753.84149999917,132790.66899999976],[403753.5204000026,132790.08080000058],[403751.59939999878,132786.36710000038],[403750.82710000128,132784.60570000112],[403750.54439999908,132783.74980000034],[403747.72709999979,132774.27309999987],[403747.42700000107,132773.08889999986],[403746.40250000358,132768.22260000184],[403746.30860000104,132767.73710000142],[403746.11800000072,132766.18950000033],[403745.93379999697,132763.58179999888],[403737.75569999963,132760.12180000171],[403737.42650000006,132759.97789999843],[403733.3852000013,132758.15239999816],[403729.7282000035,132756.45499999821],[403728.57649999857,132755.8583999984],[403725.89599999785,132754.31960000098],[403723.75569999963,132752.82530000061],[403720.07909999788,132749.74980000034],[403718.7453000024,132748.6314000003],[403717.67779999971,132747.72430000082],[403715.45759999752,132745.95679999888],[403713.15559999645,132744.21040000021],[403710.82119999826,132742.54300000146],[403708.43840000033,132740.92799999937],[403706.01850000024,132739.37929999828],[403703.54860000312,132737.88850000128],[403701.04659999907,132736.46130000055],[403698.52690000087,132735.11400000006],[403696.69629999995,132734.19839999825],[403695.9748999998,132733.83049999923],[403693.55370000005,132732.72610000148],[403690.92639999837,132731.58689999953],[403688.15820000321,132730.44139999896],[403685.63509999961,132729.45219999924],[403684.13430000097,132728.89389999956],[403682.94690000266,132728.45230000094],[403680.24239999801,132727.49879999831],[403678.5896999985,132726.94790000096],[403677.58860000223,132726.62009999901],[403674.81710000336,132725.75809999928],[403672.08060000092,132724.95540000126],[403669.06759999692,132724.13309999928],[403668.11710000038,132723.85539999977],[403662.9627000019,132722.29630000144],[403657.10450000316,132720.52070000023],[403651.26330000162,132718.73730000108],[403645.42329999804,132716.95729999989],[403639.57859999686,132715.17280000076],[403633.73740000278,132713.37929999828],[403627.90739999712,132711.58929999918],[403622.06620000303,132709.7958999984],[403616.21369999647,132707.98900000006],[403610.49899999797,132706.21480000019],[403606.46819999814,132705.03990000114],[403602.37799999863,132703.88929999992],[403598.28230000287,132702.78099999949],[403594.18029999733,132701.71930000186],[403590.07109999657,132700.69920000061],[403585.94810000062,132699.72630000114],[403581.80170000345,132698.78869999945],[403577.66390000284,132697.90340000018],[403573.50580000132,132697.05449999869],[403569.27199999988,132696.24100000039],[403567.67790000141,132695.93820000067],[403566.73110000044,132695.752700001],[403564.33959999681,132695.32200000063],[403561.89379999787,132694.91910000145],[403559.45269999653,132694.53709999844],[403557.00169999897,132694.19099999964],[403556.4598999992,132694.11879999936],[403554.54159999639,132693.86360000074],[403552.10499999672,132693.5764000006],[403549.62439999729,132693.31230000034],[403547.13759999722,132693.06740000099],[403546.09669999778,132692.97920000181],[403544.5345999971,132692.85009999946],[403535.91969999671,132692.0186999999],[403527.42230000347,132691.17700000107],[403518.92440000176,132690.33630000055],[403510.42570000142,132689.48539999872],[403501.91740000248,132688.63360000029],[403493.42000000179,132687.76179999858],[403484.92130000144,132686.89090000093],[403476.43259999901,132686.01000000164],[403467.92989999801,132685.1286999993],[403463.54670000076,132684.66620000079],[403459.47269999981,132684.23110000044],[403455.19870000333,132683.80669999868],[403446.37120000273,132682.93789999932],[403437.68060000241,132682.08280000091],[403436.1270999983,132681.91939999908],[403427.11270000041,132680.99100000039],[403419.64329999685,132680.2210999988],[403415.90540000051,132679.83639999852],[403380.0773999989,132676.36450000107],[403349.66080000252,132673.18710000068],[403349.0876000002,132673.13340000063],[403340.99340000004,132672.3610999994],[403332.94720000029,132671.58040000126],[403332.12740000337,132671.50140000135],[403319.92949999869,132670.34129999951],[403297.4782000035,132667.86989999935],[403296.80160000175,132667.77969999984],[403293.54159999639,132667.2696999982],[403293.17440000176,132667.20740000159],[403289.84340000153,132666.58280000091],[403289.43249999732,132666.49969999865],[403286.2025000006,132665.79960000142],[403285.78480000049,132665.70279999822],[403282.58479999751,132664.91279999912],[403282.1371999979,132664.7949000001],[403278.9571999982,132663.9048999995],[403278.47909999639,132663.76249999925],[403276.76039999723,132663.21920000017],[403275.38170000166,132662.7890000008],[403274.94330000132,132662.64479999989],[403271.82329999655,132661.56480000168],[403271.49870000035,132661.44779999927],[403268.34769999981,132660.25019999966],[403267.97779999673,132660.10390000045],[403264.88780000061,132658.8339000009],[403264.43450000137,132658.63879999891],[403261.98349999636,132657.53559999913],[403261.3451000005,132657.24280000106],[403205.34290000051,132631.7239000015],[403202.64580000192,132630.45829999819],[403195.61909999698,132627.15980000049],[403188.04540000111,132623.60869999975],[403187.75249999762,132623.46999999881],[403168.28209999949,132614.66050000116],[403135.78040000051,132599.75600000098],[403134.43940000236,132599.1409999989],[403099.69150000066,132583.15740000084],[403099.27019999921,132582.95560000092],[403068.75829999894,132567.69839999825],[403067.20000000298,132566.97549999878],[403066.40429999679,132566.56179999933],[403050.96660000086,132558.82550000027],[403041.1745999977,132554.122299999],[403038.20560000092,132552.75189999864],[403037.7023999989,132552.50820000097],[403027.35300000012,132547.25499999896],[403013.49780000001,132540.3889000006],[403009.65990000218,132538.48680000007],[402989.9151000008,132528.91209999844],[402965.89869999886,132517.07809999958],[402962.95260000229,132515.75560000166],[402935.69030000269,132503.51819999889],[402929.26579999924,132500.63430000097],[402905.06759999692,132489.8013000004],[402885.44839999825,132480.57009999827],[402884.70489999652,132480.19469999894],[402864.86559999734,132469.47509999946],[402856.27250000089,132464.83210000023],[402855.90299999714,132464.62570000067],[402855.29159999639,132464.25290000066],[402845.66130000353,132458.06190000102],[402844.49239999801,132457.22890000045],[402826.14890000224,132442.78350000083],[402825.7873999998,132442.48959999904],[402825.48839999735,132442.23189999908],[402799.56610000134,132419.29160000011],[402793.3628000021,132413.77769999951],[402792.0244999975,132412.42700000107],[402782.53000000119,132401.54089999944],[402781.73040000349,132400.52120000124],[402758.06329999864,132367.46150000021],[402757.76900000125,132367.03500000015],[402755.29309999943,132363.31129999831],[402749.02970000356,132353.91110000014],[402748.00599999726,132352.36070000008],[402742.79519999772,132344.54450000077],[402738.00079999864,132337.33790000156],[402736.55380000174,132335.1623999998],[402730.31229999661,132325.79509999976],[402724.0522999987,132316.42509999871],[402717.79720000178,132307.0373999998],[402711.5522999987,132297.6651000008],[402705.28850000352,132288.28929999843],[402681.81819999963,132252.99379999936],[402659.32299999893,132219.14119999856],[402652.1080000028,132208.31859999895],[402632.16309999675,132178.38149999827],[402594.19810000062,132126.34820000082],[402592.95570238138,132124.3272481329],[402592.04750991333,132122.13567683863],[402591.49624501669,132119.82831789157],[402591.31570000201,132117.46290000156],[402591.42710000277,132098.52100000158],[402591.64150000364,132062.08350000158],[402591.76950000226,132040.34160000086],[402591.46100000292,132012.34800000116],[402591.34099999815,132001.79529999942],[402591.23110000044,131991.49680000171],[402591.21069999784,131989.89519999921],[402591.04999999702,131947.58350000158],[402591.06000000238,131938.5278000012],[402590.97339999676,131923.6297999993],[402591.13000000268,131899.42880000174],[402591.13000000268,131896.87409999967],[402591.0923999995,131889.29320000112],[402590.95009999722,131860.59730000049],[402590.95019999892,131860.1959999986],[402591.03040000051,131849.03979999945],[402591.10000000149,131839.7509999983],[402591.10000000149,131839.11360000074],[402591.02000000328,131816.17570000142],[402591.03830000013,131762.98829999939],[402591.03999999911,131758.01579999924],[402590.84009999782,131704.0278000012],[402590.85830000043,131703.25829999894],[402590.95780000091,131701.25],[402591.14720000327,131697.29839999974],[402591.11309999973,131692.83309999853],[402590.74870000035,131686.1138000004],[402590.34560000151,131682.76639999822],[402590.09329999983,131680.63089999929],[402589.12749999762,131675.14079999924],[402587.86289999634,131669.70740000159],[402587.34529999644,131667.92799999937],[402586.30139999837,131664.37339999899],[402585.71980000287,131662.72540000081],[402584.43800000101,131659.11459999904],[402582.32150000334,131654.03009999916],[402581.93860000372,131653.25670000166],[402579.70409999788,131648.63809999824],[402577.60019999743,131644.38410000131],[402575.41759999841,131640.41499999911],[402573.0746999979,131636.52490000054],[402570.5775000006,131632.73050000146],[402567.93590000272,131629.05000000075],[402565.14299999923,131625.48169999942],[402562.20820000023,131622.02699999884],[402559.13970000297,131618.7034999989],[402555.92430000007,131615.49689999968],[402552.74329999834,131612.56260000169],[402542.60549999774,131604.36950000003],[402529.51129999757,131593.79419999942],[402527.46829999983,131592.1473999992],[402507.10220000148,131575.50780000165],[402505.94870000333,131574.56529999897],[402479.88750000298,131553.26689999923],[402477.10270000249,131551.10819999874],[402474.1772999987,131548.80270000175],[402471.35220000148,131546.57800000161],[402468.61429999769,131544.45589999855],[402465.96090000123,131542.47269999981],[402463.30059999973,131540.59800000116],[402461.15649999678,131539.16560000181],[402458.93460000306,131537.72129999846],[402456.66939999908,131536.29850000143],[402454.36089999974,131534.87939999998],[402452.04439999908,131533.48950000107],[402449.67509999871,131532.09860000014],[402447.18990000337,131530.65769999847],[402444.73110000044,131529.25679999962],[402442.29110000283,131527.90540000051],[402439.84899999946,131526.59120000154],[402437.43450000137,131525.33819999918],[402434.98409999907,131524.12220000103],[402432.66690000147,131523.01359999925],[402430.3078000024,131521.9395999983],[402427.91499999911,131520.88639999926],[402425.47590000182,131519.8583999984],[402422.91579999775,131518.80310000107],[402421.36599999666,131518.1699000001],[402420.50129999965,131517.82589999959],[402417.8022999987,131516.76929999888],[402415.09520000219,131515.74579999968],[402412.43890000135,131514.7602000013],[402409.79869999737,131513.83379999921],[402408.13589999825,131513.27309999987],[402407.10899999738,131512.92190000042],[402404.43680000305,131512.06819999963],[402402.5428000018,131511.48050000146],[402400.62250000238,131510.90900000185],[402400.15110000223,131510.77189999819],[402398.7424999997,131510.36809999868],[402396.82150000334,131509.83399999887],[402394.92750000209,131509.33069999889],[402393.03209999949,131508.85229999945],[402390.92890000343,131508.34490000084],[402388.83330000192,131507.86699999869],[402386.70709999651,131507.41209999844],[402384.53830000013,131506.96889999881],[402382.35649999976,131506.54199999943],[402380.20139999688,131506.13910000026],[402377.8069999963,131505.71709999815],[402375.39869999886,131505.34019999951],[402374.502700001,131505.20820000023],[402372.87189999968,131504.96550000086],[402370.29640000314,131504.60319999978],[402367.64880000055,131504.22920000181],[402364.9728000015,131503.84259999916],[402360.08990000188,131503.122299999],[402356.6147999987,131502.62379999831],[402355.25039999932,131502.42810000107],[402350.3702000007,131501.72800000012],[402345.48390000314,131501.02710000053],[402341.5773999989,131500.46339999884],[402340.6344999969,131500.33289999887],[402335.69129999727,131499.62180000171],[402328.91470000148,131498.64440000057],[402327.61039999872,131498.45369999856],[402322.1576000005,131497.66770000011],[402319.98070000112,131497.35619999841],[402315.37560000271,131496.69739999995],[402308.64919999987,131495.72569999844],[402301.80629999936,131494.73600000143],[402299.50789999962,131494.40630000085],[402295.01619999856,131493.75459999964],[402294.56530000269,131493.68210000172],[402294.17300000042,131493.60759999976],[402290.59269999713,131492.87750000134],[402274.95229999721,131489.68739999831],[402274.58730000257,131489.60819999874],[402266.18450000137,131487.67529999837],[402260.65160000324,131486.39229999855],[402259.47070000321,131486.06709999964],[402246.42660000175,131481.89539999887],[402245.133100003,131481.48770000041],[402234.34279999882,131477.98849999905],[402224.04519999772,131474.64930000156],[402221.7872999981,131473.91649999842],[402200.31549999863,131466.52589999884],[402195.13700000197,131464.74980000034],[402179.41170000285,131459.36459999904],[402159.46819999814,131452.4765000008],[402159.20329999924,131452.38479999825],[402158.88899999857,131452.27169999853],[402148.86819999665,131448.47800000012],[402135.56229999661,131443.4395999983],[402133.47640000284,131442.6510999985],[402132.68219999969,131442.32459999993],[402119.5121999979,131436.4646999985],[402119.09210000187,131436.26999999955],[402112.442900002,131433.06109999865],[402105.72290000319,131429.69570000097],[402099.05430000275,131426.21709999815],[402092.45560000092,131422.64959999919],[402085.88019999862,131418.96310000122],[402079.40690000355,131415.19619999826],[402075.51630000025,131412.8526000008],[402072.98430000246,131411.32999999821],[402066.60230000317,131407.34430000186],[402060.29810000211,131403.27879999951],[402054.13530000299,131399.16120000184],[402053.79529999942,131398.92720000073],[402047.61400000006,131394.54410000145],[402041.37839999795,131389.96550000086],[402035.24369999766,131385.27969999984],[402029.18680000305,131380.50400000066],[402023.19099999964,131375.59769999981],[402017.31210000068,131370.62559999898],[402011.50379999727,131365.53189999983],[402005.7893999964,131360.34479999915],[402000.15789999813,131355.06469999999],[401994.70489999652,131349.75629999861],[401994.42350000143,131349.47480000183],[401989.1400000006,131344.04769999906],[401983.84459999949,131338.43129999936],[401978.64699999988,131332.71620000154],[401973.56210000068,131326.92870000005],[401968.57389999926,131321.06280000135],[401963.67270000279,131315.08419999853],[401958.89150000364,131309.05350000039],[401954.1950000003,131302.92889999971],[401949.61079999804,131296.72040000185],[401945.94169999659,131291.57880000025],[401945.16650000215,131290.49139999971],[401942.02049999684,131285.9888000004],[401938.9253000021,131281.41380000114],[401935.90330000222,131276.80330000073],[401932.93770000339,131272.1512000002],[401930.03429999948,131267.43079999834],[401927.20149999857,131262.66440000013],[401924.46930000186,131257.93149999902],[401921.77419999987,131253.11320000142],[401919.14019999653,131248.23160000145],[401916.5754000023,131243.27980000153],[401900.3927000016,131210.50140000135],[401889.42230000347,131191.45729999989],[401884.95189999789,131183.69660000131],[401880.58579999954,131176.11540000141],[401880.3770999983,131175.76000000164],[401877.20109999925,131170.75719999894],[401873.85580000281,131165.69610000029],[401870.42339999974,131160.6911999993],[401866.90359999985,131155.74240000173],[401863.3003000021,131150.86459999904],[401859.61620000005,131146.0513000004],[401855.83839999884,131141.30510000139],[401851.97420000285,131136.60460000113],[401848.04580000043,131131.98640000075],[401843.99069999903,131127.39900000021],[401839.07490000129,131121.92830000073],[401834.11519999802,131116.61219999939],[401829.04370000213,131111.36690000072],[401823.88970000297,131106.21290000156],[401822.0121999979,131104.40170000121],[401818.64490000159,131101.16090000048],[401813.31620000303,131096.19839999825],[401810.91579999775,131094.0476000011],[401807.88970000297,131091.33179999888],[401802.37489999831,131086.55110000074],[401799.00010000169,131083.72910000011],[401796.79299999774,131081.88509999961],[401791.116899997,131077.31309999898],[401790.8404000029,131077.10090000182],[401786.88019999862,131073.99350000173],[401782.62950000167,131070.75259999931],[401778.32930000126,131067.56830000132],[401773.99639999866,131064.45560000092],[401769.61940000206,131061.40610000119],[401765.18429999799,131058.40450000018],[401760.72909999639,131055.48550000042],[401756.20319999754,131052.60979999974],[401751.65770000219,131049.80370000005],[401747.06700000167,131047.06089999899],[401743.85390000045,131045.20160000026],[401740.59019999951,131043.3572999984],[401737.29569999874,131041.53130000085],[401733.98290000111,131039.72969999909],[401730.68860000372,131037.98160000145],[401727.34340000153,131036.24139999971],[401724.00029999763,131034.54580000043],[401720.64519999921,131032.87779999897],[401717.23950000107,131031.22839999944],[401713.99379999936,131029.68409999833],[401712.9496999979,131029.22580000013],[401707.40839999914,131026.77279999852],[401703.47370000184,131025.07110000029],[401700.71230000257,131023.88060000166],[401694.31059999764,131021.19040000066],[401694.03350000083,131021.07620000094],[401687.21980000287,131018.2873999998],[401680.42899999768,131015.57499999925],[401673.61919999868,131012.92570000142],[401666.79800000042,131010.34809999913],[401659.94990000129,131007.83650000021],[401653.05849999934,131005.378800001],[401645.99480000138,131002.92639999837],[401640.3925999999,131000.89629999921],[401603.14570000023,130987.39389999956],[401559.15349999815,130971.27479999885],[401512.26129999757,130953.89660000056],[401498.55849999934,130948.85669999942],[401487.80390000343,130944.89499999955],[401476.73539999872,130940.81560000032],[401469.71949999779,130938.23279999942],[401442.99949999899,130928.68780000135],[401433.14479999989,130925.17610000074],[401424.71249999851,130922.15769999847],[401424.11940000206,130921.95430000126],[401394.80860000104,130911.14299999923],[401363.13970000297,130899.45919999853],[401355.1528000012,130896.6053000018],[401346.95260000229,130893.67529999837],[401336.25819999725,130889.85370000079],[401324.94640000165,130885.80380000174],[401297.78450000286,130876.23730000108],[401289.14069999754,130873.18950000033],[401281.30539999902,130870.43760000169],[401275.56340000033,130868.40810000151],[401266.44489999861,130865.2958999984],[401257.24490000308,130862.15590000153],[401248.03559999913,130859.01280000061],[401238.83879999816,130855.86050000042],[401234.01309999824,130854.20829999819],[401229.64100000262,130852.71119999886],[401220.43869999796,130849.5604000017],[401211.24180000275,130846.40810000151],[401202.03490000218,130843.24570000172],[401192.84250000119,130840.0848999992],[401183.66160000116,130836.92799999937],[401175.23399999738,130834.04210000113],[401120.33940000087,130815.32389999926],[401119.9606000036,130815.18879999965],[401117.89940000325,130814.40929999948],[401116.15100000054,130813.815200001],[401097.88939999789,130807.78390000015],[401082.82940000296,130802.99199999869],[401063.90990000218,130796.87669999897],[401037.66430000216,130788.39209999889],[401026.71869999915,130785.37139999866],[401017.23359999806,130783.43710000068],[401016.90200000256,130783.36560000107],[401002.16870000213,130780.01229999959],[401001.78909999877,130779.92060000077],[400994.20589999855,130777.98570000008],[400990.02480000257,130776.89990000054],[400983.90110000223,130775.40949999914],[400939.20359999686,130767.73580000177],[400937.71500000358,130767.39799999818],[400924.49589999765,130763.68120000139],[400910.75630000234,130759.70360000059],[400898.30210000277,130756.96180000156],[400876.66219999641,130751.81129999831],[400873.4795999974,130751.23570000008],[400872.95859999955,130751.13190000132],[400833.3403000012,130742.50699999928],[400822.18990000337,130740.0811999999],[400813.34359999746,130738.1699000001],[400804.77929999679,130736.30889999866],[400778.46729999781,130730.6074000001],[400730.12849999964,130719.74439999834],[400720.88319999725,130717.66319999844],[400719.92310000211,130717.44669999927],[400710.35629999638,130715.36829999834],[400669.19250000268,130706.42969999835],[400664.16730000079,130705.33850000054],[400662.63690000027,130705.00620000064],[400654.25509999692,130703.1735999994],[400644.56440000236,130701.05350000039],[400603.00940000266,130691.96350000054],[400596.70589999855,130690.54390000179],[400589.81710000336,130688.99410000071],[400578.87780000269,130686.53200000152],[400571.87269999832,130684.94669999927],[400560.74090000242,130682.54360000044],[400551.67090000212,130680.59360000119],[400530.23149999976,130675.96499999985],[400508.67549999803,130671.20939999819],[400498.06350000203,130668.87889999896],[400484.48099999875,130665.87840000167],[400475.69049999863,130663.94480000064],[400467.94720000029,130662.25629999861],[400456.59149999917,130659.78500000015],[400446.95199999958,130657.67509999871],[400439.15739999712,130655.97929999977],[400412.49109999835,130650.39059999958],[400402.15150000155,130648.22069999948],[400393.13379999995,130646.3311999999],[400392.87169999629,130646.27409999818],[400364.22330000252,130640.32189999893],[400360.28119999915,130639.54529999942],[400351.86110000312,130637.87530000135],[400343.7452000007,130636.2762000002],[400325.06300000101,130632.58159999922],[400288.51510000229,130625.26579999924],[400257.0971999988,130618.70650000125],[400237.09399999678,130614.7098999992],[400230.53989999741,130613.40300000086],[400226.57349999994,130612.61939999834],[400222.72290000319,130611.92449999973],[400218.83919999748,130611.29289999977],[400214.93029999733,130610.71550000086],[400210.96710000187,130610.18899999931],[400208.35270000249,130609.86809999868],[400205.73770000041,130609.57649999857],[400203.14429999888,130609.31529999897],[400200.51139999926,130609.08879999816],[400196.53119999915,130608.77309999987],[400192.6194999963,130608.52859999985],[400188.43800000101,130608.33630000055],[400177.75079999864,130607.63809999824],[400152.74849999696,130606.003800001],[400144.14989999682,130605.54870000109],[400133.75289999694,130604.98829999939],[400124.47349999845,130604.48829999939],[400119.95139999688,130604.24469999969],[400082.73889999837,130601.93050000072],[400051.25670000166,130599.93030000106],[400041.38229999691,130599.31329999864],[400038.79686295823,130598.92340903205],[400036.31840824673,130598.09048533218],[400034.02224232373,130596.83983682016],[400031.97813290748,130595.20946375206],[400030.2481891202,130593.24890410242],[400028.88497433718,130591.01772838051],[400027.92990907765,130588.5837296137],[400027.41201246582,130586.02086349427],[400027.34702050081,130583.40700127692],[400027.73690792709,130580.82156370436],[400028.56982823316,130578.34310785233],[400029.82047360099,130576.04694021677],[400031.45084387006,130574.00282856802],[400033.41140115086,130572.27288209615],[400035.64257500606,130570.90966425792],[400038.07657246507,130569.95459566548],[400040.63943787536,130569.43669554427],[400043.25330000371,130569.37170000002]]]},"properties":{"OBJECTID":63,"ROUTEID":"13009362","FROMMEASURE":0,"TOMEASURE":6727.7730000000001,"ROUTENAME":"ALABAMA AVE SE","CORRIDORID":"13009362_1","FROMSTREET":"5TH ST SE","TOSTREET":"BOWEN RD SE/BURNS ST SE/STANLEY ST SE","LENGTH_MI":4.1795949400000003,"TIER_1":1,"TIER_2":0,"TIER_3":0,"GIS_ID":"HIN_CorridorsLn_48","SE_ANNO_CAD_DATA":null,"BUFF_DIST":15,"ORIG_FID":48,"SHAPE_Length":13547.473354271748,"SHAPE_Area":202519.0920072392}},{"type":"Feature","id":64,"geometry":{"type":"Polygon","coordinates":[[[405995.55240000039,134223.29729999974],[405997.95659384556,134223.93042985816],[406000.22318826558,134224.95197339522],[406002.28991746303,134226.33386770636],[406004.10000615416,134228.038150662],[406005.60372924723,134230.01800376823],[406006.75977784436,134232.21903832129],[406007.53639404173,134234.58078952431],[406007.91224335332,134237.03837752022],[406007.87700079259,134239.5242897119],[406007.43163451075,134241.97023540587],[406006.58837920066,134244.30902183152],[406005.37039999664,134246.47639999911],[405999.73269999772,134254.80700000003],[405999.08529999852,134255.69209999964],[405993.37690000236,134262.92599999905],[405989.31669999659,134269.36800000072],[405988.10440000147,134271.67540000007],[405987.42199999839,134273.59270000085],[405986.71450000256,134276.73680000007],[405986.42220000178,134280.74760000035],[405986.31149999797,134296.4226000011],[405986.53989999741,134331.78159999847],[405986.53429999948,134332.24309999868],[405986.3628000021,134338.46169999987],[405986.14899999648,134344.74089999869],[405985.88390000165,134351.03209999949],[405985.56780000031,134357.32389999926],[405985.20149999857,134363.59279999882],[405984.79529999942,134369.85960000008],[405984.34629999846,134376.14209999889],[405983.83640000224,134382.41620000079],[405983.33579999954,134388.09470000118],[405982.78130000085,134393.79239999875],[405982.16700000316,134399.47679999843],[405981.51299999654,134405.13769999892],[405980.80629999936,134410.81170000136],[405980.0503000021,134416.46229999885],[405979.25090000033,134422.12779999897],[405978.39050000161,134427.77320000157],[405977.49120000005,134433.40329999849],[405976.554399997,134438.94559999928],[405975.6229000017,134444.65289999917],[405974.62070000172,134450.46200000122],[405973.56679999828,134456.2639000006],[405972.45939999819,134462.07679999992],[405971.29029999673,134467.87180000171],[405970.07349999994,134473.63879999891],[405968.8049999997,134479.40839999914],[405967.48399999738,134485.16330000013],[405966.11020000279,134490.90439999849],[405964.69139999896,134496.5811999999],[405963.31369999796,134502.08040000126],[405961.86940000206,134507.63239999861],[405960.3729000017,134513.1772999987],[405958.82530000061,134518.70190000162],[405957.22630000114,134524.21629999951],[405955.57159999758,134529.72459999844],[405954.65869999677,134532.64730000123],[405953.8797999993,134535.17680000141],[405952.11659999937,134540.67289999872],[405951.08169999719,134543.7789000012],[405950.32209999859,134546.08709999919],[405948.54879999906,134551.28079999983],[405948.14339999855,134552.5764000006],[405947.31000000238,134555.22989999875],[405945.95939999819,134559.39510000125],[405944.57880000025,134563.53689999878],[405943.15709999949,134567.67859999835],[405941.69200000167,134571.8339000009],[405940.20080000162,134575.92689999938],[405938.66579999775,134580.0271999985],[405937.09520000219,134584.1185999997],[405935.47969999909,134588.19909999892],[405933.83280000091,134592.24460000172],[405928.22399999946,134605.75039999932],[405925.7928000018,134611.61100000143],[405917.54950000346,134632.05389999971],[405915.45939999819,134637.12330000103],[405909.67270000279,134651.18519999832],[405907.20359999686,134657.19299999997],[405904.83340000361,134662.95760000125],[405893.70939999819,134689.75310000032],[405891.51929999888,134695.08909999952],[405887.83810000122,134704.08199999854],[405884.90860000253,134711.21090000123],[405881.95560000092,134718.42810000107],[405870.50090000033,134746.21939999983],[405868.12359999865,134752.00279999897],[405865.74539999664,134757.78860000148],[405863.36540000141,134763.5885999985],[405860.98960000277,134769.36840000004],[405858.62550000101,134775.1539000012],[405856.24960000068,134780.96840000153],[405853.869599998,134786.75840000063],[405851.5055000037,134792.54390000179],[405849.13970000297,134798.33370000124],[405846.77300000191,134804.1501000002],[405844.87900000066,134808.75429999828],[405842.98359999806,134813.34730000049],[405841.08600000292,134817.93560000136],[405839.18060000241,134822.51850000024],[405837.27530000359,134827.10139999911],[405835.35769999772,134831.68969999999],[405833.43999999762,134836.26799999923],[405831.50909999758,134840.85379999876],[405829.57370000333,134845.42660000175],[405827.64019999653,134849.99489999935],[405827.01669999957,134851.46310000122],[405826.83820000291,134851.86670000106],[405825.15330000222,134855.53049999848],[405823.4197999984,134859.22340000048],[405821.96809999645,134862.26990000159],[405820.49379999936,134865.33130000159],[405818.97140000015,134868.41789999977],[405816.32639999688,134873.65709999949],[405813.62939999998,134878.90659999847],[405810.85480000079,134884.14660000056],[405808.02669999748,134889.34019999951],[405805.1502000019,134894.497299999],[405802.21280000359,134899.63269999996],[405799.1922999993,134904.77980000153],[405797.10960000008,134908.19750000164],[405795.05810000002,134911.52859999985],[405793.00530000031,134914.83549999818],[405790.92790000141,134918.16499999911],[405788.83049999923,134921.47430000082],[405786.75169999897,134924.73820000142],[405784.65269999951,134928.03350000083],[405782.52470000088,134931.32250000164],[405780.38620000333,134934.61129999906],[405778.26449999958,134937.82409999892],[405777.44150000066,134939.08339999989],[405771.71570000052,134947.82229999825],[405766.40789999813,134955.91890000179],[405763.01850000024,134961.09809999913],[405741.35549999774,134994.15269999951],[405719.08630000055,135028.12609999999],[405717.74379999936,135030.18459999934],[405711.3852000013,135039.93250000104],[405706.01680000126,135048.17000000179],[405697.56949999928,135061.13129999861],[405680.43720000237,135087.31720000133],[405672.17859999835,135100.6035999991],[405670.5244999975,135103.35399999842],[405668.86720000207,135106.17720000073],[405667.19030000269,135109.0604000017],[405665.59179999679,135111.85040000081],[405664.02080000192,135114.64550000057],[405662.46140000224,135117.45439999923],[405660.25999999791,135121.5177000016],[405658.08510000259,135125.61510000005],[405655.96840000153,135129.70340000093],[405653.88059999794,135133.8403000012],[405651.84220000356,135137.9748999998],[405649.83860000223,135142.15740000084],[405647.13549999893,135147.88679999858],[405644.52160000056,135153.6099999994],[405641.99629999697,135159.32829999924],[405639.53989999741,135165.1147999987],[405637.14999999851,135170.92449999973],[405634.84430000186,135176.74689999968],[405632.61079999804,135182.62200000137],[405630.44359999895,135188.52109999955],[405628.3601000011,135194.43239999935],[405626.32620000094,135200.45560000092],[405624.60719999671,135205.57800000161],[405615.76929999888,135231.91600000113],[405602.91219999641,135270.15769999847],[405596.59600000083,135289.05469999835],[405588.15169999748,135314.31909999996],[405580.19280000031,135337.97599999979],[405579.7220999971,135339.39779999852],[405574.22179999948,135355.82889999822],[405572.4721999988,135361.03770000115],[405567.7995999977,135375.01529999822],[405557.75079999864,135404.80150000006],[405556.41110000014,135408.76069999859],[405555.85750000179,135410.41149999946],[405553.01229999959,135418.84690000117],[405549.95220000297,135427.90740000084],[405544.93569999933,135442.7771999985],[405530.64930000156,135485.73620000109],[405517.34820000082,135524.94440000132],[405514.71019999683,135532.86360000074],[405509.95080000162,135547.13199999928],[405500.26539999992,135576.22800000012],[405495.75999999791,135589.63410000131],[405490.34059999883,135605.79219999909],[405488.03830000013,135612.64909999818],[405486.07339999825,135618.48889999837],[405483.51860000193,135626.09809999913],[405479.42740000039,135638.26190000027],[405473.12960000336,135656.98710000142],[405472.69169999659,135658.28889999911],[405458.70289999992,135699.55530000106],[405448.7555000037,135729.19660000131],[405448.63180000335,135729.55050000176],[405446.03899999708,135736.68059999868],[405444.74759999663,135740.76689999923],[405442.98099999875,135746.06940000132],[405442.37039999664,135748.10520000011],[405441.66579999775,135750.45129999891],[405439.15950000286,135758.42790000141],[405438.98789999634,135758.94150000066],[405432.65990000218,135776.79500000179],[405431.56665982585,135779.16628716941],[405430.0787626949,135781.31205953436],[405428.24129631749,135783.16729381241],[405426.10994138953,135784.67577088735],[405423.7492843041,135785.79177941754],[405421.23085999157,135786.48150102553],[405418.63098419848,135786.72403509528],[405416.02844089351,135786.5120321232],[405413.50209487882,135785.85191642982],[405411.12850195216,135784.76369148388],[405408.9795890383,135783.28033373767],[405407.12047458958,135781.44679334245],[405405.60749530274,135779.31863202521],[405404.48649894993,135776.9603394031],[405403.79145505448,135774.44337875623],[405403.54342551355,135771.84402147771],[405403.74992635986,135769.24103582371],[405404.40470000356,135766.71330000088],[405410.62139999866,135749.17320000008],[405412.98680000007,135741.64689999819],[405413.63570000231,135739.48440000042],[405414.31130000204,135737.2322999984],[405414.44849999994,135736.79899999872],[405416.21100000292,135731.51150000095],[405417.52820000052,135727.3403000012],[405417.7351000011,135726.73099999875],[405420.37399999797,135719.47399999946],[405430.27669999748,135689.96609999985],[405444.26550000161,135648.69929999858],[405444.69489999861,135647.42320000008],[405450.99270000309,135628.69819999859],[405455.08139999956,135616.54190000147],[405457.63669999689,135608.9310999997],[405459.60170000046,135603.09099999815],[405461.89940000325,135596.2479000017],[405467.32010000199,135580.08590000123],[405471.8125,135566.71829999983],[405481.48929999769,135537.64809999987],[405486.24979999661,135523.37649999931],[405488.91700000316,135515.3702000007],[405502.2098999992,135476.18589999899],[405516.48669999838,135433.25580000132],[405521.5279000029,135418.31269999966],[405524.5877000019,135409.25310000032],[405527.42379999906,135400.84450000152],[405527.98489999771,135399.1715000011],[405529.32919999957,135395.19849999994],[405539.36379999667,135365.45439999923],[405544.02730000019,135351.50409999862],[405545.77700000256,135346.2949000001],[405551.2648999989,135329.90100000054],[405551.74149999768,135328.46150000021],[405559.71180000156,135304.77050000057],[405568.14320000261,135279.54459999874],[405574.46790000051,135260.62240000069],[405587.33070000261,135222.36400000006],[405596.16579999775,135196.03409999982],[405597.89389999956,135190.88450000063],[405600.00069999695,135184.6473999992],[405602.22259999812,135178.34360000119],[405604.50959999859,135172.11850000173],[405606.87640000135,135165.89350000024],[405609.33079999685,135159.69530000165],[405611.86020000279,135153.54610000178],[405614.46549999714,135147.40960000083],[405617.15709999949,135141.31439999864],[405619.92480000108,135135.25409999862],[405622.74310000241,135129.27950000018],[405624.85920000076,135124.86329999939],[405627.03750000149,135120.44440000132],[405629.25410000235,135116.05249999836],[405631.51510000229,135111.6854000017],[405633.82100000232,135107.34099999815],[405636.15839999914,135103.02699999884],[405637.82479999959,135100.02479999885],[405639.50439999998,135097.03689999878],[405641.2092999965,135094.06060000136],[405642.95899999887,135091.05240000039],[405644.73480000347,135088.02800000086],[405646.58299999684,135084.95549999923],[405655.05049999803,135071.33139999956],[405655.2378000021,135071.03770000115],[405672.45059999824,135044.72879999876],[405680.88319999725,135031.78999999911],[405686.25490000099,135023.5474999994],[405692.61620000005,135013.79540000111],[405693.97540000081,135011.71139999852],[405716.26460000128,134977.70740000159],[405737.92159999907,134944.66200000048],[405741.31210000068,134939.48110000044],[405746.62430000305,134931.37779999897],[405752.33850000054,134922.65659999847],[405753.18360000104,134921.3638000004],[405755.28769999743,134918.17770000175],[405757.34939999878,134915.00659999996],[405759.41120000184,134911.82009999827],[405761.44829999655,134908.62180000171],[405763.5094999969,134905.38569999859],[405765.52960000187,134902.1986999996],[405767.53220000118,134898.98869999871],[405769.54129999876,134895.75230000168],[405771.53499999642,134892.5150000006],[405773.44569999725,134889.3814000003],[405776.25169999897,134884.59870000184],[405779.02899999917,134879.74340000004],[405781.75339999795,134874.85869999975],[405784.42310000211,134869.9561999999],[405787.0326000005,134865.02829999849],[405789.58850000054,134860.05260000005],[405792.12749999762,134855.02360000089],[405793.52910000086,134852.18200000003],[405794.91189999878,134849.30990000069],[405796.29569999874,134846.40599999949],[405797.94879999757,134842.88450000063],[405799.48889999837,134839.5353000015],[405800.01839999855,134838.28849999979],[405801.94629999995,134833.7333999984],[405803.87089999765,134829.18629999831],[405805.78010000288,134824.65199999884],[405807.68240000308,134820.11030000076],[405809.58479999751,134815.55860000104],[405811.47940000147,134811.00149999931],[405813.37399999797,134806.44449999928],[405815.25639999658,134801.89279999956],[405817.14109999686,134797.32569999993],[405819.00760000199,134792.78840000182],[405821.36029999703,134787.0064000003],[405823.73449999839,134781.19610000029],[405826.11050000042,134775.38170000166],[405828.4905000031,134769.59169999883],[405830.85450000316,134763.8060999997],[405833.23049999774,134757.99170000106],[405835.61469999701,134752.19139999896],[405837.99469999969,134746.39139999822],[405840.37640000135,134740.5971999988],[405842.75909999758,134734.80059999973],[405854.20459999889,134707.03139999881],[405857.15150000155,134699.82919999957],[405860.07999999821,134692.70259999856],[405863.76070000231,134683.7109999992],[405865.9748999998,134678.31659999862],[405877.10660000145,134651.50239999965],[405879.45639999956,134645.78700000048],[405881.9272999987,134639.77490000054],[405887.72070000321,134625.69680000097],[405889.77149999887,134620.72320000082],[405898.02669999748,134600.25140000135],[405900.51609999686,134594.24960000068],[405906.08129999787,134580.84919999912],[405907.64150000364,134577.01689999923],[405909.14549999684,134573.21840000153],[405910.61450000107,134569.39139999822],[405912.05690000206,134565.53840000182],[405913.45949999988,134561.6884999983],[405914.82379999757,134557.81830000132],[405916.16200000048,134553.9199000001],[405917.4592999965,134550.02820000052],[405918.7276000008,134546.11670000106],[405919.51659999788,134543.60350000113],[405919.97450000048,134542.14029999822],[405920.09499999881,134541.77230000123],[405921.87659999728,134536.55550000072],[405922.60040000081,134534.35509999841],[405923.60279999673,134531.34769999981],[405925.25819999725,134526.18789999932],[405926.00310000032,134523.76729999855],[405926.88859999925,134520.93349999934],[405928.45180000365,134515.72910000011],[405929.97559999675,134510.4737999998],[405931.44690000266,134505.22199999914],[405932.87039999664,134499.94750000164],[405934.24469999969,134494.66459999979],[405935.58869999647,134489.29890000075],[405936.96800000221,134483.78159999847],[405938.27619999647,134478.31450000033],[405939.53499999642,134472.83040000126],[405940.7452000007,134467.32620000094],[405941.9095999971,134461.80730000138],[405943.02009999752,134456.30330000073],[405944.0727000013,134450.77749999985],[405945.08049999923,134445.22929999977],[405946.03750000149,134439.68259999901],[405946.96289999783,134434.01190000027],[405947.88899999857,134428.53379999846],[405948.74939999729,134423.14629999921],[405949.56870000064,134417.77210000157],[405950.3294999972,134412.37779999897],[405951.05370000005,134406.96649999917],[405951.72680000216,134401.56179999933],[405952.35300000012,134396.14180000126],[405952.93819999695,134390.72839999944],[405953.46379999816,134385.32629999891],[405953.94319999963,134379.88659999892],[405954.43339999765,134373.85680000111],[405954.86460000277,134367.82079999894],[405955.25909999758,134361.73559999838],[405955.61169999838,134355.70210000128],[405955.91579999775,134349.64820000157],[405956.17080000043,134343.59670000151],[405956.3769999966,134337.53979999945],[405956.53869999945,134331.6724999994],[405956.31139999628,134296.41800000146],[405956.42650000006,134280.04289999977],[405956.46580000222,134279.05849999934],[405956.87510000169,134273.44260000065],[405957.06329999864,134271.92819999903],[405957.20130000263,134271.23999999836],[405958.35270000249,134266.12299999967],[405958.85520000011,134264.38610000163],[405960.21649999917,134260.56210000068],[405961.05129999667,134258.66530000046],[405963.03410000354,134254.89149999991],[405963.32240000367,134254.36829999834],[405963.6229000017,134253.87029999867],[405968.42010000348,134246.25890000165],[405969.33470000327,134244.96480000019],[405975.19470000267,134237.53869999945],[405980.52499999851,134229.6623999998],[405982.06777484121,134227.74330820629],[405983.90372947225,134226.10247362597],[405985.98339042696,134224.78411182403],[405988.25071708695,134223.82374869258],[405990.64461180649,134223.24726313443],[405993.10056631087,134223.07018970439],[405995.55240000039,134223.29729999974]]]},"properties":{"OBJECTID":64,"ROUTEID":"13015342","FROMMEASURE":0,"TOMEASURE":1653.9325000000001,"ROUTENAME":"BENNING RD SE","CORRIDORID":"13015342_1","FROMSTREET":"BENNING RD NE/EAST CAPITOL ST BN","TOSTREET":"12TH ST SE","LENGTH_MI":1.0277039800000001,"TIER_1":1,"TIER_2":0,"TIER_3":0,"GIS_ID":"HIN_CorridorsLn_49","SE_ANNO_CAD_DATA":null,"BUFF_DIST":15,"ORIG_FID":49,"SHAPE_Length":3402.0945897663987,"SHAPE_Area":50324.392876362697}},{"type":"Feature","id":65,"geometry":{"type":"Polygon","coordinates":[[[399846.37629999965,132538.02270000055],[399862.15070000291,132545.94480000064],[399872.27399999648,132551.02639999986],[399925.86760000139,132577.34360000119],[399980.80950000137,132604.48440000042],[400041.97389999777,132634.7666000016],[400062.10589999706,132644.6827000007],[400074.88509999961,132650.97239999846],[400084.7778000012,132655.84369999915],[400089.56780000031,132658.20360000059],[400138.47569999844,132682.46770000085],[400155.64570000023,132690.7639000006],[400157.42769999802,132691.62489999831],[400165.32349999994,132695.44289999828],[400179.22720000148,132702.14979999885],[400179.65519999713,132702.36470000073],[400202.690200001,132714.39770000055],[400217.65429999679,132720.93420000002],[400218.30669999868,132721.23800000176],[400241.30399999768,132732.62669999897],[400261.19060000032,132742.46489999816],[400302.2677000016,132762.9338000007],[400305.83550000191,132764.76309999824],[400309.28869999945,132766.53420000151],[400312.74930000305,132768.28429999948],[400316.22309999913,132770.04100000113],[400316.96779999882,132770.41340000182],[400319.71190000325,132771.79549999908],[400323.15690000355,132773.51300000027],[400326.64169999957,132775.23559999838],[400330.14590000361,132776.95780000091],[400333.62799999863,132778.65929999948],[400336.7955000028,132780.20279999822],[400338.86309999973,132781.0791000016],[400351.98279999942,132786.63899999857],[400354.17619968415,132787.79069872343],[400356.15012034588,132789.28771220066],[400357.85071834439,132791.08920563033],[400359.23160560115,132793.14603875775],[400360.2551149503,132795.40210629706],[400360.89332760562,132797.79586834382],[400361.12883471505,132800.26202903021],[400360.95521223114,132802.73331763395],[400360.37719614297,132805.1423235558],[400359.41055328993,132807.4233351131],[400358.08165128203,132809.51413199067],[400356.42673925689,132811.35768245612],[400354.49095909338,132812.90369904353],[400352.32711405412,132814.11001027023],[400349.99422844331,132814.94371096991],[400347.5559375711,132815.38205986351],[400345.0787519408,132815.41309988478],[400342.63024300779,132815.03598433925],[400340.2771999985,132814.26099999994],[400327.15690000355,132808.70089999959],[400324.72659999877,132807.6708999984],[400324.00940000266,132807.34439999983],[400320.47200000286,132805.62070000172],[400316.92920000106,132803.88960000128],[400313.37839999795,132802.14440000057],[400309.82010000199,132800.38540000096],[400306.25990000367,132798.61039999872],[400303.50639999658,132797.22370000184],[400302.74130000174,132796.84109999985],[400299.21069999784,132795.05570000038],[400295.6726000011,132793.26630000025],[400292.14450000226,132791.45690000057],[400288.73430000246,132789.70789999887],[400247.83120000362,132769.32620000094],[400227.99599999934,132759.51339999959],[400205.31560000032,132748.28159999847],[400190.2023999989,132741.6799999997],[400189.26150000095,132741.22949999943],[400165.97580000013,132729.06549999863],[400152.27650000155,132722.4571999982],[400144.37240000069,132718.6352000013],[400142.59440000355,132717.7762000002],[400125.28390000015,132709.41169999912],[400076.27499999851,132685.09789999947],[400071.52229999751,132682.7564000003],[400061.63490000367,132677.88769999892],[400048.85419999808,132671.59730000049],[400028.69839999825,132661.66950000077],[399967.51060000062,132631.37570000067],[399912.60859999806,132604.25459999964],[399858.92960000038,132577.89510000125],[399848.68940000236,132572.75519999862],[399832.88859999925,132564.81980000064],[399820.33980000019,132558.49540000036],[399806.08590000123,132551.31340000033],[399804.98099999875,132550.75160000101],[399793.40250000358,132545.08130000159],[399788.38530000299,132542.62390000001],[399786.95019999892,132542.01199999824],[399785.29969999939,132541.35689999908],[399783.62430000305,132540.73699999973],[399781.94839999825,132540.15909999982],[399780.28760000318,132539.63800000027],[399778.58359999955,132539.14990000054],[399776.88979999721,132538.70809999853],[399775.15470000356,132538.3077000007],[399773.42629999667,132537.94379999861],[399771.53130000085,132537.60249999911],[399771.12560000271,132537.52360000089],[399770.18490000069,132537.32730000094],[399769.39500000328,132537.18560000136],[399768.54519999772,132537.05370000005],[399767.69330000132,132536.93719999865],[399766.84849999845,132536.84329999983],[399765.79900000244,132536.74549999833],[399764.88780000061,132536.63239999861],[399763.32729999721,132536.3900000006],[399761.82980000228,132536.24029999971],[399757.84229999781,132536.04580000043],[399754.86039999872,132536.02560000122],[399749.70069999993,132535.99080000073],[399745.74909999967,132537.88489999995],[399719.24610000104,132550.58260000125],[399718.04429999739,132551.09519999847],[399707.83799999952,132554.93299999833],[399706.09420000017,132555.58810000122],[399703.57651589514,132556.27730889668],[399700.97747158527,132556.51961207329],[399698.37577532185,132556.30767173413],[399695.85021566693,132555.64790618204],[399693.47727549676,132554.56029545076],[399691.32881582982,132553.07777623879],[399689.46989962144,132551.24524446976],[399687.95682142716,132549.11819568512],[399686.83540260466,132546.76104444289],[399686.13960368093,132544.24517361709],[399685.89049590769,132541.64677267199],[399686.09562314907,132539.0445303756],[399686.74877342687,132536.51725182569],[399687.83016704133,132534.14147195272],[399689.30705557019,132531.98913777151],[399691.13471360673,132530.12542957129],[399693.25779320352,132528.6067870261],[399695.61200000346,132527.47920000181],[399697.28069999814,132526.85200000182],[399706.87280000001,132523.24529999867],[399732.78440000117,132510.83089999855],[399739.85589999706,132507.441300001],[399741.95172419935,132506.62378729373],[399744.14624812134,132506.12894300596],[399746.39010000229,132505.96790000051],[399755.06310000271,132506.0262000002],[399758.35970000178,132506.04850000143],[399758.98920000345,132506.06599999964],[399763.67270000279,132506.29450000077],[399764.43389999866,132506.35110000148],[399766.71850000322,132506.57950000092],[399767.52849999815,132506.68279999867],[399769.03809999675,132506.91730000079],[399769.89440000057,132506.99830000103],[399771.1977000013,132507.14200000092],[399771.57240000367,132507.18840000033],[399772.87629999965,132507.36800000072],[399774.17010000348,132507.56749999896],[399774.49669999629,132507.62189999968],[399775.68869999796,132507.83570000157],[399776.10440000147,132507.91640000045],[399777.05039999634,132508.1138000004],[399778.95870000124,132508.45749999955],[399779.39019999653,132508.54179999977],[399781.62160000205,132509.01300000027],[399783.84290000051,132509.52409999818],[399784.25630000234,132509.62570000067],[399786.32630000263,132510.16569999978],[399786.67069999874,132510.26000000164],[399788.73070000112,132510.85009999946],[399789.09009999782,132510.95789999887],[399791.13009999692,132511.59789999947],[399791.5298999995,132511.72949999943],[399793.55990000069,132512.42949999869],[399793.8377000019,132512.52849999815],[399795.87510000169,132513.28220000118],[399796.20400000364,132513.40830000117],[399798.19399999827,132514.19819999859],[399798.54339999706,132514.34200000018],[399800.51340000331,132515.18200000003],[399801.22779999673,132515.50899999961],[399806.59759999812,132518.13899999857],[399818.37799999863,132523.90909999982],[399819.63480000198,132524.54720000178],[399833.84019999951,132531.70470000058],[399846.37629999965,132538.02270000055]]]},"properties":{"OBJECTID":65,"ROUTEID":"13035682","FROMMEASURE":0,"TOMEASURE":714.0376,"ROUTENAME":"FIRTH STERLING AVE SE","CORRIDORID":"13035682_1","FROMSTREET":"HOWARD RD SE/Ramp-36003432","TOSTREET":"SOUTH CAPITOL ST BN/DEFENSE BLVD SW/SOUTH CAPITOL ST BN/ANACOSTIA RIVER TRAIL SW","LENGTH_MI":0.44368149000000001,"TIER_1":1,"TIER_2":0,"TIER_3":0,"GIS_ID":"HIN_CorridorsLn_50","SE_ANNO_CAD_DATA":null,"BUFF_DIST":15,"ORIG_FID":50,"SHAPE_Length":1522.199326206945,"SHAPE_Area":22126.985913722499}},{"type":"Feature","id":66,"geometry":{"type":"Polygon","coordinates":[[[401359.85469999909,133186.76790000126],[401362.32088314224,133187.42313218073],[401364.64031881554,133188.48690220382],[401366.74588311824,133189.92842482642],[401368.57664153492,133191.70598273669],[401370.07961236499,133193.76813384378],[401371.21130000055,133196.05519999936],[401371.54339999706,133196.87370000035],[401371.78339999914,133197.33819999918],[401372.05449999869,133197.76309999824],[401372.36500000209,133198.17269999906],[401372.66629999876,133198.50310000032],[401372.99909999967,133198.80810000002],[401373.17369999737,133198.95470000058],[401374.91690000147,133200.11679999903],[401406.62470000237,133219.92819999903],[401408.04529999942,133220.8300999999],[401432.07760000229,133236.11329999939],[401436.27459999919,133238.78240000084],[401466.63019999862,133258.1895999983],[401478.67239999771,133265.83830000088],[401491.06679999828,133273.71110000089],[401499.25509999692,133278.92000000179],[401510.8471999988,133286.27859999985],[401511.7071999982,133286.82229999825],[401523.24870000035,133294.12319999933],[401542.37919999659,133306.22349999845],[401550.52139999717,133311.37489999831],[401560.51150000095,133317.6986999996],[401565.24780000001,133320.6854000017],[401607.80460000038,133347.86870000139],[401612.81650000066,133351.05539999902],[401635.41860000044,133366.08929999918],[401655.3906000033,133378.12150000036],[401655.69889999926,133378.31239999831],[401661.55680000037,133382.0373999998],[401668.00379999727,133386.14829999954],[401676.78079999983,133391.76269999892],[401684.78809999675,133396.88100000098],[401707.13610000163,133411.16340000182],[401745.86020000279,133435.81239999831],[401777.92430000007,133456.4048999995],[401810.80189999938,133477.43980000168],[401820.62579999864,133483.74230000004],[401830.11370000243,133489.8209999986],[401837.33569999784,133494.45100000128],[401853.4355000034,133504.49500000104],[401853.74509999901,133504.69350000098],[401869.97850000113,133515.3825000003],[401876.41539999843,133519.44480000064],[401915.18940000236,133543.91369999945],[401954.87449999899,133569.08170000091],[401965.01860000193,133575.6528000012],[401972.72789999843,133580.65239999816],[401981.4953000024,133586.33069999889],[401986.2248999998,133589.39510000125],[402026.1344999969,133614.62609999999],[402049.80359999835,133629.79459999874],[402053.39019999653,133632.08520000055],[402064.71329999715,133639.38360000029],[402073.60170000046,133645.08619999886],[402076.02820000052,133646.64389999956],[402087.3879000023,133653.92300000042],[402087.75050000101,133654.15810000151],[402098.66799999774,133661.13459999859],[402110.00240000337,133668.35469999909],[402121.35199999809,133675.56799999997],[402132.69749999791,133682.76880000159],[402144.04800000042,133689.94649999961],[402155.42499999702,133697.11829999834],[402166.84449999779,133704.30700000003],[402168.684799999,133705.48079999909],[402181.62789999694,133714.09430000186],[402192.75419999659,133720.91440000013],[402193.06270000339,133721.10850000009],[402208.07419999689,133730.69849999994],[402289.94129999727,133782.97599999979],[402296.80330000073,133787.35790000111],[402318.07020000368,133800.9395999983],[402324.93649999797,133805.30090000108],[402331.26089999825,133809.3236999996],[402340.00050000101,133814.88340000063],[402377.93029999733,133839.00589999929],[402398.43469999731,133852.04600000009],[402410.95160000026,133860.02050000057],[402416.60980000347,133863.627700001],[402423.60710000247,133866.1174999997],[402431.58810000122,133868.95580000058],[402434.00999999791,133870.07959999889],[402434.57569999993,133870.42309999838],[402459.36800000072,133886.23460000008],[402491.36789999902,133906.65900000185],[402519.34830000252,133924.28150000051],[402520.5372999981,133925.05200000107],[402527.62650000304,133929.64149999991],[402536.75060000271,133935.55820000172],[402547.0380000025,133942.14730000123],[402555.13679999858,133947.33040000126],[402566.14609999955,133954.37609999999],[402577.01269999892,133961.33240000159],[402577.44919999689,133961.61950000003],[402603.45139999688,133978.07490000129],[402604.33510000259,133978.67940000072],[402615.34549999982,133986.8022999987],[402617.03589999676,133988.04520000145],[402617.32869999856,133988.26610000059],[402622.13579999655,133991.98519999906],[402625.98950000107,133994.96680000052],[402627.70419999957,133996.29369999841],[402661.92329999804,134019.27760000154],[402662.60899999738,134019.72850000113],[402670.57789999992,134025.0009999983],[402678.21050000191,134030.05270000175],[402688.747299999,134037.03060000017],[402695.97839999944,134041.81129999831],[402705.54909999669,134048.15179999918],[402706.03299999982,134048.47170000151],[402720.88400000334,134057.85370000079],[402738.43800000101,134068.94409999996],[402748.5904000029,134075.55350000039],[402755.6099999994,134080.13320000097],[402778.58569999784,134095.09039999917],[402786.7846999988,134100.43160000071],[402804.27390000224,134111.33999999985],[402809.30510000139,134114.47329999879],[402810.89379999787,134115.47230000049],[402827.23700000346,134126.04300000146],[402834.12799999863,134130.43450000137],[402839.86029999703,134134.09600000083],[402850.19520000368,134140.68279999867],[402859.74620000273,134146.77699999884],[402893.04190000147,134167.93070000038],[402893.65640000254,134168.32360000163],[402901.81939999759,134173.51280000061],[402913.6425999999,134181.03480000049],[402938.77769999951,134197.03280000016],[402939.72670000046,134197.66360000148],[402970.76449999958,134218.36199999973],[402979.75190000236,134224.3599999994],[402988.51680000126,134229.66739999875],[403007.61699999869,134241.22289999947],[403007.99719999731,134241.45980000123],[403028.54169999808,134254.51339999959],[403042.70369999856,134263.62939999998],[403051.89100000262,134269.33179999888],[403052.16860000044,134269.50840000063],[403061.69709999859,134275.71620000154],[403078.01319999993,134285.98250000179],[403112.45489999652,134307.99540000036],[403145.51049999893,134329.1724999994],[403164.78249999881,134341.45100000128],[403173.75169999897,134347.17049999908],[403183.06210000068,134353.10080000013],[403187.0102000013,134355.61879999936],[403192.72249999642,134359.29309999943],[403198.40190000087,134362.94269999862],[403201.73879999667,134365.08909999952],[403204.09250000119,134366.60310000181],[403209.76410000026,134370.24769999832],[403215.46549999714,134373.90500000119],[403215.78279999644,134374.10970000178],[403221.15150000155,134377.56239999831],[403224.1780000031,134379.50730000064],[403226.82819999754,134381.20389999822],[403232.45769999921,134384.82149999961],[403232.72829999775,134384.99219999835],[403238.20390000194,134388.50759999827],[403243.86460000277,134392.13870000094],[403254.71840000153,134399.05449999869],[403291.58200000226,134422.54329999909],[403294.33269999921,134424.17709999904],[403296.21999999881,134425.28979999945],[403301.14069999754,134428.29969999939],[403303.72500000149,134429.92100000009],[403306.07240000367,134431.41620000079],[403310.89859999716,134434.57189999893],[403313.2351000011,134436.15249999985],[403315.65879999846,134437.78009999916],[403320.43129999936,134441.10810000077],[403325.119599998,134444.49379999936],[403329.75079999864,134447.9411999993],[403334.34290000051,134451.46110000089],[403338.79089999944,134454.98750000075],[403339.11180000007,134455.24929999933],[403339.60989999771,134455.68640000001],[403343.35989999771,134459.12640000135],[403343.69259999692,134459.44110000134],[403347.32259999961,134462.98110000044],[403347.64660000056,134463.30689999834],[403351.17660000175,134466.96689999849],[403351.47640000284,134467.28700000048],[403354.89639999717,134471.04699999839],[403355.20130000263,134471.3927000016],[403358.54599999636,134475.30550000072],[403358.7696999982,134475.57559999824],[403361.95970000327,134479.52560000122],[403362.26870000362,134479.92170000076],[403365.32869999856,134483.98169999942],[403365.56599999964,134484.30539999902],[403368.51600000262,134488.44539999962],[403368.79439999908,134488.85000000149],[403371.60440000147,134493.07999999821],[403371.8348999992,134493.43800000101],[403374.52489999682,134497.74799999967],[403374.84309999645,134498.28280000016],[403376.56059999764,134501.3563000001],[403378.2154000029,134504.30930000171],[403379.75720000267,134507.04050000012],[403379.91099999845,134507.31689999998],[403381.56660000235,134510.25360000134],[403383.241899997,134513.22520000115],[403384.93069999665,134516.20329999924],[403385.20949999988,134516.6986999996],[403386.60660000145,134519.17579999939],[403388.27629999816,134522.12009999901],[403389.96970000118,134525.07860000059],[403391.01600000262,134526.91939999908],[403391.70099999756,134528.12180000171],[403412.45170000196,134565.45820000023],[403427.71519999951,134592.66670000181],[403431.32500000298,134599.11430000141],[403450.48889999837,134633.49120000005],[403473.11039999872,134673.99590000138],[403484.26460000128,134693.89550000057],[403490.23569999635,134704.5476000011],[403494.47380000353,134712.11410000175],[403500.869599998,134723.51460000128],[403524.97640000284,134766.69660000131],[403543.70690000057,134800.2276000008],[403562.53639999777,134833.96880000085],[403580.00169999897,134865.1083999984],[403590.70000000298,134884.29309999943],[403598.55719999969,134898.37609999999],[403599.75840000063,134900.54019999877],[403606.85540000349,134913.20710000023],[403612.29930000007,134922.9199000001],[403612.46419999748,134923.21849999949],[403628.25530000031,134951.434799999],[403642.59080000222,134977.14449999854],[403643.75180000067,134979.22630000114],[403651.49159999937,134993.11600000039],[403656.03630000353,135001.26449999958],[403657.17849999666,135003.32039999962],[403672.53809999675,135030.80970000103],[403676.37160000205,135037.68589999899],[403680.20160000026,135044.55590000004],[403684.02750000358,135051.41869999841],[403687.86519999802,135058.28460000083],[403691.69520000368,135065.14460000023],[403695.53329999745,135072.0111999996],[403697.33799999952,135075.23950000107],[403699.13799999654,135078.46950000152],[403700.93020000309,135081.67570000142],[403704.65730000287,135088.33040000126],[403708.38920000196,135094.99379999936],[403710.18110000342,135098.19720000029],[403711.99719999731,135101.44420000166],[403712.54259999841,135102.43549999967],[403723.43879999965,135121.85099999979],[403740.90929999948,135153.34180000052],[403741.92689999938,135155.15190000087],[403747.43580000103,135164.9598999992],[403753.8655000031,135176.38940000162],[403758.78949999809,135185.15439999849],[403776.92580000311,135217.68349999934],[403797.29699999839,135254.32559999824],[403813.09769999981,135282.64900000021],[403818.53369999677,135292.38190000132],[403839.57220000029,135329.99810000136],[403847.65320000052,135344.49890000001],[403852.42960000038,135353.07339999825],[403852.61490000039,135353.41479999945],[403874.70030000061,135392.64009999856],[403879.41770000011,135401.01740000024],[403890.81660000235,135421.75739999861],[403897.23719999939,135433.44839999825],[403903.96940000355,135445.7025000006],[403904.11389999837,135445.96579999849],[403933.45880000293,135498.37310000136],[403934.6819999963,135500.55889999866],[403945.85379999876,135520.55200000107],[403952.84849999845,135533.0645999983],[403953.70229999721,135534.57380000129],[403968.5150000006,135561.04019999877],[403982.99430000037,135587.34230000153],[403995.65139999986,135609.65230000019],[404008.24400000274,135632.20080000162],[404010.05799999833,135635.36050000042],[404019.7845999971,135652.28950000182],[404019.99700000137,135652.64900000021],[404024.2153000012,135660.03090000153],[404025.5869999975,135662.4338000007],[404025.81189999729,135662.84230000153],[404031.82490000129,135674.18079999834],[404041.76630000025,135691.06549999863],[404054.40919999778,135713.29839999974],[404058.7575000003,135721.05689999834],[404060.60580000281,135724.16629999876],[404061.00119999796,135724.84659999982],[404063.74700000137,135729.57550000027],[404073.52690000087,135746.26040000096],[404076.99499999732,135752.10300000012],[404079.6521999985,135756.70800000057],[404082.98589999974,135762.21169999987],[404084.11297385936,135764.56116404594],[404084.81641984271,135767.07023569444],[404085.07500747225,135769.6631894593],[404084.88093239779,135772.26176823516],[404084.24005193682,135774.78754515],[404083.17170829687,135777.16429054143],[404081.70814481436,135779.32027261966],[404079.89353282913,135781.19042238154],[404077.78263856308,135782.71829743736],[404075.43917023845,135783.85778548045],[404072.93385532062,135784.57449598788],[404070.34230591508,135784.8467981499],[404067.7427367426,135784.66647370232],[404065.21360456606,135784.03896495944],[404062.83124031191,135782.98321056121],[404060.66754535108,135781.53107389229],[404058.78782146669,135779.72638142336],[404057.24880000204,135777.62359999865],[404053.91210000217,135772.11809999868],[404053.74840000272,135771.8414000012],[404051.08869999647,135767.23119999841],[404047.68869999796,135761.50470000133],[404037.83669999987,135744.69660000131],[404035.05740000308,135739.91039999947],[404034.7405000031,135739.36470000073],[404032.87340000272,135736.22439999878],[404032.72890000045,135735.97529999912],[404028.28639999777,135728.04969999939],[404015.79540000111,135706.08280000091],[404005.77059999853,135689.05739999935],[404005.47670000046,135688.52959999815],[403999.41650000215,135677.10220000148],[403998.16470000148,135674.90920000151],[403993.98179999739,135667.59439999983],[403993.78130000085,135667.25549999997],[403984.0420999974,135650.29949999973],[403982.13750000298,135646.98090000078],[403969.50789999962,135624.36679999903],[403956.80650000274,135601.97780000046],[403942.28630000353,135575.60240000114],[403927.54860000312,135549.27010000125],[403926.69590000063,135547.76289999858],[403919.66629999876,135535.18809999898],[403908.4980000034,135515.20120000094],[403907.28130000085,135513.02690000087],[403877.86999999732,135460.50050000101],[403877.67059999704,135460.13760000095],[403870.942900002,135447.8916000016],[403864.52340000123,135436.20259999856],[403853.20459999889,135415.60759999976],[403848.559799999,135407.3599999994],[403826.34690000117,135367.90610000119],[403826.12919999659,135367.50569999963],[403821.44680000097,135359.10119999945],[403813.37789999694,135344.62200000137],[403792.34640000015,135307.01819999889],[403786.90240000188,135297.27109999955],[403771.08519999683,135268.91820000112],[403750.71429999918,135232.27659999952],[403732.60700000077,135199.79949999973],[403727.71459999681,135191.09070000052],[403721.28419999778,135179.66010000184],[403715.7731000036,135169.84820000082],[403714.71389999986,135167.96379999816],[403697.23449999839,135136.45710000023],[403686.3180000037,135117.00499999896],[403685.7650000006,135116.00010000169],[403683.99889999628,135112.84279999882],[403682.21079999954,135109.64620000124],[403678.48269999772,135102.98959999904],[403674.74979999661,135096.32440000027],[403672.94210000336,135093.09050000086],[403671.14209999889,135089.86050000042],[403669.34679999948,135086.64889999852],[403665.5047999993,135079.77540000156],[403661.67480000108,135072.91539999843],[403657.83250000328,135066.04140000045],[403653.99840000272,135059.16409999877],[403650.16839999706,135052.29410000145],[403646.34189999849,135045.43039999902],[403630.97649999708,135017.93059999868],[403629.82129999995,135015.85119999945],[403625.28840000182,135007.72399999946],[403617.54829999804,134993.83379999921],[403616.38930000365,134991.75549999997],[403602.06469999999,134966.06529999897],[403586.23839999735,134937.78590000048],[403586.07590000331,134937.49170000106],[403580.68460000306,134927.87299999967],[403573.55939999968,134915.15569999814],[403572.34799999744,134912.97320000082],[403564.50010000169,134898.90689999983],[403553.81830000132,134879.75169999897],[403536.35949999839,134848.62379999831],[403517.51309999824,134814.85240000114],[403498.78369999677,134781.32339999825],[403474.68840000033,134738.16180000082],[403468.30560000241,134726.7846999988],[403464.06430000067,134719.21240000054],[403458.09549999982,134708.56450000033],[403446.92970000207,134688.64420000091],[403424.29119999707,134648.10889999941],[403405.13499999791,134613.74579999968],[403401.5447999984,134607.33339999989],[403386.26340000331,134580.09279999882],[403365.56090000272,134542.84250000119],[403364.94409999996,134541.76060000062],[403363.9103000015,134539.94150000066],[403362.20700000226,134536.96559999883],[403360.49350000173,134533.94420000166],[403359.070600003,134531.42139999941],[403358.81069999933,134530.95930000022],[403357.12280000001,134527.98299999908],[403355.43339999765,134524.98640000075],[403353.73049999774,134521.96550000086],[403353.5794999972,134521.69399999827],[403352.06639999896,134519.01379999891],[403350.37950000167,134516.003800001],[403348.88130000234,134513.32149999961],[403346.49880000204,134509.50420000032],[403343.94189999998,134505.65520000085],[403341.24960000068,134501.87680000067],[403338.46350000054,134498.18030000106],[403335.56090000272,134494.58610000089],[403332.54789999872,134491.06179999933],[403329.43159999698,134487.63569999859],[403326.21299999952,134484.2985999994],[403322.91160000116,134481.0791000016],[403319.72730000317,134478.15799999982],[403315.89660000056,134475.11980000138],[403311.66879999638,134471.87939999998],[403307.38090000302,134468.68760000169],[403303.067900002,134465.57259999961],[403298.71750000119,134462.53880000114],[403296.46679999679,134461.02870000154],[403294.28119999915,134459.54910000041],[403289.809799999,134456.62590000033],[403287.69380000234,134455.27849999815],[403285.33749999851,134453.79980000108],[403280.78019999713,134451.01159999892],[403279.06419999897,134450.0009999983],[403276.05990000069,134448.21660000086],[403275.65950000286,134447.97019999847],[403238.59749999642,134424.35500000045],[403227.71029999852,134417.41800000146],[403221.99840000272,134413.75389999896],[403216.63350000232,134410.30930000171],[403216.3593999967,134410.13630000129],[403210.63189999759,134406.4561999999],[403207.99180000275,134404.76610000059],[403204.92849999666,134402.7976000011],[403199.53719999641,134399.33029999956],[403199.24400000274,134399.14110000059],[403193.55600000173,134395.49240000173],[403187.86810000241,134391.83729999885],[403185.50940000266,134390.32009999827],[403182.17750000209,134388.17689999938],[403176.49809999764,134384.52730000019],[403170.83269999921,134380.88309999928],[403166.93800000101,134378.39930000156],[403157.62830000371,134372.46950000152],[403148.6576000005,134366.7490000017],[403129.35419999808,134354.45050000027],[403096.28339999914,134333.26359999925],[403061.95199999958,134311.3209999986],[403045.52189999819,134300.98209999874],[403035.932099998,134294.73550000042],[403026.6753000021,134288.9888000004],[403012.36940000206,134279.78110000119],[402991.95440000296,134266.81019999832],[402972.98330000043,134255.33269999921],[402963.93050000072,134249.85099999979],[402963.37330000103,134249.49659999833],[402954.1155000031,134243.31810000166],[402923.08250000328,134222.6229000017],[402922.40250000358,134222.16939999908],[402897.5373999998,134206.34530000016],[402885.72060000151,134198.82730000094],[402877.52650000155,134193.61829999834],[402876.91820000112,134193.22940000147],[402843.63390000165,134172.08300000057],[402834.06490000337,134165.97729999945],[402823.72190000117,134159.38540000096],[402817.99210000038,134155.72549999878],[402811.03589999676,134151.29230000079],[402794.76919999719,134140.77039999887],[402793.38530000299,134139.90080000088],[402788.40619999915,134136.80009999871],[402770.65709999949,134125.72789999843],[402762.21440000087,134120.22969999909],[402739.23009999841,134105.26680000126],[402732.20970000327,134100.68659999967],[402722.2405000031,134094.19579999894],[402704.86119999737,134083.21649999917],[402689.74740000069,134073.66660000011],[402688.99090000242,134073.16829999909],[402679.42159999907,134066.82869999856],[402672.19269999862,134062.04949999973],[402661.64959999919,134055.06740000099],[402654.02220000327,134050.01909999922],[402646.08780000359,134044.76940000057],[402645.31769999862,134044.26260000095],[402610.59640000015,134020.94189999998],[402609.88000000268,134020.4299999997],[402609.61980000138,134020.23270000145],[402607.6305000037,134018.69330000132],[402603.77830000222,134015.71290000156],[402599.11739999801,134012.10689999908],[402597.55449999869,134010.95769999921],[402586.95629999787,134003.13879999891],[402561.1699000001,133986.81839999929],[402560.66579999775,133986.48750000075],[402549.97399999946,133979.64389999956],[402538.96559999883,133972.5987999998],[402530.8620999977,133967.41270000115],[402520.50419999659,133960.77829999849],[402511.31350000203,133954.81850000098],[402504.22269999981,133950.22800000012],[402503.19070000201,133949.55860000104],[402475.30810000002,133931.99830000103],[402443.23210000247,133911.52549999952],[402419.88000000268,133896.6325000003],[402413.55290000141,133894.38259999827],[402404.90070000291,133891.30380000174],[402402.47999999672,133890.18039999902],[402401.91650000215,133889.83830000088],[402394.82840000093,133885.31960000098],[402382.3254000023,133877.35399999842],[402361.83110000193,133864.32019999996],[402323.89959999919,133840.19660000131],[402315.15910000354,133834.63639999926],[402308.84359999746,133830.61919999868],[402301.95210000128,133826.24179999903],[402280.65680000186,133812.64209999889],[402273.79540000111,133808.26060000062],[402191.92580000311,133755.98149999976],[402176.93680000305,133746.40599999949],[402165.71069999784,133739.52490000054],[402165.23749999702,133739.22260000184],[402152.31300000101,133730.61960000172],[402150.79219999909,133729.65100000054],[402139.43500000238,133722.50169999897],[402128.03199999779,133715.3134999983],[402116.64249999821,133708.11120000109],[402105.26810000092,133700.89209999889],[402093.89760000259,133693.66539999843],[402082.53209999949,133686.42550000176],[402071.51009999961,133679.38210000098],[402071.13289999962,133679.13760000095],[402059.83190000057,133671.89620000124],[402057.39829999954,133670.3339000009],[402048.48680000007,133664.6165000014],[402037.18289999664,133657.33049999923],[402033.63639999926,133655.06549999863],[402010.03130000085,133639.93780000135],[401970.05409999937,133614.66369999945],[401965.184799999,133611.50939999893],[401956.41219999641,133605.82770000026],[401948.70149999857,133600.82719999924],[401938.68530000001,133594.3385999985],[401899.14959999919,133569.26570000127],[401860.40470000356,133544.815200001],[401853.72269999981,133540.59659999982],[401837.40139999986,133529.85139999911],[401821.30240000039,133519.80719999969],[401813.92629999667,133515.07899999991],[401804.43429999799,133508.99769999832],[401794.61819999665,133502.70030000061],[401761.74509999901,133481.66829999909],[401729.69340000302,133461.08370000124],[401691.00389999896,133436.45670000091],[401668.63189999759,133422.15900000185],[401660.61930000037,133417.03730000183],[401651.86240000278,133411.43569999933],[401645.44479999691,133407.34360000119],[401639.7555000037,133403.72580000013],[401619.64930000156,133391.61270000041],[401619.08169999719,133391.25319999829],[401596.46019999683,133376.20439999923],[401591.67029999942,133373.16070000082],[401549.17199999839,133346.01469999924],[401544.48820000142,133343.06120000035],[401534.47869999707,133336.72509999946],[401526.34089999646,133331.57649999857],[401507.21130000055,133319.47679999843],[401495.67279999703,133312.17779999971],[401494.7928000018,133311.62139999866],[401483.16499999911,133304.24010000005],[401474.97320000082,133299.02899999917],[401462.5876000002,133291.16180000082],[401450.50900000334,133283.48990000039],[401420.1501000002,133264.08060000092],[401415.97879999876,133261.42790000141],[401391.95470000058,133246.14990000054],[401390.63700000197,133245.31309999898],[401358.83179999888,133225.44110000134],[401358.45949999988,133225.20080000162],[401355.99949999899,133223.56080000103],[401354.96480000019,133222.80519999936],[401354.02480000257,133222.05519999936],[401353.73820000142,133221.82070000097],[401353.36140000075,133221.4935999997],[401353.02409999818,133221.19090000167],[401352.55569999665,133220.77760000154],[401351.87340000272,133220.13659999892],[401351.02340000123,133219.28660000116],[401350.36439999938,133218.58379999921],[401349.56440000236,133217.67379999906],[401349.33929999918,133217.41180000082],[401349.04389999807,133217.04839999974],[401348.30390000343,133216.1083999984],[401347.78400000185,133215.40689999983],[401347.09399999678,133214.41690000147],[401346.60379999876,133213.66679999977],[401345.97380000353,133212.63679999858],[401345.77960000187,133212.30999999866],[401345.55889999866,133211.91409999877],[401344.98889999837,133210.85410000011],[401344.61360000074,133210.10689999908],[401344.10360000283,133209.01689999923],[401343.72869999707,133208.14479999989],[401343.28869999945,133207.02479999885],[401342.58352996683,133204.68572658944],[401342.26741373091,133202.26320729847],[401342.34873684874,133199.82150384798],[401342.82534207701,133197.42538685459],[401343.68458659679,133195.13841767143],[401344.9036773874,133193.02126230774],[401346.4502758524,133191.13008215302],[401348.28335565992,133189.51504419409],[401350.35429104033,133188.21899024467],[401352.60814667313,133187.27630048862],[401354.98513494607,133186.71198148309],[401357.42220193002,133186.54100281411],[401359.85469999909,133186.76790000126]]]},"properties":{"OBJECTID":66,"ROUTEID":"13061162","FROMMEASURE":0,"TOMEASURE":3844.6858000000002,"ROUTENAME":"MINNESOTA AVE SE","CORRIDORID":"13061162_1","FROMSTREET":"GOOD HOPE RD SE","TOSTREET":"MARTIN LUTHER KING JR AVE SE","LENGTH_MI":2.3889722099999999,"TIER_1":1,"TIER_2":0,"TIER_3":0,"GIS_ID":"HIN_CorridorsLn_53","SE_ANNO_CAD_DATA":null,"BUFF_DIST":15,"ORIG_FID":53,"SHAPE_Length":7783.5732448015324,"SHAPE_Area":116046.44243462531}},{"type":"Feature","id":67,"geometry":{"type":"Polygon","coordinates":[[[404631.32680000365,132862.39860000089],[404633.69223651331,132863.01805361646],[404635.92559974978,132864.01359433218],[404637.96754085121,132865.35876688661],[404639.76379776181,132867.01782498512],[404641.26663717878,132868.94668121345],[404642.43612300599,132871.09407860631],[404643.24117760599,132873.40295273758],[404643.66040764982,132875.81194813675],[404643.68267261831,132878.2570487347],[404643.30738084752,132880.67327901133],[404642.54450525146,132882.99643063956],[404641.41431830422,132885.16476874216],[404639.94685332419,132887.12067241958],[404638.1811063757,132888.81216595398],[404636.16399999708,132890.19429999962],[404628.03920000046,132894.78920000046],[404627.25800000131,132895.20120000094],[404590.60239999741,132913.17000000179],[404567.70459999889,132924.91739999875],[404560.15869999677,132928.7853000015],[404552.54510000348,132932.69709999859],[404545.03050000221,132936.5438000001],[404490.90410000086,132964.83069999889],[404436.8898999989,132993.23389999941],[404424.74170000106,132999.62189999968],[404398.43289999664,133013.30689999834],[404364.00429999828,133031.22140000015],[404363.23189999908,133031.62189999968],[404354.82620000094,133036.06329999864],[404346.28279999644,133040.57510000095],[404333.0680000037,133047.54850000143],[404324.32180000097,133052.09259999916],[404254.127700001,133088.55959999934],[404244.20880000293,133093.73860000074],[404231.35329999775,133100.44150000066],[404218.78320000321,133106.99159999937],[404206.84910000116,133113.2137000002],[404201.71249999851,133115.88630000129],[404167.39280000329,133133.93560000136],[404153.37929999828,133141.30750000104],[404146.01129999757,133145.1772999987],[404141.71209999919,133147.40769999847],[404097.50259999931,133170.29710000008],[404096.3599999994,133170.89359999821],[404085.6494999975,133176.41939999908],[404074.92130000144,133181.95850000158],[404066.59340000153,133186.25780000165],[404065.08169999719,133187.03319999948],[404059.05950000137,133190.17830000073],[404047.8580000028,133196.01909999922],[404035.30399999768,133202.57149999961],[403994.98950000107,133223.40799999982],[403970.87629999965,133236.20879999921],[403932.88329999894,133255.96139999852],[403883.36309999973,133281.89710000157],[403847.19189999998,133300.45340000093],[403829.4701000005,133309.64359999821],[403815.85930000246,133316.71400000155],[403806.90709999949,133321.35520000011],[403796.96559999883,133326.51520000026],[403762.59579999745,133344.55350000039],[403732.14459999651,133360.7388000004],[403728.17870000005,133362.82719999924],[403719.57410000265,133367.37440000102],[403711.06120000035,133371.86589999869],[403682.96970000118,133386.69559999928],[403625.42480000108,133417.53139999881],[403624.91799999774,133417.79069999978],[403615.37189999968,133422.44880000129],[403609.18930000067,133425.4701000005],[403602.39459999651,133428.78240000084],[403593.82760000229,133432.96139999852],[403592.34359999746,133433.69429999962],[403554.39570000023,133453.24139999971],[403515.17930000275,133473.49260000139],[403507.82329999655,133477.29120000079],[403460.47839999944,133502.37819999829],[403458.69749999791,133503.30009999871],[403444.97869999707,133510.4439000003],[403427.25819999725,133519.67419999838],[403305.15550000221,133583.24469999969],[403215.21429999918,133630.61529999971],[403213.59000000358,133631.46279999986],[403210.04529999942,133633.3200000003],[403194.66309999675,133641.3610999994],[403186.37370000035,133645.70080000162],[403140.65309999883,133669.60640000179],[403076.23730000108,133703.19949999824],[403073.02099999785,133704.87750000134],[403064.02130000293,133709.57730000094],[403055.52960000187,133714.00820000097],[403047.2752000019,133718.31610000134],[403006.8702000007,133739.13430000097],[402993.42509999871,133746.06129999831],[402948.4496999979,133769.4477000013],[402916.94839999825,133786.01790000126],[402909.59109999985,133789.88120000064],[402907.51330000162,133790.97580000013],[402903.51070000231,133793.06289999932],[402897.19139999896,133796.35249999911],[402886.05730000138,133802.15940000117],[402874.23650000244,133808.32589999959],[402864.30160000175,133813.37440000102],[402829.09589999914,133831.24089999869],[402812.179399997,133840.43120000139],[402803.92809999734,133844.91180000082],[402803.41070000082,133845.17990000173],[402795.43819999695,133849.11630000174],[402784.37749999762,133854.59259999916],[402743.27979999781,133876.35599999875],[402742.87860000134,133876.56080000103],[402709.17859999835,133893.13080000132],[402708.86320000142,133893.28139999881],[402707.3770999983,133893.96959999949],[402699.20019999892,133897.76170000061],[402690.3599999994,133902.01850000024],[402687.51470000297,133903.38459999859],[402684.12719999999,133905.28620000184],[402680.3532000035,133907.42020000145],[402676.56229999661,133909.57930000126],[402672.80250000209,133911.74049999937],[402669.01789999753,133913.92159999907],[402668.16719999909,133914.41409999877],[402665.2650000006,133916.09430000186],[402661.51889999956,133918.28869999945],[402657.78079999983,133920.48409999907],[402653.96100000292,133922.75299999863],[402653.14100000262,133923.19990000129],[402645.72169999778,133926.9459999986],[402618.57699999958,133940.41499999911],[402578.31509999931,133960.34039999917],[402569.77319999784,133965.01649999991],[402554.43140000105,133973.0326000005],[402546.95799999684,133977.58170000091],[402546.6296999976,133977.77589999884],[402541.19240000099,133980.88289999962],[402509.09969999641,133999.625],[402503.22169999778,134003.54369999841],[402502.44049999863,134004.03049999848],[402492.00439999998,134010.09800000116],[402489.58250000328,134011.91440000013],[402489.12160000205,134012.24659999833],[402488.71720000356,134012.52670000121],[402485.73650000244,134014.5903000012],[402484.69829999655,134015.24780000001],[402483.90649999678,134015.67379999906],[402476.41130000353,134019.42139999941],[402468.59690000117,134024.63100000098],[402467.72510000318,134025.17000000179],[402439.61980000138,134041.1026000008],[402426.94250000268,134048.28909999877],[402391.7220999971,134069.30009999871],[402386.29370000213,134072.5560999997],[402381.05820000172,134075.58779999986],[402376.80529999733,134077.98090000078],[402375.46220000088,134078.77100000158],[402372.86879999936,134080.29659999907],[402369.85140000284,134082.38540000096],[402368.87200000137,134083.00879999995],[402366.05510000139,134084.65210000053],[402364.02440000325,134086.00589999929],[402363.56509999931,134086.30020000041],[402360.04339999706,134088.46700000018],[402355.29770000279,134091.33779999986],[402351.17469999939,134093.94909999892],[402350.59629999846,134094.29729999974],[402346.32240000367,134096.71939999983],[402342.24149999768,134099.04969999939],[402331.20750000328,134105.06989999861],[402314.77359999716,134114.05930000171],[402309.2044999972,134117.2564000003],[402307.25100000203,134118.37779999897],[402306.68190000206,134118.68829999864],[402259.34820000082,134143.20540000126],[402258.92109999806,134143.41809999943],[402252.70430000126,134146.39130000025],[402218.07569999993,134164.89149999991],[402207.63260000199,134170.47069999948],[402199.42989999801,134174.85300000012],[402198.28369999677,134175.4653000012],[402192.14019999653,134178.74749999866],[402175.72950000316,134188.13940000162],[402148.42830000073,134203.76410000026],[402123.04039999843,134218.2938000001],[402074.33820000291,134248.91890000179],[402071.96159999818,134250.44260000065],[402066.09059999883,134254.20670000091],[402065.820600003,134254.37990000099],[401804.38840000331,134421.99329999834],[401780.08500000089,134437.57499999925],[401776.54100000113,134439.97569999844],[401707.14509999752,134486.9833999984],[401690.74769999832,134498.09169999883],[401656.23589999974,134521.46339999884],[401615.67949999869,134548.93389999866],[401603.39899999648,134557.25200000033],[401602.48690000176,134557.82319999859],[401601.95359999686,134558.11679999903],[401564.00140000135,134578.02070000023],[401555.57829999924,134582.43820000067],[401497.43349999934,134613.01190000027],[401437.94919999689,134643.4215000011],[401424.41319999844,134650.32220000029],[401309.23040000349,134710.27149999887],[401302.08190000057,134713.99210000038],[401299.79740277695,134714.95047949153],[401297.38631900703,134715.51977191929],[401294.91441681422,134715.68444846],[401292.44912329101,134715.44001716399],[401290.05768526264,134714.79314548415],[401287.80533496739,134713.76147840533],[401285.75351069053,134712.37315713463],[401283.95818088646,134710.66605148223],[401282.46831750445,134708.68672687092],[401281.32456016063,134706.48917415203],[401280.55810759438,134704.13333687463],[401280.18986664747,134701.68347618086],[401280.22988197964,134699.20641792819],[401280.67706207617,134696.76972985314],[401281.51920902176,134694.43987849823],[401282.73335122789,134692.28041617692],[401284.28637003829,134690.35024743085],[401286.13590312039,134688.70202226655],[401288.23149999976,134687.38069999963],[401295.38000000268,134683.66010000184],[401410.67509999871,134623.65269999951],[401424.30399999768,134616.70430000126],[401483.62870000303,134586.37680000067],[401541.630400002,134555.87779999897],[401550.067900002,134551.45270000026],[401587.2731000036,134531.94060000032],[401598.8553000018,134524.09549999982],[401639.4130000025,134496.62409999967],[401673.91820000112,134473.25659999996],[401690.32020000368,134462.14550000057],[401759.71630000323,134415.13760000095],[401763.41799999774,134412.63010000065],[401763.73430000246,134412.42159999907],[401788.19640000165,134396.73809999973],[402049.62879999727,134229.12460000068],[402049.89880000055,134228.95149999857],[402055.77009999752,134225.18730000034],[402058.26380000263,134223.58889999986],[402107.33380000293,134192.73209999874],[402107.84340000153,134192.42570000142],[402133.52690000087,134177.72670000046],[402160.8281000033,134162.10200000182],[402177.43069999665,134152.60029999912],[402177.81310000271,134152.38870000094],[402184.14769999683,134149.00450000167],[402185.29389999807,134148.39229999855],[402193.49610000104,134144.0102000013],[402203.93930000067,134138.43090000004],[402238.86200000346,134119.77360000089],[402239.45840000361,134119.47190000117],[402245.7629000023,134116.45670000091],[402292.59529999644,134092.19929999858],[402294.26839999855,134091.2388000004],[402300.10249999911,134087.89139999822],[402316.82609999925,134078.74170000106],[402327.616899997,134072.85570000112],[402331.47860000283,134070.64909999818],[402335.43230000138,134068.4085999988],[402339.5055000037,134065.83080000058],[402344.41219999641,134062.86100000143],[402347.61079999804,134060.8927000016],[402349.78760000318,134059.44150000066],[402350.54969999939,134058.96579999849],[402353.25370000303,134057.38830000162],[402356.24859999865,134055.31509999931],[402357.18090000004,134054.71930000186],[402360.25180000067,134052.91290000081],[402361.84130000323,134051.97920000181],[402366.17119999975,134049.54219999909],[402371.05799999833,134046.71290000156],[402376.31880000234,134043.55649999902],[402411.71850000322,134022.43840000033],[402411.95470000058,134022.30050000176],[402424.82519999892,134015.00429999828],[402452.40640000254,133999.36910000071],[402460.54699999839,133993.94200000167],[402461.3674999997,133993.43239999935],[402462.15929999948,133993.0064000003],[402469.53630000353,133989.31789999828],[402471.69669999927,133987.82229999825],[402474.70700000226,133985.57119999826],[402476.16749999672,133984.60370000079],[402486.96320000291,133978.32710000128],[402492.82880000025,133974.41670000181],[402493.58479999751,133973.94460000098],[402526.18940000236,133954.90379999951],[402531.5372999981,133951.84760000184],[402539.25190000236,133947.15170000121],[402539.55120000243,133946.97419999912],[402540.10589999706,133946.66939999908],[402555.62399999797,133938.56289999932],[402564.17909999937,133933.87790000066],[402564.73049999774,133933.59059999883],[402605.25649999827,133913.53449999914],[402632.28750000149,133900.12209999934],[402639.16009999812,133896.65179999918],[402642.52090000361,133894.65509999916],[402646.34120000154,133892.4114000015],[402650.17159999907,133890.1678000018],[402653.13620000333,133888.45129999891],[402654.01820000261,133887.94069999829],[402657.83749999851,133885.73959999904],[402661.68060000241,133883.53060000017],[402665.53660000116,133881.33430000022],[402669.39720000327,133879.15139999986],[402673.24740000069,133876.98999999836],[402674.09769999981,133876.54780000076],[402677.35670000315,133874.98310000077],[402686.38069999963,133870.63870000094],[402694.76299999654,133866.75039999932],[402696.10019999743,133866.13109999895],[402729.43919999897,133849.73860000074],[402770.52019999921,133827.9840000011],[402770.88440000266,133827.79740000144],[402782.14190000296,133822.2237999998],[402789.86829999834,133818.40890000015],[402797.86069999635,133814.0689000003],[402814.95939999819,133804.77950000018],[402815.33179999888,133804.5839000009],[402850.71850000322,133786.62559999898],[402860.50090000033,133781.65500000119],[402872.1828000024,133775.56060000136],[402883.32869999856,133769.74760000035],[402889.64930000156,133766.4571999982],[402893.59399999678,133764.40029999986],[402895.6174999997,133763.33430000022],[402902.99170000106,133759.46209999919],[402934.53840000182,133742.86820000038],[402979.63490000367,133719.41869999841],[402993.12990000099,133712.46579999849],[403033.47269999981,133691.67980000004],[403041.65049999952,133687.41180000082],[403050.13880000263,133682.98270000145],[403059.13899999857,133678.2826000005],[403062.3628000021,133676.60060000047],[403126.76690000296,133643.01370000094],[403172.46639999747,133619.11919999868],[403180.75689999759,133614.7789000012],[403196.13470000029,133606.74010000005],[403199.68999999762,133604.87730000168],[403201.28639999777,133604.04430000111],[403291.23160000145,133556.67170000076],[403413.40179999918,133493.06590000167],[403431.12129999697,133483.83610000089],[403444.88930000365,133476.66679999977],[403446.56819999963,133475.79800000042],[403493.91719999909,133450.70899999887],[403501.41430000216,133446.83700000122],[403540.64440000057,133426.57869999856],[403578.83479999751,133406.90780000016],[403580.60100000352,133406.03449999914],[403589.24539999664,133401.81769999862],[403596.03069999814,133398.51000000164],[403602.20809999853,133395.49120000005],[403611.50580000132,133390.95430000126],[403668.88629999757,133360.20679999888],[403697.05879999697,133345.33410000056],[403705.56599999964,133340.84560000151],[403714.18129999936,133336.2928000018],[403718.10849999636,133334.22480000183],[403748.58460000157,133318.02639999986],[403783.0794999972,133299.92229999974],[403793.09300000221,133294.7248999998],[403802.0407000035,133290.08610000089],[403815.64999999851,133283.01649999991],[403833.44399999827,133273.78889999911],[403869.56430000067,133255.25879999995],[403919.01070000231,133229.36169999838],[403956.92379999906,133209.65080000088],[403981.06970000267,133196.83289999887],[404021.47839999944,133175.94720000029],[404033.98210000247,133169.42100000009],[404045.18060000241,133163.58179999888],[404051.29529999942,133160.38870000094],[404052.86249999702,133159.58449999988],[404061.15879999846,133155.30160000175],[404071.8906000033,133149.76060000062],[404082.54190000147,133144.26529999822],[404083.66040000319,133143.68140000105],[404127.91059999913,133120.77089999989],[404132.12319999933,133118.58549999818],[404139.42080000043,133114.75259999931],[404153.42719999701,133107.38439999893],[404187.79720000178,133089.308699999],[404192.99090000242,133086.6063000001],[404204.91690000147,133080.38839999959],[404217.48669999838,133073.83850000054],[404230.33120000362,133067.14139999822],[404240.28109999746,133061.94629999995],[404310.49130000174,133025.47089999914],[404319.14989999682,133020.97250000015],[404332.27730000019,133014.04500000179],[404340.81390000135,133009.53680000082],[404349.32389999926,133005.04060000181],[404350.17570000142,133004.59870000184],[404384.58709999919,132986.69319999963],[404410.81819999963,132973.0485999994],[404422.9272999987,132966.68120000139],[404476.98560000211,132938.25499999896],[404531.24870000035,132909.89689999819],[404538.85490000248,132906.00290000066],[404546.46140000224,132902.09470000118],[404554.01539999992,132898.22269999981],[404577.15529999882,132886.3526000008],[404613.6576000005,132868.45740000159],[404621.33839999884,132864.11389999837],[404623.68630668416,132863.04129606398],[404626.18334562745,132862.38712367183],[404628.75556838955,132862.17075577861],[404631.32680000365,132862.39860000089]]]},"properties":{"OBJECTID":67,"ROUTEID":"13069812","FROMMEASURE":1803.3984,"TOMEASURE":5606.0785999999998,"ROUTENAME":"PENNSYLVANIA AVE SE","CORRIDORID":"13069812_1","FROMSTREET":"SYCAMORE DR SE","TOSTREET":"Driveway-58022292","LENGTH_MI":3.4834488100000001,"TIER_1":1,"TIER_2":0,"TIER_3":0,"GIS_ID":"HIN_CorridorsLn_54","SE_ANNO_CAD_DATA":null,"BUFF_DIST":15,"ORIG_FID":54,"SHAPE_Length":7699.589082510035,"SHAPE_Area":114786.67084659188}},{"type":"Feature","id":68,"geometry":{"type":"Polygon","coordinates":[[[399215.68379999697,134307.34169999883],[399213.15820000321,134308.01839999855],[399210.8376000002,134308.2435999997],[399202.73610000312,134308.39710000157],[399196.26399999857,134308.52840000018],[399194.82249999791,134308.47459999844],[399182.98059999943,134307.45439999923],[399160.05879999697,134306.58929999918],[399152.55950000137,134306.58929999918],[399141.07410000265,134306.58929999918],[399121.21159999818,134306.58929999918],[399108.875,134306.58929999918],[399098.97900000215,134306.58929999918],[399085.32020000368,134306.58929999918],[399075.62960000336,134306.75109999999],[399062.945600003,134306.84010000154],[399048.92979999632,134306.8403000012],[399042.05059999973,134306.94949999824],[399027.41170000285,134307.18180000037],[399027.10400000215,134307.18340000138],[399010.83340000361,134307.03240000084],[399008.63830000162,134307.01199999824],[398999.61150000244,134307.01199999824],[398969.61309999973,134307.01199999824],[398968.872299999,134307.01199999824],[398959.77080000192,134307.01199999824],[398943.45669999719,134307.01199999824],[398932.29450000077,134307.01199999824],[398922.16260000318,134307.01199999824],[398911.42899999768,134307.01199999824],[398888.33229999989,134307.01199999824],[398849.35019999743,134307.01199999824],[398811.05510000139,134307.01199999824],[398806.24669999629,134307.01199999824],[398800.92319999635,134307.01199999824],[398796.87039999664,134307.01199999824],[398784.43739999831,134307.01199999824],[398775.16409999877,134307.01199999824],[398753.35469999909,134307.01199999824],[398701.49310000241,134307.01199999824],[398700.41330000013,134307.01199999824],[398691.4776000008,134307.01199999824],[398680.48879999667,134307.18230000138],[398665.68980000168,134307.35489999875],[398645.68180000037,134307.35539999977],[398606.01280000061,134307.35539999977],[398573.89980000257,134307.35539999977],[398546.96920000017,134307.35539999977],[398498.44250000268,134307.45389999822],[398491.50959999859,134307.45389999822],[398472.32140000165,134307.47159999982],[398462.74719999731,134307.48420000076],[398453.73489999771,134307.48420000076],[398419.56669999659,134307.48420000076],[398374.3498999998,134307.48420000076],[398348.57029999793,134307.48420000076],[398312.98680000007,134307.48420000076],[398274.5279000029,134307.52760000154],[398271.92350795312,134307.30127209972],[398269.39796286548,134306.62621337772],[398267.02797482512,134305.52292784961],[398264.88552907808,134304.02492635127],[398263.0356995748,134302.17770869308],[398261.53467243502,134300.03738166345],[398260.428039369,134297.6689548596],[398259.74941288965,134295.14436610707],[398259.51940537692,134292.54029644362],[398259.74500300415,134289.93584103443],[398260.4193535425,134287.41010676109],[398261.52197448793,134285.03980945513],[398263.01937519043,134282.89694375606],[398264.86607408797,134281.04659636985],[398267.00598014885,134279.54496914623],[398269.37409656215,134278.43767202221],[398271.89849493012,134277.75833768051],[398274.50249999762,134277.52760000154],[398312.96149999648,134277.48420000076],[398348.57029999793,134277.48420000076],[398374.3498999998,134277.48420000076],[398419.56669999659,134277.48420000076],[398453.73489999771,134277.48420000076],[398462.72739999741,134277.48420000076],[398472.28779999912,134277.47159999982],[398491.48889999837,134277.45389999822],[398498.41200000048,134277.45389999822],[398546.92350000143,134277.35539999977],[398573.89980000257,134277.35539999977],[398606.01280000061,134277.35539999977],[398645.68180000037,134277.35539999977],[398665.5121999979,134277.35539999977],[398680.0869999975,134277.18499999866],[398691.24499999732,134277.01289999858],[398700.41330000013,134277.01199999824],[398701.49310000241,134277.01199999824],[398753.35469999909,134277.01199999824],[398775.16409999877,134277.01199999824],[398784.43739999831,134277.01199999824],[398796.87039999664,134277.01199999824],[398800.92319999635,134277.01199999824],[398806.24669999629,134277.01199999824],[398811.05510000139,134277.01199999824],[398849.35019999743,134277.01199999824],[398888.33229999989,134277.01199999824],[398911.42899999768,134277.01199999824],[398922.16260000318,134277.01199999824],[398932.29450000077,134277.01199999824],[398943.45669999719,134277.01199999824],[398959.77080000192,134277.01199999824],[398968.872299999,134277.01199999824],[398969.61309999973,134277.01199999824],[398999.61150000244,134277.01199999824],[399008.78279999644,134277.01229999959],[399011.11230000108,134277.0335999988],[399027.12690000236,134277.18259999901],[399041.57450000197,134276.95329999924],[399048.69240000099,134276.84129999951],[399062.84499999881,134276.8403000012],[399075.27049999684,134276.75319999829],[399085.06939999759,134276.59039999917],[399098.97900000215,134276.58929999918],[399108.875,134276.58929999918],[399121.21159999818,134276.58929999918],[399141.07410000265,134276.58929999918],[399152.55950000137,134276.58929999918],[399160.34099999815,134276.58929999918],[399160.90670000017,134276.60000000149],[399184.47320000082,134277.48939999938],[399185.1950000003,134277.53409999982],[399196.60109999776,134278.51680000126],[399202.14400000125,134278.40300000086],[399210.41149999946,134278.24769999832],[399212.87446508615,134278.42760605007],[399215.27453010215,134279.009199658],[399217.54663823283,134279.97671598766],[399219.62920109776,134281.30392927848],[399221.46576818189,134282.95486372634],[399223.00655699882,134284.88476865337],[399224.20980250806,134287.04133153218],[399225.04288920981,134289.36609598325],[399225.48323522956,134291.79604630961],[399225.51890442846,134294.26531561732],[399225.14892994752,134296.70697122143],[399224.38334041549,134299.05482894162],[399223.24288811028,134301.2452471084],[399221.75848644215,134303.21885165165],[399219.97037200595,134304.92214551033],[399217.92701391771,134306.30895873811],[399215.68379999697,134307.34169999883]]]},"properties":{"OBJECTID":68,"ROUTEID":"14057852","FROMMEASURE":0,"TOMEASURE":936.1065000000001,"ROUTENAME":"M ST SW","CORRIDORID":"14057852_1","FROMSTREET":"MACDILL BLVD SW","TOSTREET":"TINKER ST SW","LENGTH_MI":0.58166846999999999,"TIER_1":0,"TIER_2":0,"TIER_3":1,"GIS_ID":"HIN_CorridorsLn_55","SE_ANNO_CAD_DATA":null,"BUFF_DIST":15,"ORIG_FID":55,"SHAPE_Length":1966.4522690033941,"SHAPE_Area":28789.780760824357}},{"type":"Feature","id":69,"geometry":{"type":"Polygon","coordinates":[[[403490.01380000263,135788.3134999983],[403488.15039999783,135788.31329999864],[403286.49329999834,135788.23200000077],[403241.33720000088,135788.21079999954],[403060.97190000117,135788.13549999893],[403018.99229999632,135787.65340000018],[403001.34059999883,135788.13049999997],[403000.82819999754,135788.13529999927],[402966.78059999645,135787.64959999919],[402932.5204000026,135787.16699999943],[402869.07670000196,135787.65100000054],[402799.20400000364,135787.54140000045],[402789.33269999921,135787.52389999852],[402786.72911226359,135787.29152469264],[402784.20539680967,135786.61069601541],[402781.83819219022,135785.50208893017],[402779.69938413845,135783.9993688972],[402777.85392258887,135782.14816954301],[402776.35784931987,135780.00470688794],[402775.25659611338,135777.63407221445],[402774.58360511187,135775.10825541752],[402774.3593132692,135772.50395886195],[402774.59053173452,135769.9002681351],[402775.27023901546,135767.37625042672],[402776.37779420265,135765.00855346824],[402777.87956377905,135762.86907794388],[402779.72994298098,135761.02279405759],[402781.87274069409,135759.52576855992],[402784.24288582831,135758.42346214943],[402786.7684033548,135757.74934895162],[402789.37259999663,135757.52389999852],[402799.25419999659,135757.54140000045],[402868.99889999628,135757.65100000054],[402932.50930000097,135757.16640000045],[402932.7778000012,135757.16770000011],[402967.20620000362,135757.65260000154],[403000.84109999985,135758.13309999928],[403018.47089999914,135757.65659999847],[403018.96239999682,135757.65159999952],[403061.14959999919,135758.13599999994],[403241.35040000081,135758.21079999954],[403286.50630000234,135758.23200000077],[403488.1622999981,135758.31329999864],[403489.8478000015,135758.31399999931],[403569.49390000105,135757.20479999855],[403569.74819999933,135757.2034999989],[403586.04249999672,135757.30200000107],[403606.46360000223,135757.42570000142],[403616.28339999914,135757.42370000109],[403630.31430000067,135757.42570000142],[403656.32209999859,135757.42540000007],[403800.08500000089,135756.77120000124],[403821.32429999858,135756.73209999874],[403860.95380000025,135756.73209999874],[403917.61900000274,135756.73209999874],[403943.76430000365,135756.73209999874],[404003.69529999793,135756.44530000165],[404048.05740000308,135755.37559999898],[404069.71509999782,135754.85339999944],[404070.07670000196,135754.84899999946],[404071.17979999632,135754.88960000128],[404116.64050000161,135758.24199999869],[404132.75590000302,135758.24199999869],[404168.33680000156,135758.24199999869],[404243.46339999884,135757.96719999984],[404276.08839999884,135757.96709999815],[404320.10909999907,135757.96709999815],[404358.00029999763,135757.96709999815],[404403.41399999708,135757.96709999815],[404433.2255000025,135757.96709999815],[404455.51449999958,135757.96709999815],[404456.43490000069,135757.96709999815],[404468.8879000023,135757.96709999815],[404469.48740000278,135757.97910000011],[404476.15259999782,135758.24570000172],[404481.92119999975,135758.24570000172],[404487.70960000157,135757.98259999976],[404488.51730000228,135757.96819999814],[404501.16529999673,135758.18059999868],[404517.5781000033,135757.90029999986],[404561.20069999993,135757.47309999913],[404577.00599999726,135757.52710000053],[404599.9843999967,135757.60640000179],[404619.48369999975,135757.47569999844],[404659.20910000056,135757.47549999878],[404698.24120000005,135757.34459999949],[404746.10909999907,135757.32059999928],[404793.72339999676,135757.32059999928],[404809.58340000361,135757.3088000007],[404842.56059999764,135757.28440000117],[404878.5970999971,135757.28440000117],[404921.86879999936,135757.28440000117],[404960.82220000029,135757.28440000117],[404979.2826000005,135757.26370000094],[405003.75140000135,135757.23629999906],[405051.20289999992,135757.23629999906],[405094.8505000025,135757.23629999906],[405130.11169999838,135757.23629999906],[405137.44389999658,135757.23629999906],[405170.12690000236,135757.23629999906],[405180.44669999927,135757.23629999906],[405201.60989999771,135757.20169999823],[405204.40670000017,135757.20169999823],[405217.89559999853,135757.20169999823],[405256.27170000225,135757.20169999823],[405262.9328000024,135757.20169999823],[405276.91719999909,135757.20169999823],[405311.6501000002,135757.20169999823],[405337.63899999857,135757.20169999823],[405349.2976000011,135757.20169999823],[405359.23910000175,135757.20169999823],[405375.31499999762,135757.15029999986],[405385.02970000356,135757.15019999817],[405396.46180000156,135757.15019999817],[405403.877700001,135757.15019999817],[405408.59749999642,135756.95789999887],[405418.18599999696,135756.72850000113],[405418.65590000153,135756.72520000115],[405438.50699999928,135757.02309999987],[405458.65129999816,135757.02309999987],[405489.95799999684,135757.02309999987],[405510.42499999702,135757.02309999987],[405518.89710000157,135757.02309999987],[405530.47259999812,135757.02309999987],[405535.47119999677,135757.02309999987],[405538.89130000025,135757.02309999987],[405543.10059999675,135757.02309999987],[405545.7520999983,135757.25979999825],[405649.80820000172,135756.02320000157],[405664.91049999744,135755.84299999848],[405672.77149999887,135755.8423999995],[405682.67989999801,135755.8423999995],[405694.33680000156,135755.8423999995],[405704.82800000161,135755.8423999995],[405718.42769999802,135755.8423999995],[405731.05600000173,135755.8423999995],[405760.21379999816,135755.8423999995],[405819.62409999967,135755.96499999985],[405835.57959999889,135755.96499999985],[405841.31180000305,135755.96499999985],[405860.6651000008,135755.96499999985],[405882.96369999647,135755.96499999985],[405894.35100000352,135755.85860000178],[405902.01630000025,135755.75090000033],[405919.28390000015,135755.64620000124],[405919.6202000007,135755.64880000055],[405948.16910000145,135756.20259999856],[405971.75900000334,135756.20259999856],[406002.52250000089,135756.20259999856],[406003.66529999673,135756.20259999856],[406034.55319999903,135756.20259999856],[406050.80759999901,135756.20259999856],[406059.87370000035,135756.20259999856],[406060.95769999921,135756.20340000093],[406068.4768999964,135756.31340000033],[406071.79540000111,135756.36239999905],[406088.67830000073,135756.36239999905],[406117.93110000342,135756.36239999905],[406184.28100000322,135756.36239999905],[406200.4598999992,135756.36239999905],[406237.39360000193,135756.36239999905],[406237.80160000175,135756.36789999902],[406249.53519999981,135756.68710000068],[406261.37749999762,135756.57009999827],[406280.13319999725,135756.56980000064],[406303.06629999727,135756.65129999816],[406310.77899999917,135756.48950000107],[406319.8919999972,135756.40569999814],[406404.70709999651,135756.37889999896],[406414.95859999955,135756.12139999866],[406507.43429999799,135755.54039999843],[406553.21880000085,135755.54030000046],[406599.81830000132,135755.71559999883],[406611.97060000151,135755.71559999883],[406619.93590000272,135755.71559999883],[406648.75150000304,135755.71559999883],[406681.91899999976,135755.71559999883],[406690.17539999634,135755.73519999906],[406699.31549999863,135755.68739999831],[406704.19189999998,135755.72980000079],[406719.73849999905,135755.63910000026],[406740.75360000134,135755.48360000178],[406767.2173999995,135755.4833999984],[406799.87579999864,135755.48350000009],[406831.84120000154,135755.63859999925],[406864.24319999665,135755.48360000178],[406879.60710000247,135755.42669999972],[406879.8729000017,135755.42850000039],[406891.06580000371,135755.60610000044],[406900.82349999994,135755.60610000044],[406911.95639999956,135755.60610000044],[406932.60620000213,135755.60610000044],[406962.23430000246,135755.60610000044],[406991.1894999966,135755.60610000044],[406992.67090000212,135755.57959999889],[406993.05590000004,135755.57809999958],[407002.91179999709,135755.73050000146],[407010.95750000328,135755.70769999921],[407041.56710000336,135755.62110000104],[407042.07339999825,135755.628800001],[407051.86039999872,135755.94559999928],[407075.79309999943,135756.72019999847],[407111.25249999762,135756.81740000099],[407123.31610000134,135756.81740000099],[407132.9151000008,135756.83269999921],[407140.22129999846,135756.66660000011],[407140.56220000237,135756.66270000115],[407147.2405000031,135756.66279999912],[407179.90119999647,135756.83289999887],[407228.71869999915,135756.66279999912],[407273.2201000005,135756.66290000081],[407325.90690000355,135756.96869999915],[407356.27000000328,135756.96869999915],[407387.82440000027,135756.97419999912],[407398.62370000035,135757.00450000167],[407408.22330000252,135757.10500000045],[407446.4422999993,135757.10509999841],[407458.09049999714,135757.15509999916],[407471.58799999952,135757.21299999952],[407478.88669999689,135757.21299999952],[407489.53010000288,135757.04710000008],[407501.43060000241,135756.71649999917],[407513.00079999864,135756.07589999959],[407522.43930000067,135754.95129999891],[407526.78880000114,135754.40749999881],[407529.26402449969,135754.30421676228],[407531.72248995292,135754.60975131072],[407534.09713564307,135755.31576943464],[407536.32318724343,135756.40301274581],[407538.33992369811,135757.84182399735],[407540.09233353881,135759.59295605842],[407541.53261545859,135761.60864247667],[407542.62148221047,135763.83390042614],[407543.32923226431,135766.20803049975],[407543.63655998907,135768.66627243548],[407543.53508226207,135771.14157161256],[407543.02756713895,135773.56640813177],[407542.12785834819,135775.87463858753],[407540.86049766949,135778.00330029274],[407539.26005549578,135779.89432874141],[407537.37018784054,135781.49614146168],[407535.24244551221,135782.76504505504],[407532.93486793834,135783.66642704167],[407530.51039999723,135784.17570000142],[407526.07680000365,135784.72989999875],[407516.0775000006,135785.92139999941],[407515.13199999928,135786.00389999896],[407502.88470000029,135786.68200000003],[407502.47200000286,135786.69909999892],[407490.1772999987,135787.0401000008],[407479.12189999968,135787.21209999919],[407471.5148999989,135787.21299999952],[407457.96159999818,135787.1548999995],[407446.36860000342,135787.10500000045],[407408.06329999864,135787.10460000113],[407398.41539999843,135787.0036999993],[407387.79599999636,135786.97410000116],[407356.26609999686,135786.96869999915],[407325.82800000161,135786.96860000119],[407273.14109999686,135786.66270000115],[407228.76839999855,135786.66270000115],[407179.87820000201,135786.83289999887],[407147.16160000116,135786.66270000115],[407140.73160000145,135786.66270000115],[407133.41269999743,135786.8291000016],[407133.059799999,135786.83300000057],[407123.28010000288,135786.81740000099],[407111.22739999741,135786.81740000099],[407075.48900000006,135786.71939999983],[407075.0449000001,135786.71159999818],[407050.89010000229,135785.92990000173],[407041.36450000107,135785.62170000002],[407011.04249999672,135785.70749999955],[407002.83470000327,135785.73079999909],[407002.5800999999,135785.72899999842],[406992.95629999787,135785.57930000126],[406991.45780000091,135785.60489999875],[406962.23430000246,135785.60610000044],[406932.60620000213,135785.60610000044],[406911.95639999956,135785.60610000044],[406900.82349999994,135785.60610000044],[406890.82850000262,135785.60520000011],[406879.54439999908,135785.42700000107],[406864.37049999833,135785.48330000043],[406831.8396999985,135785.63859999925],[406799.8078000024,135785.4833999984],[406767.2173999995,135785.4833999984],[406740.86620000005,135785.4833999984],[406719.93720000237,135785.63839999959],[406704.15200000256,135785.72989999875],[406699.27260000259,135785.6875],[406690.20769999921,135785.73519999906],[406681.86559999734,135785.71559999883],[406648.75150000304,135785.71559999883],[406619.93590000272,135785.71559999883],[406611.97060000151,135785.71559999883],[406599.7602000013,135785.71559999883],[406553.16059999913,135785.54019999877],[406507.52740000188,135785.54019999877],[406415.43039999902,135786.11760000139],[406405.27650000155,135786.3740000017],[406404.90259999782,135786.378800001],[406320.03750000149,135786.40540000051],[406311.23179999739,135786.4860999994],[406303.51449999958,135786.64860000089],[406303.17199999839,135786.65190000087],[406280.08120000362,135786.56969999894],[406261.53010000288,135786.56969999894],[406249.47969999909,135786.68890000135],[406248.997299999,135786.683699999],[406237.18779999763,135786.36239999905],[406200.4598999992,135786.36239999905],[406184.28100000322,135786.36239999905],[406117.93110000342,135786.36239999905],[406088.67830000073,135786.36239999905],[406071.57159999758,135786.36160000041],[406068.03429999948,135786.31019999832],[406060.73449999839,135786.20259999856],[406059.87370000035,135786.20259999856],[406050.80759999901,135786.20259999856],[406034.55319999903,135786.20259999856],[406003.66529999673,135786.20259999856],[406002.52250000089,135786.20259999856],[405971.75900000334,135786.20259999856],[405947.8770999983,135786.20120000094],[405919.22749999911,135785.64689999819],[405902.31979999691,135785.74929999933],[405894.70910000056,135785.85640000179],[405883.09910000116,135785.9646999985],[405860.6651000008,135785.96499999985],[405841.31180000305,135785.96499999985],[405835.57959999889,135785.96499999985],[405819.57760000229,135785.96499999985],[405760.16730000079,135785.8423999995],[405731.05600000173,135785.8423999995],[405718.42769999802,135785.8423999995],[405704.82800000161,135785.8423999995],[405694.33680000156,135785.8423999995],[405682.67989999801,135785.8423999995],[405672.77149999887,135785.8423999995],[405665.08780000359,135785.8423999995],[405650.16730000079,135786.02100000158],[405544.50580000132,135787.28570000082],[405541.71769999713,135787.04069999978],[405538.89130000025,135787.02309999987],[405535.47119999677,135787.02309999987],[405530.47259999812,135787.02309999987],[405518.89710000157,135787.02309999987],[405510.42499999702,135787.02309999987],[405489.95799999684,135787.02309999987],[405458.65129999816,135787.02309999987],[405438.28119999915,135787.02230000123],[405418.60989999771,135786.72700000182],[405409.56400000304,135786.9422999993],[405404.79810000211,135787.13760000095],[405404.18410000205,135787.15019999817],[405396.46180000156,135787.15019999817],[405385.02970000356,135787.15019999817],[405375.35580000281,135787.15019999817],[405359.2798999995,135787.20169999823],[405349.2976000011,135787.20169999823],[405337.63899999857,135787.20169999823],[405311.6501000002,135787.20169999823],[405276.91719999909,135787.20169999823],[405262.9328000024,135787.20169999823],[405256.27170000225,135787.20169999823],[405217.89559999853,135787.20169999823],[405204.40670000017,135787.20169999823],[405201.64660000056,135787.20169999823],[405180.47119999677,135787.23629999906],[405170.12690000236,135787.23629999906],[405137.44389999658,135787.23629999906],[405130.11169999838,135787.23629999906],[405094.8505000025,135787.23629999906],[405051.20289999992,135787.23629999906],[405003.77660000324,135787.23629999906],[404979.31620000303,135787.26370000094],[404960.83900000155,135787.28440000117],[404921.86879999936,135787.28440000117],[404878.5970999971,135787.28440000117],[404842.57720000297,135787.28440000117],[404809.60570000112,135787.3088000007],[404793.73460000008,135787.32059999928],[404746.1203000024,135787.32059999928],[404698.29290000349,135787.34450000152],[404659.2547999993,135787.47549999878],[404619.59000000358,135787.47549999878],[404600.03000000119,135787.60649999976],[404576.90250000358,135787.52690000087],[404561.28249999881,135787.47309999913],[404517.9776000008,135787.89759999886],[404501.4218999967,135788.18059999868],[404501.03890000284,135788.18180000037],[404488.60379999876,135787.97289999947],[404482.94240000099,135788.23020000011],[404482.26129999757,135788.24570000172],[404475.85310000181,135788.24570000172],[404475.25360000134,135788.23369999975],[404468.58839999884,135787.96709999815],[404456.43490000069,135787.96709999815],[404455.51449999958,135787.96709999815],[404433.2255000025,135787.96709999815],[404403.41399999708,135787.96709999815],[404358.00029999763,135787.96709999815],[404320.10909999907,135787.96709999815],[404276.08839999884,135787.96709999815],[404243.51839999855,135787.96709999815],[404168.39190000296,135788.24199999869],[404132.75590000302,135788.24199999869],[404116.08799999952,135788.24199999869],[404114.98489999771,135788.2014000006],[404069.70440000296,135784.86230000108],[404048.78059999645,135785.36679999903],[404004.12799999863,135786.44209999964],[403943.8302000016,135786.73200000077],[403917.61900000274,135786.73209999874],[403860.95380000025,135786.73209999874],[403821.36569999903,135786.73209999874],[403800.18090000004,135786.77100000158],[403656.38080000132,135787.42529999837],[403630.31180000305,135787.42570000142],[403616.2845999971,135787.42370000109],[403606.39440000057,135787.42559999973],[403585.86079999804,135787.30139999837],[403569.76079999655,135787.20389999822],[403490.01380000263,135788.3134999983]]]},"properties":{"OBJECTID":69,"ROUTEID":"15031912","FROMMEASURE":3097.7921000000001,"TOMEASURE":7837.4956000000002,"ROUTENAME":"EAST CAPITOL ST BN","CORRIDORID":"15031912_5","FROMSTREET":"13TH ST NE/13TH ST SE","TOSTREET":"22ND ST SE","LENGTH_MI":2.9451099799999998,"TIER_1":0,"TIER_2":0,"TIER_3":1,"GIS_ID":"HIN_CorridorsLn_56","SE_ANNO_CAD_DATA":null,"BUFF_DIST":15,"ORIG_FID":56,"SHAPE_Length":9573.6210328099078,"SHAPE_Area":142897.36683001445}},{"type":"Feature","id":70,"geometry":{"type":"Polygon","coordinates":[[[399257.31570000201,142114.56920000166],[399259.65608242137,142115.17987414665],[399261.86788662575,142116.15876890186],[399263.8936016821,142117.48043122285],[399265.68055531377,142119.1104954849],[399267.18228347553,142121.0065770518],[399268.35973850323,142123.11937435347],[399269.18230442418,142125.39395081645],[399269.62859302794,142127.77116331481],[399269.68699999899,142130.18919999897],[399267.67490000278,142165.70309999958],[399262.87759999931,142229.0848999992],[399262.00590000302,142244.28110000119],[399261.49570000172,142253.34349999949],[399260.98550000042,142262.18820000067],[399260.68429999799,142267.47870000079],[399258.58460000157,142302.22269999981],[399256.39500000328,142340.53599999845],[399253.54249999672,142389.28830000013],[399253.3404000029,142392.50569999963],[399252.36770000309,142407.99399999902],[399250.95600000024,142430.47289999947],[399248.43779999763,142480.11459999904],[399247.86900000274,142489.91679999977],[399246.5856000036,142512.02739999816],[399244.26309999824,142552.03799999878],[399244.13319999725,142554.13630000129],[399243.07400000095,142572.14290000126],[399242.20440000296,142586.85590000078],[399241.84329999983,142593.09400000051],[399241.36150000244,142600.92489999905],[399238.49539999664,142647.14139999822],[399236.07660000026,142692.38789999858],[399234.74480000138,142715.17929999903],[399234.24469999969,142723.85130000114],[399233.71350000054,142732.90150000155],[399233.54770000279,142735.64039999992],[399231.83070000261,142759.95490000024],[399231.58280000091,142763.28799999878],[399231.37139999866,142766.51619999856],[399231.17589999735,142769.80139999837],[399231.00249999762,142773.03810000047],[399230.8580000028,142776.28429999948],[399230.74279999733,142779.52039999887],[399230.65609999746,142782.75699999928],[399230.58739999682,142786.06140000001],[399230.53959999979,142789.28220000118],[399230.52939999849,142792.63320000097],[399230.42040000111,142801.64860000089],[399230.51940000057,142825.69920000061],[399230.60620000213,142829.72170000151],[399230.81610000134,142838.63800000027],[399230.98629999906,142846.3489000015],[399230.98950000107,142846.76720000058],[399230.97909999639,142847.70740000159],[399230.67019999772,142876.60559999943],[399230.78000000119,142911.85570000112],[399230.77000000328,142952.85649999976],[399230.79990000278,142960.27380000055],[399230.82989999652,142968.93589999899],[399230.90990000218,142990.24929999933],[399230.96989999712,143004.01359999925],[399230.98990000039,143010.41319999844],[399230.9496999979,143017.38690000027],[399230.9096999988,143024.29690000042],[399230.86980000138,143031.18609999865],[399230.83980000019,143038.08610000089],[399230.79980000108,143044.9860999994],[399230.76990000159,143051.8852000013],[399230.7397999987,143058.79610000178],[399230.69979999959,143065.69610000029],[399230.6699000001,143072.58520000055],[399230.6400000006,143079.46220000088],[399230.6400000006,143079.871199999],[399230.64999999851,143088.36219999939],[399230.65999999642,143096.69530000165],[399230.68999999762,143135.75470000133],[399230.69990000129,143143.52930000052],[399230.72929999977,143146.877700001],[399230.8396999985,143156.70919999853],[399230.80590000004,143186.99480000138],[399230.88350000232,143223.53350000083],[399230.80009999871,143265.67350000143],[399230.7201000005,143306.0821999982],[399230.78949999809,143314.87339999899],[399230.80969999731,143317.1314000003],[399231.00999999791,143388.30449999869],[399230.99000000209,143400.02699999884],[399230.95939999819,143416.0672999993],[399230.84880000353,143424.99859999865],[399230.73889999837,143433.64559999853],[399230.63009999692,143442.67779999971],[399230.67000000179,143471.46959999949],[399230.67000000179,143472.45380000025],[399230.65999999642,143492.5401000008],[399230.64999999851,143504.37269999832],[399230.64999999851,143505.36100000143],[399230.75959999859,143515.94209999964],[399230.75999999791,143517.60000000149],[399230.75519999862,143517.97960000113],[399230.71519999951,143519.55959999934],[399230.70080000162,143519.9384999983],[399230.61230000108,143521.66019999981],[399230.49379999936,143523.38179999962],[399230.45269999653,143523.86080000177],[399230.27700000256,143525.57149999961],[399230.07129999995,143527.28209999949],[399230.02340000123,143527.64169999957],[399229.87340000272,143528.67170000076],[399229.27251982316,143531.21638794121],[399228.23888798174,143533.61807462369],[399226.80391085258,143535.80378602809],[399225.01118948101,143537.7071104325],[399222.91519478802,143539.27021629948],[399220.57961249916,143540.44560945762],[399218.0754080863,143541.19757618764],[399215.47867051832,143541.50326836549],[399212.86830033665,143541.35339769087],[399210.32361230266,143540.75251790747],[399207.92192545929,143539.71888643986],[399205.73621383152,143538.2839096509],[399203.83288914809,143536.49118857563],[399202.26978295483,143534.39519412591],[399201.09438943316,143532.05961201998],[399200.34242231335,143529.55540772417],[399200.03672973131,143526.95867020378],[399200.18659999967,143524.34829999879],[399200.31069999933,143523.49650000036],[399200.46140000224,143522.25059999898],[399200.5829000026,143521.05909999833],[399200.66650000215,143519.85799999908],[399200.7295999974,143518.61140000075],[399200.75999999791,143517.41000000015],[399200.75999999791,143516.09899999946],[399200.65039999783,143505.51799999923],[399200.64999999851,143504.35370000079],[399200.65999999642,143492.51990000159],[399200.67000000179,143472.44629999995],[399200.67000000179,143471.50079999864],[399200.630400002,143442.54679999873],[399200.74120000005,143433.27439999953],[399200.85119999945,143424.62150000036],[399200.96010000259,143415.85920000076],[399200.99000000209,143399.97309999913],[399201.00999999791,143388.30440000072],[399200.81030000001,143317.31659999862],[399200.79060000181,143315.12669999897],[399200.72020000219,143306.14950000122],[399200.80009999871,143265.61410000175],[399200.88340000063,143223.5364000015],[399200.80590000004,143187.01480000094],[399200.83990000188,143156.83199999854],[399200.73080000281,143147.17049999908],[399200.70030000061,143143.67540000007],[399200.68999999762,143135.78539999947],[399200.65999999642,143096.72480000183],[399200.64999999851,143088.39779999852],[399200.6400000006,143079.88879999891],[399200.64010000229,143079.38740000129],[399200.67010000348,143072.45479999855],[399200.70019999892,143065.54390000179],[399200.74019999802,143058.64389999956],[399200.77009999752,143051.75490000099],[399200.80020000041,143044.83399999887],[399200.84019999951,143037.93389999866],[399200.8702000007,143031.03390000015],[399200.9103000015,143024.12310000136],[399200.95030000061,143017.21310000122],[399200.98990000039,143010.38269999996],[399200.9701000005,143004.12640000135],[399200.91009999812,142990.37099999934],[399200.8300999999,142969.04419999942],[399200.80009999871,142960.38630000129],[399200.77000000328,142952.90890000015],[399200.78000000119,142911.88329999894],[399200.67029999942,142876.51209999993],[399200.98099999875,142847.37269999832],[399200.98809999973,142846.75659999996],[399200.82389999926,142839.32169999927],[399200.61389999837,142830.39840000123],[399200.5217999965,142826.08269999921],[399200.42040000111,142801.54989999905],[399200.53029999882,142792.4028000012],[399200.54089999944,142789.01649999991],[399200.59250000119,142785.51300000027],[399200.66430000216,142782.05350000039],[399200.7575000003,142778.58229999989],[399200.88220000267,142775.07959999889],[399201.03819999844,142771.57530000061],[399201.22399999946,142768.10319999978],[399201.42930000275,142764.65439999849],[399201.65670000017,142761.18349999934],[399201.91070000082,142757.76509999856],[399203.61200000346,142733.67880000174],[399203.76630000025,142731.12189999968],[399204.29540000111,142722.10880000144],[399204.79519999772,142713.44069999829],[399206.12399999797,142690.70069999993],[399208.54510000348,142645.41550000012],[399211.41860000044,142599.07519999892],[399211.89760000259,142591.28959999979],[399212.25559999794,142585.10420000181],[399213.12600000203,142570.3770999983],[399214.18729999661,142552.33619999886],[399214.31620000303,142550.253800001],[399216.63599999994,142510.2890000008],[399217.91939999908,142488.17839999869],[399218.4824000001,142478.47940000147],[399221.00439999998,142428.76999999955],[399222.42670000345,142406.11360000074],[399223.39940000325,142390.62510000169],[399223.59749999642,142387.47159999982],[399226.4450000003,142338.8040000014],[399228.63589999825,142300.46970000118],[399230.73520000279,142265.73020000011],[399231.0345999971,142260.47179999948],[399231.54389999807,142251.64290000126],[399232.05420000106,142242.57899999991],[399232.94370000064,142227.09430000186],[399237.74040000141,142163.72150000185],[399239.7349999994,142128.49340000004],[399240.09054723335,142125.98835781476],[399240.86207527894,142123.57871164562],[399242.02763253776,142121.33302100305],[399243.55405645003,142119.31518051738],[399245.3979170394,142117.58260200184],[399247.50675258727,142116.18458096564],[399249.82056227908,142115.16089405271],[399252.27351335413,142114.54066731263],[399254.79581418604,142114.3415475029],[399257.31570000201,142114.56920000166]]]},"properties":{"OBJECTID":70,"ROUTEID":"15065322","FROMMEASURE":5333.2542000000003,"TOMEASURE":6731.6571000000004,"ROUTENAME":"NORTH CAPITOL ST BN","CORRIDORID":"15065322_2","FROMSTREET":"ROCK CREEK CHURCH RD NW/HAWAII AVE NE","TOSTREET":"MCDONALD PL NE/BLAIR RD NW","LENGTH_MI":0.86892617000000005,"TIER_1":1,"TIER_2":0,"TIER_3":0,"GIS_ID":"HIN_CorridorsLn_57","SE_ANNO_CAD_DATA":null,"BUFF_DIST":15,"ORIG_FID":57,"SHAPE_Length":2891.0551475884722,"SHAPE_Area":42658.686268103615}},{"type":"Feature","id":71,"geometry":{"type":"Polygon","coordinates":[[[399216.61909999698,136347.00840000063],[399219.13673416525,136347.68221482707],[399221.49973102723,136348.78164834299],[399223.63675235404,136350.27350895124],[399225.4832820564,136352.11275778813],[399226.98357390764,136354.24386843442],[399228.09233450721,136356.60250324264],[399228.77609067585,136359.11745567308],[399229.01420000196,136361.71279999986],[399229.1296999976,136387.31049999967],[399229.2098999992,136398.54989999905],[399229.14010000229,136460.34899999946],[399229.14999999851,136462.59899999946],[399229.1799999997,136475.16290000081],[399229.22999999672,136494.74159999937],[399229.28999999911,136518.11939999834],[399229.25919999927,136586.58570000157],[399228.90370000154,136610.36699999869],[399228.68990000337,136624.64009999856],[399228.04360000044,136667.78689999878],[399228.59870000184,136785.10069999844],[399228.67639999837,136801.54659999907],[399228.60679999739,136856.75719999894],[399228.82020000368,136928.30119999871],[399229.07079999894,136949.87370000035],[399228.92430000007,137001.93699999899],[399228.89620000124,137035.79540000111],[399228.89620000124,137036.05290000141],[399228.87009999901,137055.86070000008],[399228.82609999925,137089.37420000136],[399228.75620000064,137135.45109999925],[399228.80969999731,137168.1473999992],[399228.7575000003,137184.52059999853],[399228.72609999776,137194.33680000156],[399228.82609999925,137259.76570000127],[399228.79050000012,137268.54569999874],[399228.58129999787,137319.47819999978],[399228.32410000265,137382.06789999828],[399228.33690000325,137388.45199999958],[399228.4103000015,137425.22610000148],[399228.627700001,137471.80200000107],[399228.90940000117,137532.17000000179],[399229.32549999654,137621.33040000126],[399229.79169999808,137721.26700000092],[399229.79179999977,137781.55110000074],[399229.79179999977,137856.51080000028],[399229.79179999977,137860.39559999853],[399229.89699999988,137924.23939999938],[399229.92390000075,137940.56989999861],[399229.98099999875,137975.24219999835],[399230.00940000266,137992.51130000129],[399230.00940000266,138057.18690000102],[399230.00940000266,138103.64710000157],[399230.00940000266,138139.23589999974],[399230.00940000266,138139.86430000141],[399230.06189999729,138175.80909999833],[399230.07190000266,138182.67130000144],[399230.08600000292,138192.37579999864],[399230.12889999896,138221.79800000042],[399230.22709999979,138289.17469999939],[399230.22709999979,138304.08999999985],[399230.22709999979,138386.57950000092],[399230.22709999979,138420.21009999886],[399230.22709999979,138443.0560999997],[399230.26389999688,138468.92460000142],[399230.380400002,138551.00109999999],[399230.44479999691,138596.26339999959],[399230.5468999967,138633.00820000097],[399230.76799999923,138712.48910000175],[399230.88009999692,138752.76709999889],[399230.88009999692,138771.51940000057],[399230.88009999692,138792.00109999999],[399230.88009999692,138915.16340000182],[399230.88009999692,139033.46200000122],[399230.88009999692,139071.54690000042],[399230.88009999692,139111.78119999915],[399230.88009999692,139151.55999999866],[399230.88009999692,139191.05680000037],[399230.88009999692,139235.77039999887],[399230.88009999692,139270.50129999965],[399230.78059999645,139388.82389999926],[399231.14750000089,139413.47899999842],[399231.28920000046,139495.78750000149],[399231.28920000046,139499.60700000077],[399231.28920000046,139508.09530000016],[399231.25890000165,139515.96339999884],[399231.25890000165,139580.5989000015],[399231.25840000063,139618.01570000127],[399231.1576000005,139626.60249999911],[399231.1548999995,139635.08060000092],[399231.1548999995,139661.55959999934],[399231.1548999995,139684.91389999911],[399231.3227000013,139695.32220000029],[399231.32069999725,139695.74340000004],[399231.1548999995,139704.04270000011],[399231.1548999995,139732.78460000083],[399231.1548999995,139762.83650000021],[399231.70369999856,139772.07950000092],[399231.73009999841,139772.9776000008],[399231.71899999678,139782.10319999978],[399231.47089999914,139811.52100000158],[399231.47089999914,139848.82180000097],[399231.45889999717,139849.4215000011],[399230.80680000037,139865.71990000084],[399231.05960000306,139878.84569999948],[399231.53090000153,139898.16919999942],[399231.99379999936,139908.81359999999],[399233.15299999714,139926.89719999954],[399235.70970000327,139950.60469999909],[399237.29079999775,139961.89889999852],[399239.09329999983,139971.36199999973],[399240.4849999994,139977.85669999942],[399240.6018999964,139978.46420000121],[399241.80340000242,139985.67110000178],[399242.6344999969,139990.65689999983],[399244.10899999738,139996.13379999995],[399244.2023999989,139996.49929999933],[399246.11299999803,140004.38069999963],[399247.17759999633,140008.85179999843],[399248.9327000007,140014.33779999986],[399250.86789999902,140020.6259999983],[399252.4822999984,140025.93050000072],[399255.0019999966,140033.48950000107],[399256.52120000124,140037.82999999821],[399258.17880000174,140041.97410000116],[399260.15789999813,140046.34299999848],[399260.60520000011,140047.44480000064],[399262.80489999801,140053.60379999876],[399265.66049999744,140059.9739000015],[399265.81909999996,140060.34050000086],[399268.07280000299,140065.74949999899],[399277.18869999796,140085.14970000088],[399340.01190000027,140215.45650000125],[399351.23009999841,140238.72509999946],[399360.82710000128,140258.48380000144],[399377.70579999685,140293.15260000154],[399381.70380000025,140301.14869999886],[399381.87560000271,140301.50400000066],[399392.25090000033,140323.69570000097],[399392.42400000244,140324.07979999855],[399402.79940000176,140348.00079999864],[399403.03010000288,140348.56370000169],[399407.43800000101,140359.97239999846],[399407.94810000062,140361.29309999943],[399411.24629999697,140370.00919999927],[399411.97839999944,140371.94429999962],[399415.53199999779,140381.08179999888],[399415.96920000017,140382.20609999821],[399420.34019999951,140393.24659999833],[399420.53059999645,140393.75580000132],[399438.36720000207,140445.42240000144],[399439.5019999966,140448.70980000123],[399439.67660000175,140449.24819999933],[399448.84099999815,140479.44559999928],[399448.93249999732,140479.75950000063],[399454.04050000012,140498.01309999824],[399454.13289999962,140498.35929999873],[399458.62389999628,140516.02369999886],[399463.5279000029,140534.69970000163],[399463.64379999787,140535.17229999974],[399467.62129999697,140552.60319999978],[399467.71289999783,140553.03339999914],[399473.32819999754,140581.46079999954],[399473.39630000293,140581.83089999855],[399477.46570000052,140606.21799999848],[399477.55150000006,140606.80359999835],[399482.9130000025,140649.17350000143],[399482.96190000325,140649.6110999994],[399483.16250000149,140651.68290000036],[399483.77639999986,140658.02169999853],[399484.5252000019,140665.51040000096],[399484.56149999797,140665.93420000002],[399485.04360000044,140672.68340000138],[399485.76640000194,140679.42980000004],[399485.82400000095,140680.11470000073],[399487.02430000156,140699.80070000142],[399487.51990000159,140709.1708999984],[399487.72169999778,140712.98950000107],[399488.13319999725,140721.19429999962],[399488.31109999865,140727.24799999967],[399488.59390000254,140735.57559999824],[399488.60209999979,140735.98059999943],[399488.71700000018,140752.69779999927],[399488.55009999871,140766.34560000151],[399488.0455000028,140785.04399999976],[399487.75029999763,140794.03819999844],[399487.7282000035,140794.49799999967],[399486.63509999961,140811.683699999],[399486.20880000293,140820.20949999988],[399486.16149999946,140820.86589999869],[399485.02359999716,140832.95659999922],[399484.09839999676,140845.1035999991],[399484.02589999884,140845.82499999925],[399482.56440000236,140857.51630000025],[399481.10880000144,140870.29430000111],[399479.63939999789,140883.68149999902],[399479.5346999988,140884.45080000162],[399477.42670000345,140897.42370000109],[399475.64350000024,140909.41939999908],[399475.56539999694,140909.89149999991],[399469.66849999875,140941.5075000003],[399469.57259999961,140941.97920000181],[399463.26309999824,140970.66050000116],[399460.75559999794,140981.16519999877],[399454.98489999771,141003.66739999875],[399454.88340000063,141004.04270000011],[399445.85140000284,141035.81060000136],[399445.70499999821,141036.29439999908],[399440.25460000336,141053.26839999855],[399440.12179999799,141053.66290000081],[399433.21890000254,141073.26990000159],[399425.98279999942,141092.62079999968],[399420.51049999893,141106.85640000179],[399420.34610000253,141107.26619999856],[399416.88400000334,141115.53660000116],[399355.14490000159,141263.02400000021],[399315.85339999944,141355.15619999915],[399303.46570000052,141387.45259999856],[399294.04299999774,141418.29080000147],[399291.08900000155,141442.34430000186],[399289.79399999976,141463.06399999931],[399290.19690000266,141495.22590000182],[399293.21689999849,141522.08779999986],[399301.63270000368,141556.5604000017],[399317.75370000303,141605.24100000039],[399318.33563816827,141607.64905816226],[399318.51328605053,141610.12005742759],[399318.28179787728,141612.58659535853],[399317.64748804423,141614.98139121098],[399316.62765887508,141617.23912117819],[399315.2501286589,141619.29820025459],[399313.55247283983,141621.10246211453],[399311.5809990564,141622.60269118383],[399309.38948398945,141623.7579651126],[399307.03770647419,141624.53677103063],[399304.58981688897,141624.91786513664],[399302.11258729943,141624.89085217391],[399299.67359009053,141624.45646898579],[399297.33935476706,141623.62656441674],[399295.17355320184,141622.42377610644],[399293.23526283266,141620.88091299392],[399291.57735518314,141619.04006037491],[399290.24505366496,141616.95143192451],[399289.27470000088,141614.67199999839],[399272.96419999748,141565.41919999942],[399272.63170000166,141564.2611999996],[399263.84570000321,141528.27230000123],[399263.64559999853,141527.31949999928],[399263.51160000265,141526.39059999958],[399260.30139999837,141497.83610000089],[399260.20870000124,141496.34820000082],[399259.78880000114,141462.78319999948],[399259.81740000099,141461.75360000134],[399261.1753000021,141440.02629999816],[399261.25800000131,141439.1334999986],[399264.42660000175,141413.33240000159],[399264.54259999841,141412.5560999997],[399264.96940000355,141410.77749999985],[399274.92769999802,141378.18670000136],[399275.2228000015,141377.31899999827],[399287.94210000336,141344.15469999984],[399288.14959999919,141343.64220000058],[399327.50829999894,141251.35289999843],[399389.21079999954,141103.95230000094],[399392.58889999986,141095.8825000003],[399397.92960000038,141081.98990000039],[399405.02109999955,141063.02809999883],[399411.75400000066,141043.90029999986],[399417.06419999897,141027.36309999973],[399425.97349999845,140996.02679999918],[399431.63459999859,140973.95589999855],[399434.02300000191,140963.95069999993],[399440.22089999914,140935.77160000056],[399446.01009999961,140904.73490000144],[399447.78289999813,140892.81399999931],[399449.86069999635,140880.02320000157],[399451.29290000349,140866.97610000148],[399452.77679999918,140853.95259999856],[399454.2126000002,140842.46319999918],[399455.13159999996,140830.41349999979],[399456.26259999722,140818.38309999928],[399456.68349999934,140809.98020000011],[399457.77409999818,140792.82140000165],[399458.05900000036,140784.14530000091],[399458.55579999834,140765.76009999961],[399458.71689999849,140752.62759999931],[399458.60429999977,140736.39400000125],[399458.32660000026,140728.21079999954],[399458.15699999779,140722.38699999824],[399457.76169999689,140714.53929999843],[399457.56170000136,140710.75439999998],[399457.07259999961,140701.50429999828],[399455.90039999783,140682.2826000005],[399455.18590000272,140675.61320000142],[399455.13859999925,140675.08399999887],[399454.6529000029,140668.28440000117],[399453.92040000111,140660.95879999921],[399453.30210000277,140654.57420000061],[399453.12259999663,140652.71990000084],[399447.82630000263,140610.86520000175],[399443.85360000283,140587.05590000004],[399438.32379999757,140559.06120000035],[399434.45000000298,140542.08460000157],[399429.57970000058,140523.53599999845],[399425.10239999741,140505.9263000004],[399420.08680000156,140488.00299999863],[399411.05129999667,140458.23020000011],[399410.00919999927,140455.21150000021],[399392.32360000163,140403.97899999842],[399388.04379999638,140393.16849999875],[399387.57180000097,140391.95499999821],[399383.96769999713,140382.68670000136],[399383.18760000169,140380.62559999898],[399379.93010000139,140372.01639999822],[399379.45430000126,140370.78510000184],[399375.15579999983,140359.65940000117],[399364.98460000008,140336.20910000056],[399354.78339999914,140314.3900000006],[399350.80099999905,140306.42419999838],[399333.84790000319,140271.60330000147],[399324.22580000013,140251.7928000018],[399312.98849999905,140228.48490000144],[399250.10090000182,140098.04369999841],[399240.77889999747,140078.20560000092],[399240.50869999826,140077.59569999948],[399238.20229999721,140072.0604000017],[399235.18869999796,140065.33769999817],[399234.76550000161,140064.28950000182],[399232.57590000331,140058.15890000015],[399230.71249999851,140054.04529999942],[399230.44879999757,140053.42680000141],[399228.54540000111,140048.66829999909],[399228.34600000083,140048.14029999822],[399226.61309999973,140043.1884999983],[399223.95970000327,140035.23099999875],[399223.83980000019,140034.85480000079],[399222.18699999899,140029.42390000075],[399220.31009999663,140023.32420000061],[399218.43129999936,140017.45289999992],[399218.12560000271,140016.35550000146],[399216.93999999762,140011.37590000033],[399215.09220000356,140003.75389999896],[399213.47500000149,139997.74680000171],[399213.1753000021,139996.38280000165],[399212.21159999818,139990.60339999944],[399211.07880000025,139983.80620000139],[399209.72330000252,139977.48039999977],[399209.65529999882,139977.14429999888],[399207.73340000212,139967.05059999973],[399207.63189999759,139966.42449999973],[399205.96649999917,139954.52829999849],[399205.90810000151,139954.05700000003],[399203.29089999944,139929.78880000114],[399203.2351000011,139929.14009999856],[399202.0372999981,139910.42810000107],[399201.54829999804,139899.18670000136],[399201.06679999828,139879.49570000172],[399200.80240000039,139865.70870000124],[399200.81300000101,139864.96449999884],[399201.47089999914,139848.52199999988],[399201.47119999677,139811.39029999822],[399201.71930000186,139781.95529999956],[399201.7295999974,139773.4039000012],[399201.18129999936,139764.17009999976],[399201.1548999995,139763.28099999949],[399201.1548999995,139732.78460000083],[399201.15640000254,139703.74350000173],[399201.32129999995,139695.41499999911],[399201.15590000153,139685.15540000051],[399201.1548999995,139661.55959999934],[399201.1548999995,139635.07360000163],[399201.15810000151,139626.41679999977],[399201.25890000165,139617.83469999954],[399201.25890000165,139580.5989000015],[399201.25900000334,139515.90269999951],[399201.28920000046,139508.03460000083],[399201.28920000046,139499.60700000077],[399201.28920000046,139495.82600000128],[399201.14850000292,139413.7239000015],[399200.78109999746,139388.99709999934],[399200.88009999692,139270.48869999871],[399200.88009999692,139235.77039999887],[399200.88009999692,139191.05680000037],[399200.88009999692,139151.55999999866],[399200.88009999692,139111.78119999915],[399200.88009999692,139071.54690000042],[399200.88009999692,139033.46200000122],[399200.88009999692,138915.16340000182],[399200.88009999692,138792.00109999999],[399200.88009999692,138771.51940000057],[399200.88009999692,138752.79369999841],[399200.76820000261,138712.57250000164],[399200.54710000008,138633.09160000086],[399200.44489999861,138596.3264000006],[399200.380400002,138551.04369999841],[399200.26389999688,138468.96719999984],[399200.22709999979,138443.0773999989],[399200.22709999979,138420.21009999886],[399200.22709999979,138386.57950000092],[399200.22709999979,138304.08999999985],[399200.22709999979,138289.20749999955],[399200.12889999896,138221.84180000052],[399200.08600000292,138192.41950000077],[399200.07190000266,138182.71499999985],[399200.06189999729,138175.85289999843],[399200.00940000266,138139.8861999996],[399200.00940000266,138139.23589999974],[399200.00940000266,138103.64710000157],[399200.00940000266,138057.18690000102],[399200.00940000266,137992.54830000177],[399199.98099999875,137975.29160000011],[399199.92390000075,137940.61930000037],[399199.89699999988,137924.28880000114],[399199.79179999977,137860.42029999942],[399199.79179999977,137856.51080000028],[399199.79179999977,137781.55110000074],[399199.79179999977,137721.3291000016],[399199.32590000331,137621.47040000185],[399198.90980000049,137532.30999999866],[399198.62810000032,137471.94200000167],[399198.41049999744,137425.32609999925],[399198.33690000325,137388.51209999993],[399198.32400000095,137382.04219999909],[399198.58150000125,137319.35500000045],[399198.7907000035,137268.42309999838],[399198.82599999756,137259.73279999942],[399198.72609999776,137194.32470000163],[399198.75770000368,137184.42489999905],[399198.80969999731,137168.13720000163],[399198.75620000064,137135.45360000059],[399198.82609999925,137089.33179999888],[399198.87009999901,137055.82119999826],[399198.89620000124,137036.03310000151],[399198.89620000124,137035.77679999918],[399198.92440000176,137001.88219999894],[399199.07100000232,136949.98829999939],[399198.82109999657,136928.52690000087],[399198.60679999739,136856.76799999923],[399198.67650000006,136801.58269999921],[399198.59910000116,136785.24269999936],[399198.04320000112,136667.74480000138],[399198.0447999984,136667.48460000008],[399198.69330000132,136624.19069999829],[399198.90709999949,136609.91759999841],[399199.25999999791,136586.35559999943],[399199.28999999911,136518.16189999878],[399199.22999999672,136494.81839999929],[399199.1799999997,136475.23710000142],[399199.14999999851,136462.70230000094],[399199.1400000006,136460.3964000009],[399199.2098999992,136398.62220000103],[399199.13030000031,136387.49760000035],[399199.01449999958,136361.81439999864],[399199.19801956578,136359.44091584222],[399199.75472645019,136357.1263567229],[399200.67059853044,136354.92902088043],[399201.92256716691,136352.90425397895],[399203.47909824713,136351.10305508145],[399205.30098645482,136349.5707921045],[399207.34234275896,136348.34605910847],[399209.551750249,136347.45970420487],[399211.87355920457,136346.93405256583],[399214.24928877992,136346.78234410597],[399216.61909999698,136347.00840000063]]]},"properties":{"OBJECTID":71,"ROUTEID":"15065322","FROMMEASURE":0,"TOMEASURE":5333.2532000000001,"ROUTENAME":"NORTH CAPITOL ST BN","CORRIDORID":"15065322_1","FROMSTREET":"LOUISIANA AVE NW/LOUISIANA AVE NE/Ramp-36000232","TOSTREET":"GOOD HOPE RD SE/INTERSTATE 295 I BN","LENGTH_MI":3.3139232700000001,"TIER_1":1,"TIER_2":0,"TIER_3":0,"GIS_ID":"HIN_CorridorsLn_58","SE_ANNO_CAD_DATA":null,"BUFF_DIST":15,"ORIG_FID":58,"SHAPE_Length":10760.729121606015,"SHAPE_Area":160703.4599360468}},{"type":"Feature","id":72,"geometry":{"type":"Polygon","coordinates":[[[399898.1521999985,128136.61850000173],[399900.52171962458,128137.23939543439],[399902.75859085826,128138.2376646769],[399904.80316267989,128139.58668671624],[399906.60091215052,128141.25048695589],[399908.10389838403,128143.18469655633],[399909.27204099495,128145.33773562637],[399910.0741889287,128147.65218871272],[399910.48895117216,128150.06633590748],[399910.50526719098,128152.5157987433],[399910.12270188332,128154.93525698471],[399909.3514571822,128157.26019053378],[399908.21209999919,128159.42859999835],[399907.44420000166,128160.63850000128],[399907.00389999896,128161.29340000078],[399903.62939999998,128166.03869999945],[399898.91690000147,128174.60420000181],[399897.34070000052,128176.88179999962],[399896.94269999862,128177.33709999919],[399887.65500000119,128187.54060000181],[399887.35859999806,128187.87189999968],[399886.81059999764,128188.45259999856],[399864.78119999915,128210.58199999854],[399852.16839999706,128223.25459999964],[399848.62409999967,128226.75820000097],[399845.08550000191,128230.21620000154],[399841.54900000244,128233.66160000116],[399836.77750000358,128238.2611999996],[399833.32999999821,128241.55660000071],[399829.87889999896,128244.82559999824],[399826.41809999943,128248.08399999887],[399822.94820000231,128251.32200000063],[399820.26370000094,128253.82200000063],[399818.68869999796,128255.28860000148],[399814.38759999722,128259.24489999935],[399810.07349999994,128263.17410000041],[399809.53509999812,128263.65989999846],[399804.12669999897,128268.5353000015],[399798.68980000168,128273.38940000162],[399798.34179999679,128273.69069999829],[399798.05889999866,128273.92220000178],[399794.24989999831,128276.96220000088],[399790.29270000011,128280.02450000122],[399786.28570000082,128283.01179999858],[399782.23390000314,128285.94009999931],[399778.13700000197,128288.79769999906],[399774.00119999796,128291.5896999985],[399769.80950000137,128294.32119999826],[399765.58600000292,128296.97920000181],[399761.30309999734,128299.57829999924],[399757.00100000203,128302.09109999985],[399731.44900000095,128316.52950000018],[399697.77080000192,128335.55849999934],[399665.79599999636,128353.63690000027],[399635.8219999969,128370.48350000009],[399624.96800000221,128376.65740000084],[399596.04330000281,128393.12009999901],[399593.45679999888,128394.58879999816],[399589.53790000081,128396.99260000139],[399585.50890000165,128399.51429999992],[399581.4979000017,128402.0914000012],[399577.5150000006,128404.70789999887],[399573.53779999912,128407.37240000069],[399569.61789999902,128410.05640000105],[399565.71769999713,128412.79239999875],[399561.84570000321,128415.56089999899],[399558.00779999793,128418.3740000017],[399554.54829999804,128420.96420000121],[399552.14039999992,128423.04300000146],[399549.32850000262,128425.45169999823],[399546.57249999791,128427.81260000169],[399543.83900000155,128430.1724999994],[399541.20560000092,128432.48149999976],[399538.63610000163,128434.79679999873],[399534.45440000296,128438.67920000106],[399532.25320000201,128440.77270000055],[399530.28769999743,128442.63219999894],[399526.22909999639,128446.60440000147],[399522.22450000048,128450.63789999858],[399521.80430000275,128451.07519999892],[399518.26959999651,128454.73680000007],[399514.62990000099,128458.65170000121],[399514.36580000073,128458.93200000003],[399511.71800000221,128461.85500000045],[399509.0447999984,128464.85520000011],[399506.42629999667,128467.86699999869],[399503.85859999806,128470.89110000059],[399501.35710000247,128473.93070000038],[399498.91139999777,128476.99709999934],[399497.3805000037,128478.99120000005],[399495.76630000025,128481.09620000049],[399492.71679999679,128485.24689999968],[399492.18029999733,128486.01199999824],[399491.09629999846,128487.54190000147],[399489.71310000122,128489.5084999986],[399486.74880000204,128493.85420000181],[399485.35480000079,128495.96930000186],[399483.82880000025,128498.27279999852],[399480.98569999635,128502.69110000134],[399478.21339999884,128507.14600000158],[399475.51579999924,128511.65150000155],[399472.86400000006,128516.23189999908],[399470.21480000019,128520.92199999839],[399467.57360000163,128525.65260000154],[399464.96410000324,128530.38899999857],[399462.1780000031,128535.47870000079],[399459.45589999855,128540.5802000016],[399456.76250000298,128545.71150000021],[399454.07370000333,128550.91079999879],[399451.36630000174,128556.14559999853],[399448.65770000219,128561.39279999956],[399446.49689999968,128565.57490000129],[399444.35899999738,128569.75200000033],[399442.2154000029,128573.95939999819],[399440.06539999694,128578.17940000072],[399437.90569999814,128582.41840000078],[399435.73189999908,128586.65520000085],[399434.1371999979,128589.75439999998],[399433.26430000365,128591.45019999892],[399430.78599999845,128596.25609999895],[399428.31930000335,128601.01949999854],[399427.45830000192,128602.69170000032],[399425.83780000359,128605.82200000063],[399423.35270000249,128610.61169999838],[399422.02489999682,128613.16750000045],[399420.87449999899,128615.38830000162],[399418.21930000186,128620.49760000035],[399415.55009999871,128625.59499999881],[399412.90110000223,128630.67330000177],[399410.23730000108,128635.75050000101],[399407.61519999802,128640.78700000048],[399404.99589999765,128645.84629999846],[399401.23669999838,128653.15590000153],[399397.49149999768,128660.47700000182],[399393.75069999695,128667.82889999822],[399390.01439999789,128675.18160000071],[399386.27440000325,128682.55160000175],[399382.78679999709,128689.41479999945],[399381.7520999983,128691.89490000159],[399381.22999999672,128693.15379999951],[399379.42149999738,128697.44819999859],[399377.63939999789,128701.66930000111],[399376.83720000088,128703.59670000151],[399375.91359999776,128705.8134999983],[399374.24849999696,128709.92330000177],[399372.76850000024,128713.71379999816],[399372.67979999632,128713.95059999824],[399371.63180000335,128716.72870000079],[399370.60270000249,128719.49240000173],[399369.60010000318,128722.23759999871],[399368.625,128724.94280000031],[399367.69650000334,128727.63369999826],[399366.7778000012,128730.35139999911],[399365.23910000175,128735.07330000028],[399363.78410000354,128739.79250000045],[399362.39710000157,128744.52730000019],[399361.07209999859,128749.30909999833],[399359.81840000302,128754.08460000157],[399358.6446999982,128758.86520000175],[399357.51640000194,128763.78009999916],[399356.46440000087,128768.71499999985],[399355.48589999974,128773.68400000036],[399354.57140000165,128778.68030000106],[399353.71450000256,128783.69640000165],[399352.93760000169,128788.69370000064],[399352.06059999764,128794.87090000138],[399351.30219999701,128801.03379999846],[399350.63589999825,128807.26309999824],[399350.05550000072,128813.50230000168],[399349.55839999765,128819.79809999838],[399349.12560000271,128826.01130000129],[399348.71230000257,128834.81679999828],[399348.51950000226,128843.66670000181],[399348.49019999802,128852.63149999827],[399348.54969999939,128861.74390000105],[399348.61980000138,128870.97470000014],[399348.6296999976,128880.2760999985],[399348.61969999969,128881.30330000073],[399348.58980000019,128888.58049999923],[399348.57980000228,128890.09899999946],[399348.56000000238,128896.78060000017],[399348.56000000238,128899.66389999911],[399348.54999999702,128905.06300000101],[399348.53999999911,128913.31819999963],[399348.53999999911,128921.5791000016],[399348.53000000119,128929.85810000077],[399348.53000000119,128932],[399348.53000000119,128937.05999999866],[399348.53000000119,128944.26999999955],[399348.53000000119,128951.47960000113],[399348.53999999911,128958.6895999983],[399348.53999999911,128965.90960000083],[399348.54999999702,128973.12959999964],[399348.54999999702,128980.52010000125],[399348.54999999702,128987.91000000015],[399348.54999999702,128995.30000000075],[399348.54999999702,129000],[399348.54999999702,129002.69000000134],[399348.54999999702,129010.06989999861],[399348.56000000238,129017.4598999992],[399348.56000000238,129024.96999999881],[399348.5700000003,129032.45910000056],[399348.57999999821,129036.04910000041],[399348.57999999821,129039.98719999939],[399348.59000000358,129045.85720000044],[399348.59000000358,129046.62000000104],[399348.59000000358,129047.5],[399348.60000000149,129055.01000000164],[399348.60000000149,129055.8088000007],[399348.6099999994,129062.50879999995],[399348.6099999994,129068.86829999834],[399348.61999999732,129075.23829999939],[399348.61999999732,129081.6099999994],[399348.61999999732,129087.95820000023],[399348.63000000268,129094.31819999963],[399348.63000000268,129100.69409999996],[399348.62629999965,129107.58619999886],[399348.6099999994,129138.12819999829],[399348.59000000358,129148.68340000138],[399348.5998999998,129158.68389999866],[399348.54999999702,129167.34820000082],[399348.53999999911,129172.80730000138],[399348.49009999633,129200.3236999996],[399348.65990000218,129228.23169999942],[399348.62900000066,129235.26979999989],[399348.38560000062,129290.0549999997],[399348.22011986905,129292.21140708224],[399347.74623732339,129294.32159913809],[399346.97380470287,129296.34170384485],[399345.91888140485,129298.22972185721],[399344.60339999944,129299.94640000165],[399338.85000000149,129306.42839999869],[399337.94439999759,129308.52079999819],[399337.81660000235,129308.90430000052],[399336.90890000015,129311.7248999998],[399336.79789999872,129312.05640000105],[399335.42790000141,129315.99639999866],[399335.33980000019,129316.24300000072],[399333.82159999758,129320.33300000057],[399332.23910000175,129324.36030000076],[399331.91700000316,129325.1174999997],[399330.06300000101,129329.16429999843],[399328.22259999812,129333.20340000093],[399326.37550000101,129337.26700000092],[399324.53140000254,129341.32400000095],[399322.70830000192,129345.35669999942],[399320.88069999963,129349.42130000144],[399319.06759999692,129353.45360000059],[399317.24889999628,129357.53079999983],[399315.42890000343,129361.61070000008],[399313.78410000354,129365.29800000042],[399311.79999999702,129370.53370000049],[399309.7424999997,129376.11120000109],[399307.755400002,129381.69269999862],[399305.81400000304,129387.31199999899],[399303.93150000274,129392.94990000129],[399302.11020000279,129398.59870000184],[399300.34549999982,129404.27299999818],[399298.64109999686,129409.9609999992],[399296.99210000038,129415.66899999976],[399295.39209999889,129421.43090000004],[399294.47699999809,129424.77360000089],[399293.64220000058,129428.01080000028],[399292.8770999983,129431.2463000007],[399292.16059999913,129434.52180000022],[399291.50429999828,129437.78449999914],[399290.91390000284,129441.05020000041],[399290.37799999863,129444.33960000053],[399289.90690000355,129447.62790000066],[399289.48910000175,129450.95199999958],[399289.35209999979,129452.22179999948],[399289.11659999937,129454.37049999833],[399288.43850000203,129460.89110000059],[399288.38970000297,129461.35979999974],[399287.3498999998,129471.38789999858],[399286.65810000151,129478.0522999987],[399286.36150000244,129481.75970000029],[399286.11580000073,129485.54940000176],[399285.92589999735,129489.35700000077],[399285.78369999677,129493.15900000185],[399285.69919999689,129496.92509999871],[399285.68029999733,129500.71840000153],[399285.70880000293,129504.52840000018],[399285.79370000213,129508.31100000069],[399285.93620000035,129512.12200000137],[399286.02160000056,129513.87730000168],[399286.13059999794,129516.01709999889],[399286.14999999851,129516.78000000119],[399286.12060000002,129517.71840000153],[399284.84579999745,129538.05469999835],[399289.88620000333,129555.91629999876],[399290.17610000074,129557.13670000061],[399291.32360000163,129563.05909999833],[399292.57050000131,129568.79300000146],[399293.99490000308,129574.68549999967],[399295.49960000068,129580.98519999906],[399296.99700000137,129587.25429999828],[399298.50370000303,129593.52070000023],[399300.01110000163,129599.77969999984],[399301.52899999917,129606.0513000004],[399303.04439999908,129612.3125],[399304.57240000367,129618.57409999892],[399306.10310000181,129624.84679999948],[399307.633100003,129631.12669999897],[399309.1657000035,129637.36670000106],[399310.54050000012,129642.9459999986],[399311.89649999887,129648.53069999814],[399313.25020000339,129654.10610000044],[399314.59319999814,129659.68859999999],[399315.93909999728,129665.27329999954],[399317.26569999754,129670.87099999934],[399318.58640000224,129676.44399999827],[399319.9122999981,129682.04879999906],[399321.21809999645,129687.64359999821],[399322.47410000116,129693.03440000117],[399327.83449999988,129713.566300001],[399336.07410000265,129744.57719999924],[399336.95289999992,129747.86250000075],[399337.95669999719,129751.63309999928],[399338.90699999779,129754.02340000123],[399340.17149999738,129757.1229000017],[399341.50569999963,129760.27820000052],[399342.29981438338,129762.72095607768],[399342.6655222461,129765.2633826088],[399342.59209978499,129767.83092697049],[399342.08169999719,129770.34829999879],[399317.44510000199,129854.2034999989],[399317.28369999677,129854.71860000119],[399307.72389999777,129883.39820000157],[399304.80719999969,129892.51269999892],[399302.57850000262,129901.05249999836],[399300.62990000099,129908.07059999928],[399300.49440000206,129908.52980000153],[399298.67890000343,129914.33960000053],[399296.8478000015,129921.2974999994],[399296.68699999899,129921.86329999939],[399288.2295999974,129949.54120000079],[399279.38859999925,129977.60240000114],[399279.1772999987,129978.22509999946],[399278.99350000173,129978.70430000126],[399269.42509999871,130002.43409999833],[399260.61519999802,130024.65029999986],[399260.33579999954,130025.30849999934],[399251.23319999874,130045.41010000184],[399237.26789999753,130079.1596999988],[399225.73409999907,130113.14880000055],[399225.625,130113.45899999887],[399224.85159999877,130115.22250000015],[399221.32240000367,130122.04250000045],[399220.30799999833,130125.42390000075],[399220.20889999717,130125.74130000174],[399217.58940000087,130133.81799999997],[399215.78850000352,130141.82200000063],[399214.49069999903,130152.85269999877],[399213.8321999982,130160.53590000048],[399213.56440000236,130167.27629999816],[399213.78400000185,130171.82899999991],[399214.12619999796,130176.55020000041],[399216.98189999908,130197.44929999858],[399217.11344630131,130199.9231850443],[399216.83601027983,130202.38498132001],[399216.15715967002,130204.76753740512],[399215.09541175683,130207.00586334604],[399213.6797282708,130209.03890341366],[399211.94872538751,130210.81120154524],[399209.94962037832,130212.2744140422],[399207.73694364546,130213.38862826076],[399205.37105127412,130214.12345132546],[399202.91647867503,130214.45883916804],[399200.44018022559,130214.38564327758],[399198.00970292807,130213.90586024823],[399195.69134390249,130213.03257731725],[399193.54834197304,130211.78961537917],[399191.63915267697,130210.21087921345],[399190.01585374906,130208.33943265006],[399188.72272457578,130206.22632389981],[399187.79503836884,130203.92919309149],[399187.258100003,130201.51069999859],[399184.33810000122,130180.14070000127],[399184.23929999769,130179.19449999928],[399183.84929999709,130173.81450000033],[399183.8273999989,130173.45270000026],[399183.56740000099,130168.06269999966],[399183.54999999702,130167.33999999985],[399183.56180000305,130166.74450000003],[399183.86940000206,130159.00219999999],[399183.9123999998,130158.31670000032],[399184.62070000172,130150.05330000073],[399184.66860000044,130149.58170000091],[399186.08519999683,130137.54060000181],[399186.21040000021,130136.6884999983],[399186.34839999676,130136.00050000101],[399188.47330000252,130126.55660000071],[399188.83910000324,130125.22170000151],[399191.62060000002,130116.64559999853],[399192.9897999987,130112.08150000125],[399193.26179999858,130111.26139999926],[399194.03519999981,130109.4979000017],[399197.68819999695,130102.43870000169],[399209.01609999686,130069.0560999997],[399209.12520000339,130068.74590000138],[399209.36029999703,130068.14090000093],[399223.60599999875,130033.7137000002],[399223.80200000107,130033.26139999926],[399232.85920000076,130013.26000000164],[399241.56560000032,129991.30559999868],[399250.95109999925,129968.0289000012],[399259.57639999688,129940.65320000052],[399267.91059999913,129913.37739999965],[399269.75339999795,129906.37510000169],[399269.9422999993,129905.71860000119],[399271.78850000352,129899.81060000136],[399273.60960000008,129893.2547999993],[399275.88199999928,129884.54390000179],[399276.10989999771,129883.7584999986],[399279.20639999956,129874.08399999887],[399288.73820000142,129845.48640000075],[399311.79879999906,129766.99560000002],[399311.07630000263,129765.2239000015],[399309.75110000372,129761.89149999991],[399309.59459999949,129761.4803000018],[399309.19489999861,129760.20910000056],[399307.96720000356,129755.59750000015],[399307.08619999886,129752.30389999971],[399298.82479999959,129721.21059999987],[399293.39649999887,129700.41919999942],[399293.30120000243,129700.03350000083],[399292.00190000236,129694.45639999956],[399290.70709999651,129688.90870000049],[399289.39360000193,129683.35610000044],[399288.07429999858,129677.7890000008],[399286.76470000297,129672.26269999892],[399285.42679999769,129666.71159999818],[399284.08980000019,129661.1539000012],[399282.74350000173,129655.60929999873],[399281.39840000123,129650.06940000132],[399280.03429999948,129644.53330000117],[399278.48969999701,129638.24430000037],[399276.95700000226,129631.95329999924],[399275.42759999633,129625.68589999899],[399273.89429999888,129619.40230000019],[399272.37099999934,129613.10869999975],[399270.84899999946,129606.82039999962],[399269.33630000055,129600.53940000013],[399267.82310000062,129594.24579999968],[399266.32039999962,129587.95479999855],[399264.82440000027,129581.69150000066],[399263.36990000308,129575.67430000007],[399263.29259999841,129575.33749999851],[399261.97259999812,129569.2675999999],[399261.90389999747,129568.93340000138],[399260.84329999983,129563.45939999819],[399255.27910000086,129543.7415000014],[399254.79982765525,129541.25806157371],[399254.74469999969,129538.72940000147],[399256.12610000372,129516.69220000133],[399256.05860000104,129515.36589999869],[399255.96410000324,129513.41479999945],[399255.80719999969,129509.20870000124],[399255.71209999919,129504.97439999878],[399255.68020000309,129500.75250000134],[399255.70199999958,129496.51440000162],[399255.79720000178,129492.26139999926],[399255.95459999889,129488.04610000178],[399256.16499999911,129483.8311999999],[399256.4395999983,129479.59670000151],[399256.76780000329,129475.48380000144],[399256.80020000041,129475.13129999861],[399257.51009999961,129468.29219999909],[399258.5503000021,129458.26029999927],[399258.59950000048,129457.78720000014],[399259.28490000218,129451.19729999825],[399259.52700000256,129448.98649999872],[399259.69189999998,129447.46990000084],[399260.17440000176,129443.63100000098],[399260.72339999676,129439.80040000007],[399261.35080000013,129435.94819999859],[399262.03689999878,129432.15680000186],[399262.80049999803,129428.3583999984],[399263.62460000068,129424.5914000012],[399264.51889999956,129420.81129999831],[399265.48380000144,129417.06670000032],[399266.46970000118,129413.46290000156],[399268.12810000032,129407.49179999903],[399269.86029999703,129401.49560000002],[399271.65399999917,129395.50989999995],[399273.5102000013,129389.54129999876],[399275.4280000031,129383.59319999814],[399277.40730000287,129377.66550000012],[399279.445600003,129371.76539999992],[399281.54020000249,129365.8825000003],[399283.70019999892,129360.02670000121],[399285.88340000063,129354.26469999924],[399286.21109999716,129353.46950000152],[399288.03109999746,129349.38929999992],[399289.85109999776,129345.30920000002],[399291.68020000309,129341.20899999887],[399293.51929999888,129337.11870000139],[399295.35559999943,129333.03480000049],[399297.20820000023,129328.93690000102],[399299.0644999966,129324.85300000012],[399300.91740000248,129320.77670000121],[399302.77669999748,129316.69640000165],[399304.47140000015,129312.99720000103],[399305.79609999806,129309.62900000066],[399307.14389999956,129305.99450000003],[399308.40410000086,129302.37040000036],[399309.30550000072,129299.57090000063],[399309.68980000168,129298.41660000011],[399309.82460000366,129298.02969999984],[399310.15410000086,129297.20190000162],[399311.37740000337,129294.37640000135],[399312.38109999895,129292.11699999869],[399313.47671200876,129290.08783191523],[399314.87070000172,129288.25079999864],[399318.41089999676,129284.26269999892],[399318.62919999659,129235.13659999892],[399318.65980000049,129228.24579999968],[399318.49009999633,129200.37139999866],[399318.53999999911,129172.752700001],[399318.55020000041,129167.25299999863],[399318.60000000149,129158.63259999827],[399318.59000000358,129148.66550000012],[399318.6099999994,129138.09180000052],[399318.62629999965,129107.57009999827],[399318.63000000268,129100.68600000069],[399318.63000000268,129094.3535999991],[399318.61999999732,129087.98180000111],[399318.61999999732,129081.6099999994],[399318.61999999732,129075.2734999992],[399318.6099999994,129068.89180000126],[399318.6099999994,129062.54239999875],[399318.60000000149,129055.8311999999],[399318.60000000149,129055.03999999911],[399318.59000000358,129047.51999999955],[399318.59000000358,129046.62000000104],[399318.59000000358,129045.89559999853],[399318.57999999821,129040.01280000061],[399318.57999999821,129036.07609999925],[399318.57010000199,129032.52100000158],[399318.56000000238,129024.98999999836],[399318.56000000238,129017.49029999971],[399318.54999999702,129010.09019999951],[399318.54999999702,129002.69000000134],[399318.54999999702,129000],[399318.54999999702,128995.30000000075],[399318.54999999702,128987.91000000015],[399318.54999999702,128980.52010000125],[399318.54999999702,128973.16079999879],[399318.53999999911,128965.93039999902],[399318.53999999911,128958.72080000117],[399318.53000000119,128951.50039999932],[399318.53000000119,128944.26999999955],[399318.53000000119,128937.05999999866],[399318.53000000119,128932],[399318.53000000119,128929.83100000024],[399318.53999999911,128921.56100000069],[399318.53999999911,128913.29089999944],[399318.54999999702,128905.01700000092],[399318.56000000238,128899.63610000163],[399318.56009999663,128896.74780000001],[399318.5802000016,128889.93820000067],[399318.59019999951,128888.41860000044],[399318.62049999833,128881.09189999849],[399318.62990000099,128880.16189999878],[399318.62009999901,128871.10940000042],[399318.55039999634,128861.95609999821],[399318.49009999633,128852.6763000004],[399318.52189999819,128843.29219999909],[399318.72360000014,128833.97329999879],[399318.73650000244,128833.59659999982],[399319.16650000215,128824.43659999967],[399319.18630000204,128824.09760000184],[399319.64140000194,128817.56859999895],[399320.16550000012,128810.93510000035],[399320.78480000049,128804.27760000154],[399321.49870000035,128797.6063000001],[399322.320600003,128790.92990000173],[399323.26349999756,128784.28370000049],[399324.10620000213,128778.86490000039],[399325.02910000086,128773.45960000157],[399326.01389999688,128768.08069999889],[399327.07609999925,128762.68730000034],[399328.22500000149,128757.29820000008],[399329.45650000125,128751.933699999],[399330.74210000038,128746.69739999995],[399332.10819999874,128741.49280000106],[399333.5447999984,128736.3088000007],[399335.05539999902,128731.15190000087],[399336.6419999972,128726.00649999827],[399338.30399999768,128720.90459999815],[399339.30520000309,128717.94189999998],[399340.33460000157,128714.96049999818],[399341.40119999647,128711.99909999967],[399342.45660000294,128709.10990000144],[399343.53410000354,128706.21590000018],[399344.60029999912,128703.38949999958],[399344.75119999796,128702.98889999837],[399346.37250000238,128698.8359999992],[399348.16579999775,128694.40909999982],[399349.14280000329,128692.06329999864],[399349.97640000284,128690.06089999899],[399351.77859999985,128685.79190000147],[399353.55120000243,128681.58309999853],[399354.0503000021,128680.37959999964],[399355.31660000235,128677.34430000186],[399355.78750000149,128676.32470000163],[399359.52570000291,128668.96840000153],[399363.26569999754,128661.59840000048],[399367.00930000097,128654.23119999841],[399370.76850000024,128646.84310000017],[399374.54330000281,128639.46420000121],[399378.34000000358,128632.08179999888],[399380.98730000108,128626.96840000153],[399383.65619999915,128621.84209999815],[399386.31899999827,128616.76680000126],[399388.96620000154,128611.69220000133],[399391.6128000021,128606.63769999892],[399394.24549999833,128601.57180000097],[399395.39509999752,128599.3526000008],[399396.72730000317,128596.78830000013],[399399.20229999721,128592.01799999923],[399400.80179999769,128588.92830000073],[399401.66219999641,128587.25759999827],[399404.13400000334,128582.4840000011],[399406.59579999745,128577.7098999992],[399407.46280000359,128576.02569999918],[399409.04819999635,128572.94480000064],[399411.19439999759,128568.76170000061],[399413.33460000157,128564.56060000136],[399415.48460000008,128560.34059999883],[399417.64109999686,128556.10810000077],[399419.820600003,128551.85009999946],[399422.00230000168,128547.62719999999],[399424.71369999647,128542.37449999899],[399427.42639999837,128537.12950000167],[399430.15739999712,128531.84899999946],[399432.9422999993,128526.54349999875],[399435.78419999778,128521.21810000017],[399438.66219999641,128515.95969999954],[399441.34260000288,128511.09470000118],[399444.06130000204,128506.22520000115],[399446.82919999957,128501.32569999993],[399449.66449999809,128496.42960000038],[399452.60760000348,128491.51460000128],[399455.63530000299,128486.64889999852],[399458.71040000021,128481.86960000172],[399460.32410000265,128479.43239999935],[399461.83200000226,128477.1464000009],[399465.0495999977,128472.4290000014],[399466.59610000253,128470.22899999842],[399467.66600000113,128468.71889999881],[399468.24819999933,128467.88859999925],[399468.44179999828,128467.61890000105],[399471.77430000156,128463.08570000157],[399473.57959999889,128460.72879999876],[399475.28760000318,128458.50620000064],[399478.04540000111,128455.04769999906],[399480.84759999812,128451.6425999999],[399483.67289999872,128448.31489999965],[399486.52049999684,128445.03970000148],[399489.40190000087,128441.80550000072],[399492.33460000157,128438.56980000064],[399492.72879999876,128438.14950000122],[399496.49099999666,128434.10449999943],[399500.18680000305,128430.27409999818],[399500.7594999969,128429.67960000038],[399505.09179999679,128425.31579999998],[399509.48969999701,128421.01190000027],[399511.60289999843,128419.01099999994],[399513.90829999745,128416.81909999996],[399518.38650000095,128412.66200000048],[399521.27489999682,128410.05909999833],[399524.15439999849,128407.53370000049],[399526.99970000237,128405.07710000128],[399529.81149999797,128402.66829999909],[399532.56759999692,128400.30739999935],[399535.41799999774,128397.84760000184],[399536.14980000257,128397.26269999892],[399540.15100000054,128394.26740000024],[399544.25400000066,128391.26009999961],[399548.38080000132,128388.30909999833],[399552.52560000122,128385.40179999918],[399556.71840000153,128382.53069999814],[399560.92779999971,128379.71059999987],[399565.15799999982,128376.93180000037],[399569.43680000305,128374.18279999867],[399573.73960000277,128371.48939999938],[399577.98730000108,128368.88360000029],[399578.37659999728,128368.65300000086],[399581.21670000255,128367.03999999911],[399610.13199999928,128350.58269999921],[399621.0671999976,128344.36279999837],[399651.05939999968,128327.50569999963],[399683.00930000097,128309.44150000066],[399716.69110000134,128290.41050000116],[399742.04730000347,128276.08339999989],[399745.95780000091,128273.79989999905],[399749.81139999628,128271.46119999886],[399753.63149999827,128269.05710000172],[399757.41749999672,128266.58999999985],[399761.16399999708,128264.06060000136],[399764.86230000108,128261.4813000001],[399768.53750000149,128258.82490000129],[399772.14490000159,128256.13599999994],[399775.71249999851,128253.37480000034],[399779.01839999855,128250.73539999872],[399784.08569999784,128246.21139999852],[399789.4450000003,128241.38019999862],[399789.91019999981,128240.96059999987],[399794.14239999652,128237.10590000078],[399798.30810000002,128233.27419999987],[399799.81830000132,128231.86780000106],[399802.491899997,128229.37799999863],[399805.89769999683,128226.19990000129],[399809.28549999744,128223.0102000013],[399812.64930000156,128219.82400000095],[399816.00590000302,128216.61549999937],[399820.66799999774,128212.1213000007],[399824.12799999863,128208.75019999966],[399827.60100000352,128205.35660000145],[399830.99120000005,128202.00539999828],[399843.51879999787,128189.41809999943],[399865.34570000321,128167.48350000009],[399873.56220000237,128158.45580000058],[399877.83659999818,128150.68699999899],[399878.67920000106,128149.35830000043],[399882.32599999756,128144.23000000045],[399882.88289999962,128143.3526000008],[399884.41069563909,128141.34207710082],[399886.25409886526,128139.61632323862],[399888.36086894362,128138.22424504958],[399890.67130151042,128137.20529303822],[399893.11992055218,128136.58834357884],[399895.63733394915,128136.39088057975],[399898.1521999985,128136.61850000173]]]},"properties":{"OBJECTID":72,"ROUTEID":"15081252","FROMMEASURE":5829.9356000000007,"TOMEASURE":8160.5290000000005,"ROUTENAME":"SOUTH CAPITOL ST BN","CORRIDORID":"15081252_1","FROMSTREET":"CHILLUM PL NE/CHILLUM PL NW","TOSTREET":"EASTERN AVE NE/EASTERN AVE NW","LENGTH_MI":5.0707075499999998,"TIER_1":1,"TIER_2":0,"TIER_3":0,"GIS_ID":"HIN_CorridorsLn_59","SE_ANNO_CAD_DATA":null,"BUFF_DIST":15,"ORIG_FID":59,"SHAPE_Length":4754.3820809543722,"SHAPE_Area":70616.117938286334}},{"type":"Feature","id":74,"geometry":{"type":"Polygon","coordinates":[[[402874.60080000013,132441.50620000064],[402877.04292488494,132442.15282546243],[402879.34189728898,132443.20011927324],[402881.43250702706,132444.61837502019],[402883.25545410585,132446.36736398205],[402884.75903076382,132448.39747621398],[402885.9005881584,132450.65112773],[402886.64774609695,132453.06439386858],[402886.97931149881,132455.56882251101],[402886.88587953546,132458.09337572078],[402886.37010039785,132460.56644472951],[402885.44660412357,132462.91788111441],[402884.1415856175,132465.08098655322],[402882.49206163466,132466.99440471735],[402880.54482080304,132468.60386163957],[402878.35509646742,132469.86370519121],[402875.9849999994,132470.73820000142],[402858.90670000017,132475.44949999824],[402851.41110000014,132477.54980000108],[402845.29460000247,132479.28319999948],[402843.92490000278,132479.67020000145],[402836.45359999686,132481.80629999936],[402828.98040000349,132483.96570000052],[402821.53379999846,132486.1501000002],[402814.05879999697,132488.35269999877],[402806.62319999933,132490.56650000066],[402799.15779999644,132492.81909999996],[402791.71350000054,132495.08819999918],[402791.2092999965,132495.2324000001],[402789.32220000029,132495.73620000109],[402788.20539999753,132496.06289999932],[402787.53320000321,132496.25400000066],[402785.77109999955,132496.80680000037],[402784.01150000095,132497.38170000166],[402782.29879999906,132497.98669999838],[402780.5530000031,132498.64139999822],[402778.8356000036,132499.31789999828],[402777.11840000004,132500.0362999998],[402775.40879999846,132500.78150000051],[402774.48900000006,132501.2034999989],[402772.56090000272,132502.41560000181],[402771.15630000085,132503.28570000082],[402767.30210000277,132505.83370000124],[402763.35019999743,132508.58339999989],[402759.69240000099,132511.26209999993],[402755.99679999799,132514.11270000041],[402752.36110000312,132517.05099999905],[402748.80110000074,132520.07339999825],[402745.32729999721,132523.17660000175],[402741.91809999943,132526.37220000103],[402738.87870000303,132529.36070000008],[402733.46679999679,132535.5923999995],[402727.69330000132,132542.27160000056],[402721.93429999799,132548.96719999984],[402716.20830000192,132555.66750000045],[402710.49040000141,132562.39139999822],[402708.57500000298,132564.65599999949],[402704.77160000056,132569.13830000162],[402699.09740000218,132575.87570000067],[402694.61620000005,132581.23519999906],[402693.42480000108,132582.65500000119],[402687.7751000002,132589.42859999835],[402682.06090000272,132596.32459999993],[402676.91529999673,132602.3077000007],[402669.49809999764,132610.94440000132],[402661.5578000024,132620.184799999],[402659.65320000052,132622.40210000053],[402657.7704000026,132624.74859999865],[402655.71079999954,132627.30530000106],[402653.65950000286,132629.82930000126],[402651.6194999963,132632.34930000082],[402649.5794999972,132634.85929999873],[402647.53949999809,132637.37929999828],[402645.47900000215,132639.91459999979],[402643.40829999745,132642.44990000129],[402641.36410000175,132644.94280000031],[402639.21480000019,132647.57229999825],[402637.33100000024,132649.79219999909],[402635.48380000144,132651.91169999912],[402633.63560000062,132654.01999999955],[402631.74300000072,132656.12370000035],[402629.86620000005,132658.18699999899],[402627.95589999855,132660.253800001],[402626.0217999965,132662.31379999965],[402624.06620000303,132664.35379999876],[402622.10360000283,132666.3685999997],[402620.17230000347,132668.32059999928],[402619.79159999639,132668.69200000167],[402616.72160000354,132671.58199999854],[402616.48040000349,132671.80409999937],[402613.35040000081,132674.62409999967],[402613.10409999639,132674.84109999985],[402609.91409999877,132677.59109999985],[402609.72299999744,132677.75299999863],[402606.32649999857,132680.56289999932],[402602.91870000213,132683.28040000051],[402602.65529999882,132683.48559999838],[402599.19399999827,132686.11870000139],[402595.6827000007,132688.69170000032],[402595.39329999685,132688.8984999992],[402591.81530000269,132691.38910000026],[402588.06889999658,132693.8936999999],[402584.39050000161,132696.24749999866],[402583.84960000217,132696.5773999989],[402568.68599999696,132705.39389999956],[402565.53230000287,132707.30930000171],[402562.22609999776,132709.30710000172],[402558.88530000299,132711.30350000039],[402555.57620000094,132713.26080000028],[402552.24979999661,132715.22800000012],[402548.90339999646,132717.17520000041],[402545.56360000372,132719.11820000038],[402542.20269999653,132721.0476000011],[402538.83959999681,132722.96779999882],[402535.58089999855,132724.80330000073],[402533.58169999719,132725.97040000185],[402525.86039999872,132730.46119999886],[402517.27560000122,132735.46400000155],[402508.07450000197,132740.81289999932],[402480.72420000285,132756.82899999991],[402452.73589999974,132773.07009999827],[402451.43590000272,132773.82409999892],[402424.78419999778,132788.93899999931],[402396.93860000372,132804.42009999976],[402396.62919999659,132804.58740000054],[402376.81780000031,132814.99989999831],[402374.77809999883,132816.02639999986],[402365.63340000063,132820.60880000144],[402356.98059999943,132824.95019999892],[402331.13369999826,132837.88870000094],[402288.01519999653,132859.54780000076],[402253.61760000139,132877.30570000038],[402244.7907000035,132881.86259999871],[402210.08299999684,132900.22100000083],[402207.61969999969,132901.67049999908],[402176.34430000186,132920.16679999977],[402168.84669999778,132924.76830000058],[402129.67639999837,132948.80799999833],[402124.47389999777,132952.01909999922],[402071.03890000284,132985.00039999932],[402063.97580000013,132989.34519999847],[402042.11389999837,133002.79340000078],[402035.03589999676,133007.15439999849],[402028.26210000366,133011.29520000145],[402025.78379999846,133012.80409999937],[402018.33789999783,133017.35550000146],[401990.33850000054,133034.4990000017],[401982.78519999981,133039.15639999881],[401975.31570000201,133043.76619999856],[401943.70480000228,133063.26049999893],[401940.63340000063,133065.16189999878],[401937.38560000062,133067.09360000119],[401934.17080000043,133068.93919999897],[401930.8919999972,133070.75],[401927.58150000125,133072.50710000098],[401924.2480000034,133074.20609999821],[401920.87539999932,133075.85960000008],[401917.47070000321,133077.44970000163],[401914.07010000199,133078.97410000116],[401910.79869999737,133080.3814000003],[401906.99819999933,133082.0401000008],[401903.11829999834,133083.6986999996],[401899.26539999992,133085.3209999986],[401895.39710000157,133086.93939999864],[401893.90209999681,133087.55189999938],[401891.50530000031,133088.53310000151],[401887.60019999743,133090.11340000108],[401883.69169999659,133091.66459999979],[401879.78620000184,133093.19409999996],[401875.87640000135,133094.69720000029],[401871.90039999783,133096.21440000087],[401870.81740000099,133096.57239999995],[401867.13560000062,133097.63430000097],[401863.42549999803,133098.68140000105],[401859.73879999667,133099.71159999818],[401856.02849999815,133100.73820000142],[401852.30820000172,133101.74460000172],[401848.60639999807,133102.73580000177],[401844.87600000203,133103.72170000151],[401841.15039999783,133104.68620000035],[401837.44319999963,133105.63569999859],[401833.75460000336,133106.57039999962],[401833.38899999857,133106.65819999948],[401832.25119999796,133106.91640000045],[401824.67949999869,133108.69269999862],[401815.61729999632,133110.82319999859],[401795.02849999815,133115.64680000022],[401785.88729999959,133117.71860000119],[401778.31279999763,133119.43739999831],[401771.45199999958,133120.99760000035],[401743.13859999925,133127.41919999942],[401691.27070000023,133139.48710000142],[401678.04469999671,133142.58619999886],[401670.57680000365,133144.32800000161],[401661.36039999872,133146.47720000148],[401632.49610000104,133153.22049999982],[401583.52820000052,133164.54470000044],[401580.60980000347,133165.21889999881],[401572.77170000225,133167.01080000028],[401565.07999999821,133168.77879999951],[401552.19380000234,133171.74029999971],[401545.77120000124,133173.21090000123],[401536.54110000283,133175.32860000059],[401532.48040000349,133176.26419999823],[401500.9328000024,133183.60420000181],[401488.63870000094,133186.46460000053],[401469.76439999789,133190.80020000041],[401462.56629999727,133192.44970000163],[401454.74379999936,133194.24879999831],[401423.04680000246,133201.71570000052],[401403.39370000362,133206.28110000119],[401381.41749999672,133211.38479999825],[401375.65670000017,133212.70960000157],[401360.60360000283,133216.16039999947],[401346.43710000068,133219.41180000082],[401341.19789999723,133220.60790000111],[401302.09880000353,133229.87579999864],[401294.07789999992,133231.77600000054],[401293.70160000026,133231.8599999994],[401285.02489999682,133233.68149999902],[401284.5156000033,133233.78790000081],[401257.56350000203,133240.07409999892],[401220.35779999942,133248.82310000062],[401187.48950000107,133256.52430000156],[401142.40680000186,133266.81190000102],[401136.53880000114,133268.16450000182],[401126.86729999632,133270.40700000152],[401119.28909999877,133272.27820000052],[401117.83049999923,133272.61639999971],[401096.24419999868,133277.57789999992],[401070.26600000262,133283.56430000067],[401040.63430000097,133290.25439999998],[401014.32209999859,133296.64930000156],[401000.86490000039,133300.21889999881],[400996.51089999825,133301.37319999933],[400992.85450000316,133306.9728000015],[400992.19789999723,133308.19060000032],[400976.692900002,133341.63219999894],[400976.04249999672,133343.0987999998],[400975.32020000368,133344.6724999994],[400975.16089999676,133345.00800000131],[400974.39530000091,133346.56969999894],[400973.60960000008,133348.12139999866],[400973.43710000068,133348.45149999857],[400972.60890000314,133349.98750000075],[400971.75069999695,133351.5234999992],[400971.62690000236,133351.74049999937],[400970.72259999812,133353.28290000185],[400969.81180000305,133354.7846999988],[400969.57169999927,133355.16710000113],[400969.23470000178,133355.68620000035],[400968.68869999796,133356.54069999978],[400967.75389999896,133357.95529999956],[400967.13669999689,133358.90480000153],[400966.90200000256,133359.25490000099],[400966.23200000077,133360.2248999998],[400965.95000000298,133360.61939999834],[400965.24000000209,133361.57939999923],[400965.02709999681,133361.86039999872],[400964.29710000008,133362.80040000007],[400964.02530000359,133363.14009999856],[400963.2330000028,133364.10099999979],[400962.97309999913,133364.40529999882],[400962.18310000002,133365.30530000106],[400961.95149999857,133365.56309999898],[400961.15150000155,133366.43310000002],[400960.71660000086,133366.88659999892],[400959.87659999728,133367.72659999877],[400959.62110000104,133367.97610000148],[400958.76110000163,133368.79610000178],[400958.50010000169,133369.03909999877],[400957.87529999763,133369.60709999874],[400947.53140000254,133379.92179999873],[400938.70170000196,133388.72549999878],[400933.55789999664,133393.76359999925],[400918.30929999799,133408.67190000042],[400915.57970000058,133411.34059999883],[400909.68689999729,133417.10190000013],[400906.85390000045,133419.88800000027],[400899.02539999783,133427.58680000156],[400875.15550000221,133450.86290000007],[400808.50010000169,133516.32220000029],[400806.59523249452,133517.90614910578],[400804.45563508966,133519.15496371727],[400802.13967062626,133520.03457931115],[400799.71051279351,133520.52100218501],[400797.23442291113,133520.60096394553],[400794.77894248732,133520.27228343685],[400792.41105085588,133519.54392623706],[400790.19533814862,133518.43576009985],[400788.19224343885,133516.97801301192],[400786.45640611526,133515.21044864965],[400785.0351754569,133513.18128172593],[400783.96731906367,133510.94586281394],[400783.28196537384,133508.56516852265],[400782.99780911341,133506.10413820826],[400783.12260135089,133503.62990259173],[400783.65293806768,133501.20995260144],[400784.57435301127,133498.91029839037],[400785.86171229801,133496.79366874503],[400787.47990000248,133494.9178000018],[400854.18930000067,133429.40549999848],[400878.04060000181,133406.14750000089],[400885.81859999895,133398.49839999899],[400888.68299999833,133395.68149999902],[400894.60710000247,133389.88940000162],[400897.33680000156,133387.22069999948],[400912.57599999756,133372.32160000131],[400917.61079999804,133367.39070000127],[400926.34870000184,133358.67819999903],[400936.93850000203,133348.11840000004],[400937.43990000337,133347.64090000093],[400938.18789999932,133346.96090000123],[400938.78989999741,133346.38690000027],[400939.28130000085,133345.89550000057],[400939.75150000304,133345.38419999927],[400940.27220000327,133344.79089999944],[400940.73659999669,133344.22749999911],[400941.22649999708,133343.59670000151],[400941.68609999865,133342.97520000115],[400942.09700000286,133342.38030000031],[400942.66719999909,133341.50360000134],[400943.53029999882,133340.19880000129],[400944.00500000268,133339.45479999855],[400944.28570000082,133339.02180000022],[400944.95620000362,133337.91739999875],[400945.64209999889,133336.74639999866],[400946.30939999968,133335.55350000039],[400946.93450000137,133334.3927000016],[400947.54659999907,133333.18499999866],[400948.13599999994,133331.98160000145],[400948.69680000097,133330.7611999996],[400949.36840000004,133329.24780000001],[400965.17149999738,133295.16050000116],[400965.57680000365,133294.35119999945],[400966.74679999799,133292.18120000139],[400966.95960000157,133291.80000000075],[400967.39039999992,133291.09899999946],[400974.54039999843,133280.14900000021],[400975.87343859393,133278.40190598823],[400977.44744409178,133276.86833627135],[400979.22863172938,133275.58120769053],[400981.1787697461,133274.56814742601],[400983.25599999726,133273.85090000182],[400993.17520000041,133271.22120000049],[401006.93590000272,133267.57290000096],[401033.78700000048,133261.04630000144],[401063.59309999645,133254.31579999998],[401089.51579999924,133248.34219999984],[401111.08959999681,133243.38360000029],[401112.307099998,133243.10190000013],[401119.87730000168,133241.23270000145],[401129.78130000085,133238.93549999967],[401135.70679999888,133237.56960000098],[401180.72890000045,133227.2958999984],[401213.50230000168,133219.61690000072],[401250.71970000118,133210.86520000175],[401277.8729000017,133204.53209999949],[401278.21190000325,133204.45710000023],[401278.87520000339,133204.31859999895],[401287.34759999812,133202.53999999911],[401295.18119999766,133200.68420000002],[401334.39090000093,133191.39039999992],[401339.74300000072,133190.16820000112],[401353.89649999887,133186.91970000044],[401368.94340000302,133183.47040000185],[401374.66120000184,133182.15549999848],[401396.60629999638,133177.05900000036],[401416.21410000324,133172.50409999862],[401447.93930000067,133165.03060000017],[401455.85369999707,133163.21029999852],[401463.05560000241,133161.55990000069],[401481.89639999717,133157.23189999908],[401494.1344999969,133154.38459999859],[401525.71660000086,133147.03660000116],[401529.81899999827,133146.0914000012],[401539.06889999658,133143.96920000017],[401545.48629999906,133142.49980000034],[401558.3599999994,133139.54120000079],[401566.06840000302,133137.76929999888],[401573.89029999822,133135.98110000044],[401576.77189999819,133135.31540000066],[401625.70359999686,133123.99960000068],[401654.54060000181,133117.26260000095],[401663.76319999993,133115.11199999973],[401671.2154000029,133113.37390000001],[401684.44940000027,133110.27290000021],[401736.42149999738,133098.18090000004],[401764.80799999833,133091.7424999997],[401771.66730000079,133090.1827000007],[401779.252700001,133088.46150000021],[401788.28880000114,133086.41369999945],[401808.76269999892,133081.61679999903],[401817.820600003,133079.48730000108],[401825.5075000003,133077.68420000002],[401826.56819999963,133077.44330000132],[401830.04510000348,133076.56219999865],[401833.66969999671,133075.63390000165],[401837.28719999641,133074.69739999995],[401840.88679999858,133073.74599999934],[401844.51190000027,133072.77540000156],[401848.10700000077,133071.80299999937],[401851.69929999858,133070.80889999866],[401855.31229999661,133069.79930000007],[401858.89590000361,133068.78799999878],[401861.89800000191,133067.92199999839],[401865.14370000362,133066.68279999867],[401868.93289999664,133065.22619999945],[401872.67360000312,133063.7611999996],[401876.44839999825,133062.26309999824],[401880.18240000308,133060.75189999864],[401882.53440000117,133059.7890000008],[401883.92790000141,133059.21829999983],[401887.6501000002,133057.66079999879],[401891.40309999883,133056.08069999889],[401895.09700000286,133054.50169999897],[401898.8674999997,133052.85610000044],[401902.01160000265,133051.50420000032],[401904.98390000314,133050.17179999873],[401907.92409999669,133048.79910000041],[401910.83439999819,133047.37180000171],[401913.7378000021,133045.89220000058],[401916.6093999967,133044.36809999868],[401919.4450000003,133042.80200000107],[401922.27359999716,133041.17770000175],[401925.065200001,133039.51749999821],[401927.93330000341,133037.74069999903],[401959.56440000236,133018.23389999941],[401967.03480000049,133013.62359999865],[401974.6473999992,133008.92980000004],[402002.68219999969,132991.76449999958],[402010.15810000151,132987.19480000064],[402012.62690000236,132985.69159999862],[402019.35649999976,132981.57800000161],[402026.38610000163,132977.24670000002],[402048.25729999691,132963.79270000011],[402055.30489999801,132959.45740000159],[402108.71700000018,132926.49029999971],[402113.95780000091,132923.25569999963],[402153.15460000187,132899.19959999993],[402160.85920000076,132894.47230000049],[402192.37860000134,132875.83060000092],[402195.21639999747,132874.16090000048],[402195.75649999827,132873.86059999838],[402230.89280000329,132855.27600000054],[402239.85559999943,132850.6484999992],[402274.40299999714,132832.81370000169],[402317.68630000204,132811.07140000165],[402343.5393999964,132798.1297999993],[402352.18670000136,132793.79120000079],[402361.32190000266,132789.2135999985],[402363.10300000012,132788.31839999929],[402382.51529999822,132778.11430000141],[402410.08810000122,132762.78510000184],[402436.50360000134,132747.80440000072],[402437.679399997,132747.12209999934],[402465.61500000209,132730.91149999946],[402492.95069999993,132714.90410000086],[402502.18439999968,132709.53610000014],[402510.76309999824,132704.53680000082],[402518.47839999944,132700.04960000142],[402520.64559999853,132698.7853000015],[402524.03670000285,132696.87420000136],[402527.29619999975,132695.01300000027],[402530.55919999629,132693.1400000006],[402533.81660000235,132691.24480000138],[402537.06599999964,132689.35420000181],[402540.30380000174,132687.43919999897],[402543.56440000236,132685.51060000062],[402546.77109999955,132683.59450000152],[402549.98770000041,132681.65069999918],[402553.35689999908,132679.60599999875],[402568.4952000007,132670.80260000005],[402571.65169999748,132668.78429999948],[402574.9028000012,132666.61059999838],[402578.10310000181,132664.38149999827],[402581.24149999768,132662.08309999853],[402584.35270000249,132659.71489999816],[402587.41499999911,132657.27430000156],[402590.43980000168,132654.77079999819],[402593.38970000297,132652.22769999877],[402596.27690000087,132649.62640000135],[402599.03570000082,132647.02939999849],[402600.69420000166,132645.35330000147],[402602.49539999664,132643.50429999828],[402604.25940000266,132641.66440000013],[402606.00069999695,132639.80959999934],[402607.75169999897,132637.91499999911],[402609.50050000101,132635.99230000004],[402611.20470000058,132634.09870000184],[402612.89869999886,132632.16550000012],[402614.5877000019,132630.22839999944],[402616.17210000008,132628.36169999838],[402618.14169999957,132625.95019999892],[402620.18590000272,132623.4571999982],[402622.22739999741,132620.95760000125],[402624.2405000031,132618.48070000112],[402626.28050000221,132615.96070000157],[402628.32050000131,132613.45069999993],[402630.36050000042,132610.93070000038],[402632.39190000296,132608.43140000105],[402634.38189999759,132605.9609999992],[402636.41049999744,132603.4327000007],[402636.6753000021,132603.11239999905],[402638.8022999987,132600.6352000013],[402646.741899997,132591.39559999853],[402654.16470000148,132582.75239999965],[402659.1305000037,132576.98020000011],[402664.70489999652,132570.25140000135],[402670.4199000001,132563.39939999953],[402671.61330000311,132561.97740000114],[402676.1194999963,132556.58799999952],[402681.8647999987,132549.76619999856],[402685.69080000371,132545.25719999894],[402687.61020000279,132542.98800000176],[402693.37489999831,132536.2089000009],[402699.1623999998,132529.43679999933],[402704.96989999712,132522.684799999],[402710.79330000281,132515.9477000013],[402716.61469999701,132509.24439999834],[402717.42319999635,132508.38439999893],[402721.01319999993,132504.85440000147],[402721.27189999819,132504.60599999875],[402724.94189999998,132501.16600000113],[402725.20679999888,132500.9235999994],[402728.95679999888,132497.57360000163],[402729.24220000207,132497.32499999925],[402733.11519999802,132494.03720000014],[402733.36150000244,132493.83370000124],[402737.27149999887,132490.67370000109],[402737.53850000352,132490.46290000156],[402741.51850000024,132487.39290000126],[402741.81639999896,132487.16890000179],[402745.73889999837,132484.2965000011],[402746.09769999981,132484.04019999877],[402750.31400000304,132481.10640000179],[402750.60779999942,132480.90720000118],[402754.79779999703,132478.13720000163],[402755.17180000246,132477.89779999852],[402756.68680000305,132476.95949999988],[402759.35649999976,132475.28110000119],[402759.84000000358,132474.98959999904],[402761.08529999852,132474.34620000049],[402763.15579999983,132473.39790000021],[402765.33850000054,132472.44590000063],[402767.54640000314,132471.52309999987],[402769.78760000318,132470.63949999958],[402772.03890000284,132469.79540000111],[402774.18400000036,132469.0364000015],[402774.52139999717,132468.92179999873],[402776.62569999695,132468.23479999974],[402778.74989999831,132467.56780000031],[402779.1427000016,132467.45039999858],[402779.89429999888,132467.23699999973],[402781.06650000066,132466.89389999956],[402781.41070000082,132466.7976000011],[402783.21989999712,132466.3145999983],[402790.46670000255,132464.10570000112],[402798.00330000371,132461.83159999922],[402805.53999999911,132459.58769999817],[402813.06909999996,132457.36910000071],[402820.60700000077,132455.15799999982],[402828.16640000045,132452.97370000184],[402835.72869999707,132450.81170000136],[402837.12539999932,132450.41690000147],[402843.28149999678,132448.67229999974],[402850.86190000176,132446.54820000008],[402868.00720000267,132441.81839999929],[402870.18156112888,132441.38845117166],[402872.39554239367,132441.2836214962],[402874.60080000013,132441.50620000064]]]},"properties":{"OBJECTID":74,"ROUTEID":"13040752","FROMMEASURE":0,"TOMEASURE":2393.2370000000001,"ROUTENAME":"GOOD HOPE RD SE","CORRIDORID":"13040752_1","FROMSTREET":"ANACOSTIA DR SE","TOSTREET":"Driveway-58014092/ALABAMA AVE SE","LENGTH_MI":1.4870857399999999,"TIER_1":0,"TIER_2":0,"TIER_3":1,"GIS_ID":"HIN_CorridorsLn_74","SE_ANNO_CAD_DATA":null,"BUFF_DIST":15,"ORIG_FID":74,"SHAPE_Length":4880.1925895809654,"SHAPE_Area":72499.598427364137}},{"type":"Feature","id":75,"geometry":{"type":"Polygon","coordinates":[[[406579.67469999939,134824.43789999932],[406581.56288151012,134824.89866237371],[406583.37562802882,134825.59971974799],[406585.08250000328,134826.52930000052],[406587.01650000364,134827.75279999897],[406589.06769999862,134829.10179999843],[406591.05719999969,134830.46759999916],[406592.95830000192,134831.80700000003],[406594.83799999952,134833.16310000047],[406596.18320000172,134834.15069999918],[406596.6921999976,134834.52699999884],[406598.5353000015,134835.92309999838],[406600.38379999995,134837.36259999871],[406602.21069999784,134838.83469999954],[406603.99350000173,134840.31109999865],[406605.7880000025,134841.83909999952],[406606.63000000268,134842.58190000057],[406607.95480000228,134843.77189999819],[406608.24780000001,134844.04219999909],[406610.24490000308,134845.93609999865],[406612.25500000268,134847.90249999985],[406614.18240000308,134849.81920000166],[406615.00659999996,134850.64339999855],[406616.01299999654,134851.64979999885],[406617.90359999985,134853.50109999999],[406651.12659999728,134886.90340000018],[406681.64320000261,134917.37000000104],[406711.16110000014,134946.89790000021],[406740.3302000016,134976.02699999884],[406749.73380000144,134985.42060000077],[406755.87659999728,134991.56340000033],[406756.8927000016,134992.57950000092],[406769.95880000293,135005.67559999973],[406783.02080000192,135018.7675999999],[406796.06989999861,135031.85669999942],[406806.34130000323,135042.14809999987],[406809.13130000234,135044.94810000062],[406814.28850000352,135050.11529999971],[406822.18999999762,135058.03680000082],[406822.93310000002,135058.7798999995],[406835.2479000017,135071.12480000034],[406846.12120000273,135082.01810000092],[406856.98120000213,135092.91809999943],[406867.85480000079,135103.81170000136],[406871.82379999757,135107.80059999973],[406878.71429999918,135114.70109999925],[406880.01370000094,135116.00050000101],[406887.52799999714,135123.53480000049],[406889.56610000134,135125.56289999932],[406900.45229999721,135136.45910000056],[406911.96280000359,135147.94959999993],[406923.49740000069,135159.44420000166],[406924.06740000099,135160.01419999823],[406932.72580000013,135168.6425999999],[406935.01659999788,135170.92339999974],[406941.32299999893,135177.20980000123],[406946.55219999701,135182.40900000185],[406958.08820000291,135193.90500000119],[406969.6203000024,135205.39710000157],[406980.76470000297,135216.51150000095],[406991.90569999814,135227.6325000003],[407000.48040000349,135236.18719999865],[407003.05160000175,135238.75840000063],[407008.34969999641,135244.04659999907],[407010.58730000257,135246.27419999987],[407014.25429999828,135249.93189999834],[407014.65739999712,135250.34409999847],[407025.31689999998,135260.98369999975],[407036.4598999992,135272.10669999942],[407063.32339999825,135298.95019999892],[407065.66749999672,135301.28429999948],[407075.91059999913,135311.49740000069],[407085.58829999715,135321.14510000125],[407090.88229999691,135326.41910000145],[407115.67159999907,135351.16840000078],[407120.60509999841,135356.08190000057],[407125.5605000034,135361.01729999855],[407130.50580000132,135365.95270000026],[407135.44439999759,135370.88120000064],[407139.32980000228,135374.75659999996],[407143.21660000086,135378.64339999855],[407146.68900000304,135382.11580000073],[407150.16899999976,135385.58579999954],[407152.07660000026,135387.49340000004],[407153.97659999877,135389.39339999855],[407160.18240000308,135395.59919999912],[407166.39660000056,135401.80339999869],[407172.60509999841,135408.02189999819],[407178.80049999803,135414.21730000153],[407200.34489999712,135435.71169999987],[407209.9029000029,135445.24969999865],[407219.60840000212,135454.92520000041],[407221.45049999654,135456.76729999855],[407248.5121999979,135483.86899999902],[407279.64069999754,135514.8674999997],[407312.6724999994,135547.83929999918],[407337.70629999787,135572.66330000013],[407361.57310000062,135596.72980000079],[407376.15619999915,135611.25310000032],[407393.27260000259,135628.29940000176],[407427.43509999663,135662.42199999839],[407428.69900000095,135663.69619999826],[407431.27170000225,135666.30889999866],[407433.8275000006,135668.89449999854],[407436.38459999859,135671.47140000015],[407438.93530000001,135674.02210000157],[407441.27409999818,135676.35090000182],[407443.62470000237,135678.69150000066],[407445.94849999994,135680.98580000177],[407448.29829999804,135683.30570000038],[407451.31289999932,135686.27039999887],[407454.30309999734,135689.19159999862],[407457.32240000367,135692.13129999861],[407460.34839999676,135695.05810000002],[407460.59220000356,135695.29940000176],[407490.04950000346,135725.12460000068],[407524.97500000149,135760.48620000109],[407526.56437330053,135762.38654617179],[407527.81928272324,135764.52257646018],[407528.70549757389,135766.83602546342],[407529.19884419465,135769.2637882533],[407529.28586536075,135771.73964171603],[407528.96418735909,135774.19605094809],[407528.24258473667,135776.56601143457],[407527.14074095385,135778.78487675957],[407525.68871147017,135780.79212199387],[407523.92610390874,135782.53299465915],[407521.90099766263,135783.96000823443],[407519.66863241245,135785.03423746602],[407517.28990133066,135785.72638014826],[407514.82969007234,135786.01755641209],[407512.35510686191,135785.89982371917],[407509.9336519537,135785.3763935141],[407507.63137639867,135784.46154362423],[407505.51108034229,135783.18022879746],[407503.63059999794,135781.56740000099],[407468.7050999999,135746.20580000058],[407439.36909999698,135716.50340000167],[407436.42369999737,135713.65450000018],[407433.35689999908,135710.66849999875],[407430.30009999871,135707.68219999969],[407427.24180000275,135704.67440000176],[407424.87150000036,135702.33419999853],[407422.48870000243,135699.98169999942],[407420.10599999875,135697.60920000076],[407417.74469999969,135695.25789999962],[407415.1230000034,135692.63610000163],[407412.51229999959,135690.00530000031],[407409.9218999967,135687.38470000029],[407407.35360000283,135684.77639999986],[407406.18770000339,135683.60099999979],[407372.08739999682,135649.54060000181],[407354.98659999669,135632.50989999995],[407340.34220000356,135617.92529999837],[407316.49369999766,135593.8770999983],[407291.51060000062,135569.10370000079],[407258.4592999965,135536.11250000075],[407227.320600003,135505.10379999876],[407200.22950000316,135477.97269999981],[407198.4197999984,135476.16299999878],[407188.71720000356,135466.49040000141],[407179.15510000288,135456.94830000028],[407157.59960000217,135435.44280000031],[407151.37919999659,135429.22239999846],[407145.18339999765,135423.0166000016],[407138.97770000249,135416.82090000063],[407132.76340000331,135410.60660000145],[407130.86339999735,135408.70659999922],[407128.97869999707,135406.82189999893],[407125.49109999835,135403.34430000186],[407122.00339999795,135399.85660000145],[407118.13710000366,135395.99029999971],[407114.25569999963,135392.11879999936],[407109.31419999897,135387.18730000034],[407104.37960000336,135382.26269999892],[407099.43490000069,135377.33810000122],[407094.48849999905,135372.41169999912],[407069.69780000299,135347.66099999845],[407064.41170000285,135342.39490000159],[407054.72950000316,135332.74269999936],[407044.4924999997,135322.53570000082],[407042.13669999689,135320.18989999965],[407015.26009999961,135293.33329999819],[407004.12309999764,135282.21629999951],[406993.32329999655,135271.43569999933],[406992.92539999634,135271.02879999951],[406989.41269999743,135267.52589999884],[406987.17029999942,135265.29349999875],[406981.84839999676,135259.98160000145],[406979.28580000252,135257.41899999976],[406970.71440000087,135248.86760000139],[406959.57530000061,135237.74850000069],[406948.43980000168,135226.64299999923],[406936.91179999709,135215.15500000119],[406925.3879000023,135203.67110000178],[406920.15709999949,135198.47030000016],[406913.84340000153,135192.17660000175],[406911.55420000106,135189.8973999992],[406902.87259999663,135181.24579999968],[406902.31180000305,135180.68499999866],[406890.7771999985,135169.19040000066],[406879.24560000002,135157.67880000174],[406868.36729999632,135146.79050000012],[406866.31939999759,135144.75250000134],[406858.78639999777,135137.19959999993],[406857.48960000277,135135.9028000012],[406850.57630000263,135128.97940000147],[406846.6053000018,135124.98840000108],[406835.73879999667,135114.10200000182],[406824.87879999727,135103.20199999958],[406814.01210000366,135092.31529999897],[406801.70700000226,135079.98020000011],[406800.95669999719,135079.22989999875],[406793.05160000175,135071.30480000004],[406787.88880000263,135066.13199999928],[406785.09880000353,135063.33199999854],[406774.8302000016,135053.04340000078],[406761.77920000255,135039.9523999989],[406748.72119999677,135026.86439999938],[406735.66730000079,135013.78049999848],[406734.66340000182,135012.77659999952],[406728.52899999917,135006.64220000058],[406719.12990000099,134997.25310000032],[406689.95620000362,134968.11939999834],[406660.44030000269,134938.59349999949],[406629.88340000063,134908.08659999818],[406596.77030000091,134874.7938000001],[406594.91080000252,134872.97329999879],[406593.79339999706,134871.85660000145],[406592.99319999665,134871.05640000105],[406591.18169999868,134869.25459999964],[406589.43869999796,134867.54870000109],[406587.7555000037,134865.95360000059],[406586.67390000075,134864.98180000111],[406586.12839999795,134864.49960000068],[406584.70750000328,134863.29050000012],[406583.22640000284,134862.06379999965],[406581.75779999793,134860.88010000065],[406580.26259999722,134859.71609999985],[406578.7282000035,134858.5540000014],[406578.3973999992,134858.309799999],[406577.17849999666,134857.41470000148],[406575.54159999639,134856.23350000009],[406573.92230000347,134855.09270000085],[406572.33330000192,134854.00079999864],[406570.76280000061,134852.96819999814],[406569.05749999732,134851.89070000127],[406567.00496722187,134850.33184728294],[406565.24959472386,134848.4446324078],[406563.84320827562,134846.28477367404],[406562.82733015442,134843.91603894118],[406562.23195323552,134841.40836294214],[406562.07465547946,134838.83578252402],[406562.3600809591,134836.27425077773],[406563.07980274735,134833.79939459218],[406564.21257171483,134831.4842818394],[406565.72494389064,134829.39726411222],[406567.57226786553,134827.59995870595],[406569.70000308374,134826.14542942363],[406572.04533010314,134825.07661991601],[406574.53900528233,134824.42508580911],[406577.10740513558,134824.21006305327],[406579.67469999939,134824.43789999932]]]},"properties":{"OBJECTID":75,"ROUTEID":"13081512","FROMMEASURE":8730.5480000000007,"TOMEASURE":10052.458000000001,"ROUTENAME":"SOUTHERN AVE SE","CORRIDORID":"13081512_3","FROMSTREET":"FITCH ST SE","TOSTREET":"SOUTHERN AVE NE/EAST CAPITOL ST BN","LENGTH_MI":0.82139529,"TIER_1":1,"TIER_2":0,"TIER_3":0,"GIS_ID":"HIN_CorridorsLn_75","SE_ANNO_CAD_DATA":null,"BUFF_DIST":15,"ORIG_FID":75,"SHAPE_Length":2738.0680124834644,"SHAPE_Area":40364.100896990574}},{"type":"Feature","id":76,"geometry":{"type":"Polygon","coordinates":[[[403638.56469999999,131885.93789999932],[403640.61397709319,131886.45024993649],[403642.57096014416,131887.24539545825],[403644.39683810103,131888.30756717193],[403646.05539999902,131889.61569999903],[403653.3927000016,131896.29239999875],[403655.34000000358,131898.06899999827],[403655.92230000347,131898.6297999993],[403679.10149999708,131922.18829999864],[403704.86770000309,131947.97450000048],[403722.64670000225,131965.7435999997],[403722.96119999886,131966.05000000075],[403731.13960000128,131973.99839999899],[403739.14050000161,131981.78959999979],[403741.40770000219,131983.98629999906],[403763.46239999682,132005.67969999835],[403772.81849999726,132015.1053000018],[403793.61140000075,132035.88679999858],[403805.40510000288,132047.62189999968],[403808.60490000248,132050.81170000136],[403810.58089999855,132052.7778000012],[403817.09380000085,132059.26060000062],[403832.20470000058,132074.31159999967],[403852.16659999639,132094.00400000066],[403853.35750000179,132095.2146999985],[403860.16539999843,132102.08240000159],[403866.32710000128,132108.30420000106],[403884.24780000001,132126.39420000091],[403910.4878000021,132152.11520000175],[403916.43310000002,132158.06989999861],[403923.06769999862,132164.73460000008],[403927.2052000016,132168.90210000053],[403935.56279999763,132177.28950000182],[403942.53490000218,132184.23169999942],[403947.70629999787,132189.38309999928],[403949.83529999852,132191.51209999993],[403950.27489999682,132191.94240000099],[403957.08299999684,132198.71990000084],[403961.60899999738,132203.22580000013],[403987.1595999971,132228.81639999896],[404012.93360000104,132254.18079999834],[404021.18599999696,132262.46279999986],[404022.2723999992,132263.55029999837],[404029.22150000185,132270.70129999891],[404029.47360000014,132270.96299999952],[404030.49880000204,132272.01559999958],[404030.7154000029,132272.23490000144],[404036.22049999982,132277.91950000077],[404038.88750000298,132280.66169999912],[404053.33669999987,132294.60680000111],[404053.5848999992,132294.85200000182],[404067.10360000283,132308.52039999887],[404090.0047999993,132331.51130000129],[404116.56300000101,132357.52050000057],[404120.20480000228,132361.19170000032],[404123.76879999787,132364.77560000122],[404127.34139999747,132368.35819999874],[404130.90919999778,132371.92599999905],[404134.49920000136,132375.50600000098],[404135.54630000144,132376.55319999903],[404136.49319999665,132377.49639999866],[404138.07119999826,132379.06810000166],[404141.66669999808,132382.64359999821],[404143.44150000066,132384.40830000117],[404144.04510000348,132385.01190000027],[404145.25249999762,132386.20949999988],[404148.84350000322,132389.77059999853],[404152.16830000281,132393.05710000172],[404152.45279999822,132393.32990000024],[404188.28480000049,132428.8022999987],[404191.68789999932,132432.27589999884],[404200.97290000319,132441.76099999994],[404207.93169999868,132448.87999999896],[404209.04779999703,132450.02400000021],[404249.61609999835,132490.19310000166],[404293.74660000205,132534.25340000167],[404334.63090000302,132575.04769999906],[404349.24440000206,132589.5214000009],[404357.25519999862,132597.45219999924],[404364.79720000178,132604.92430000007],[404366.27639999986,132606.3834999986],[404388.17270000279,132628.4199000001],[404409.4924999997,132650.05799999833],[404420.98170000315,132661.15199999884],[404427.17220000178,132667.11250000075],[404435.07010000199,132674.74010000005],[404437.39970000088,132676.9897999987],[404437.63189999759,132677.21889999881],[404467.87039999664,132707.7173999995],[404502.13109999895,132742.14790000021],[404514.16089999676,132754.16770000011],[404521.59309999645,132761.58989999816],[404521.97259999812,132761.96939999983],[404528.61259999871,132768.59939999878],[404529.41790000349,132769.40469999984],[404548.42629999667,132788.4224999994],[404549.78400000185,132789.78069999814],[404574.03760000318,132813.73460000008],[404600.0447999984,132839.78159999847],[404600.56130000204,132840.29809999838],[404610.59830000252,132850.31509999931],[404619.37810000032,132859.08520000055],[404631.247299999,132871.11039999872],[404641.18370000273,132880.8610999994],[404642.42890000343,132882.09580000117],[404668.04619999975,132907.85709999874],[404674.45000000298,132914.29690000042],[404677.27489999682,132917.1416000016],[404704.58910000324,132944.35599999875],[404707.58259999752,132947.32950000092],[404716.23950000107,132955.96629999951],[404725.88650000095,132965.57330000028],[404731.73749999702,132971.40430000052],[404749.7228000015,132989.38960000128],[404765.50630000234,133005.15060000122],[404791.88729999959,133031.49410000071],[404803.85509999841,133043.48189999908],[404810.44640000165,133050.08320000023],[404819.63549999893,133059.29230000079],[404828.00219999999,133067.66899999976],[404854.04150000215,133093.65579999983],[404867.69990000129,133107.28669999912],[404886.5998999998,133126.17669999972],[404896.57760000229,133136.13439999893],[404910.66290000081,133150.19970000163],[404911.66449999809,133151.20129999891],[404944.92019999772,133184.43079999834],[404949.70690000057,133189.2137000002],[404983.15089999884,133222.68769999966],[404994.05420000106,133233.52109999955],[405002.73390000314,133242.15080000088],[405011.96930000186,133251.32609999925],[405012.23080000281,133251.5876000002],[405030.87629999965,133270.33309999853],[405050.13620000333,133289.59299999848],[405054.84570000321,133294.27120000124],[405078.65910000354,133317.92590000108],[405092.20759999752,133331.42440000176],[405097.97860000283,133337.17540000007],[405104.01780000329,133343.19460000098],[405104.9048999995,133344.08170000091],[405120.66330000013,133359.8300999999],[405142.7324000001,133381.96909999847],[405143.47089999914,133382.69799999893],[405149.51659999788,133388.74340000004],[405154.62659999728,133393.85339999944],[405155.7920999974,133395.01889999956],[405188.57100000232,133427.54789999872],[405193.34809999913,133432.35139999911],[405226.37799999863,133465.56480000168],[405229.30629999936,133468.48319999874],[405241.04450000077,133480.17139999941],[405253.43379999697,133492.51069999859],[405257.84390000254,133496.90069999918],[405280.2201000005,133519.18699999899],[405298.61219999939,133537.5390000008],[405304.74870000035,133543.65549999848],[405310.49040000141,133549.37719999999],[405325.67509999871,133564.52189999819],[405349.73619999737,133588.63300000131],[405356.2452000007,133595.15199999884],[405362.11770000309,133601.03460000083],[405363.67409999669,133602.60069999844],[405388.65600000322,133627.31300000101],[405402.25609999895,133640.85289999843],[405408.29940000176,133646.87629999965],[405414.63610000163,133653.19289999828],[405440.89450000226,133679.33130000159],[405457.4824000001,133695.91919999942],[405463.71239999682,133702.13919999823],[405471.38660000265,133709.81340000033],[405474.05690000206,133712.48380000144],[405504.82689999789,133743.37379999831],[405505.11609999835,133743.66290000081],[405511.52489999682,133750.0020999983],[405518.08529999852,133756.48250000179],[405524.61930000037,133762.94640000165],[405524.93729999661,133763.27059999853],[405532.96819999814,133771.71159999818],[405539.41589999944,133778.49100000039],[405550.31960000098,133789.25769999996],[405557.51430000365,133796.17529999837],[405563.88220000267,133802.29329999909],[405564.12680000067,133802.53370000049],[405569.35930000246,133807.79610000178],[405570.42660000175,133808.86340000108],[405610.25100000203,133848.35799999908],[405615.93060000241,133853.98759999871],[405620.69409999996,133858.7109999992],[405621.89630000293,133859.91310000047],[405641.43190000206,133879.3088000007],[405649.95279999822,133887.77969999984],[405657.27149999887,133895.04839999974],[405661.97940000147,133899.72630000114],[405667.24159999937,133904.94849999994],[405672.66629999876,133910.34319999814],[405675.4824000001,133913.14279999956],[405677.8145999983,133915.46150000021],[405714.7221999988,133952.55909999833],[405719.13880000263,133956.99570000172],[405724.31700000167,133962.1939000003],[405724.68020000309,133962.57140000165],[405750.3825000003,133990.24159999937],[405767.40829999745,134005.60310000181],[405768.00509999692,134006.17199999839],[405769.35980000347,134007.53649999946],[405811.99469999969,134050.15150000155],[405819.51690000296,134057.64339999855],[405846.73049999774,134084.747299999],[405852.47460000217,134090.50140000135],[405868.30619999766,134106.35300000012],[405872.46639999747,134110.52299999818],[405872.83789999783,134110.88560000062],[405906.85069999844,134144.62759999931],[405941.79980000108,134179.64669999853],[405945.14159999788,134182.99839999899],[405956.37929999828,134194.26610000059],[405965.8593999967,134203.76619999856],[405973.27090000361,134211.1977000013],[405976.3356000036,134214.26240000129],[405985.1657000035,134223.12240000069],[405994.96850000322,134232.85539999977],[405997.88669999689,134235.76359999925],[406001.71710000187,134239.56410000101],[406007.43180000037,134245.23869999871],[406033.73160000145,134271.37840000167],[406078.88930000365,134316.5560999997],[406085.12830000371,134322.7751000002],[406090.52530000359,134328.15210000053],[406099.79420000315,134337.38109999895],[406131.5781000033,134369.03440000117],[406133.87799999863,134371.32479999959],[406168.39239999652,134405.86919999868],[406210.59700000286,134448.003800001],[406241.35440000147,134478.70120000094],[406245.19759999961,134482.53559999913],[406252.22529999912,134489.77329999954],[406259.79420000315,134497.08269999921],[406352.3900000006,134589.37680000067],[406395.21050000191,134632.0672999993],[406395.59929999709,134632.46970000118],[406397.54590000212,134634.56080000103],[406399.52139999717,134636.62310000136],[406401.66770000011,134638.86470000073],[406403.76449999958,134641.12689999864],[406404.07689999789,134641.47480000183],[406406.10379999876,134643.80649999902],[406406.4824000001,134644.26689999923],[406408.30240000039,134646.57690000162],[406408.70170000196,134647.10759999976],[406410.41170000285,134649.48759999871],[406410.71859999746,134649.93129999936],[406412.34860000014,134652.38129999861],[406412.58569999784,134652.74920000136],[406414.14570000023,134655.24920000136],[406415.27915542369,134657.45208408107],[406416.03456877748,134659.81148445627],[406416.39133431099,134662.26304269946],[406416.33972037002,134664.73988655137],[406415.88113485125,134667.17445402581],[406415.02808679861,134669.5003363284],[406413.80384518835,134671.65408931917],[406412.2418042107,134673.57696410702],[406410.38457236142,134675.21650956958],[406408.28281019098,134676.52800308628],[406405.99384841329,134677.47567045729],[406403.58012407064,134678.03366173257],[406401.10747740988,134678.18675633258],[406398.64335592848,134677.93077822693],[406396.25497457886,134677.27270984577],[406394.00748231559,134676.23050161698],[406391.96218499821,134674.83258232416],[406390.17487312359,134673.11708364199],[406388.69430000335,134671.13080000132],[406387.25010000169,134668.81639999896],[406385.89010000229,134666.77219999954],[406384.53320000321,134664.88360000029],[406383.14329999685,134663.11950000003],[406381.59529999644,134661.34019999951],[406379.83500000089,134659.43980000168],[406377.85859999806,134657.37700000033],[406375.7343999967,134655.15839999914],[406373.83190000057,134653.11569999903],[406331.21010000259,134610.62330000103],[406238.78299999982,134518.49590000138],[406231.21159999818,134511.18549999967],[406230.86789999902,134510.84279999882],[406223.84130000323,134503.60480000079],[406220.1657000035,134499.93890000135],[406189.40299999714,134469.23620000109],[406147.1855000034,134427.0887000002],[406112.67059999704,134392.5438000001],[406110.40869999677,134390.29120000079],[406078.62590000033,134358.63899999857],[406069.35480000079,134349.40790000185],[406063.95180000365,134344.02499999851],[406057.69070000201,134337.78400000185],[406012.53279999644,134292.60610000044],[405986.28830000013,134266.5214000009],[405980.5829000026,134260.85599999875],[405976.73340000212,134257.03649999946],[405973.81149999797,134254.12460000068],[405963.96339999884,134244.34650000185],[405955.10440000147,134235.45760000125],[405952.03630000353,134232.38949999958],[405944.62070000172,134224.95389999822],[405935.14079999924,134215.45399999991],[405923.89850000292,134204.18160000071],[405920.56019999832,134200.83339999989],[405885.67509999871,134165.87840000167],[405851.79789999872,134132.27070000023],[405851.37470000237,134131.85709999874],[405847.07379999757,134127.54699999839],[405831.24549999833,134111.6986999996],[405825.51829999685,134105.96150000021],[405798.34660000354,134078.89939999953],[405790.80539999902,134071.38859999925],[405748.10540000349,134028.70859999955],[405747.00460000336,134027.5998999998],[405729.79420000315,134012.07169999927],[405728.85230000317,134011.14339999855],[405702.87719999999,133983.17960000038],[405697.88130000234,133978.16440000013],[405693.4579000026,133973.72100000083],[405656.6072999984,133936.68050000072],[405654.33160000294,133934.41820000112],[405651.51380000263,133931.61690000072],[405646.09849999845,133926.23149999976],[405640.84070000052,133921.01370000094],[405636.12860000134,133916.33170000091],[405628.80730000138,133909.0604000017],[405620.28819999844,133900.59120000154],[405600.71249999851,133881.15560000017],[405599.52470000088,133879.96790000051],[405594.80939999968,133875.29239999875],[405589.12900000066,133869.66200000048],[405549.2555000037,133830.1185999997],[405548.11829999834,133828.98149999976],[405542.97330000252,133823.80710000172],[405536.72580000013,133817.80480000004],[405529.38220000267,133810.74320000038],[405518.17069999874,133799.67350000143],[405517.84089999646,133799.33740000054],[405511.23179999739,133792.38839999959],[405503.35819999874,133784.11290000007],[405496.99469999969,133777.81760000065],[405490.43509999663,133771.33799999952],[405483.96249999851,133764.93549999967],[405483.59309999645,133764.566300001],[405452.82310000062,133733.6763000004],[405450.17339999974,133731.02659999952],[405442.51190000027,133723.36510000005],[405436.27769999951,133717.14090000093],[405419.71769999713,133700.58089999855],[405393.46400000155,133674.44709999859],[405387.12060000002,133668.12379999831],[405381.08399999887,133662.10720000044],[405367.51780000329,133648.60090000182],[405342.48569999635,133623.8387000002],[405340.86299999803,133622.2061999999],[405335.0148999989,133616.34809999913],[405328.50389999896,133609.82710000128],[405304.46639999747,133585.73959999904],[405289.30969999731,133570.6229000017],[405283.57129999995,133564.90450000018],[405277.42790000141,133558.78099999949],[405259.03989999741,133540.43310000002],[405236.67620000243,133518.15940000117],[405232.26619999856,133513.76940000057],[405219.87550000101,133501.42859999835],[405208.13379999995,133489.73690000176],[405205.14779999852,133486.76089999825],[405172.07620000094,133453.50569999963],[405167.366899997,133448.77019999921],[405134.61379999667,133416.26689999923],[405133.41340000182,133415.06659999862],[405128.30340000242,133409.95659999922],[405122.32729999721,133403.98050000146],[405121.57069999725,133403.23369999975],[405099.4299999997,133381.02320000157],[405083.69510000199,133365.29830000177],[405082.83100000024,133364.43420000002],[405076.80139999837,133358.42460000142],[405071.03239999712,133352.67559999973],[405057.49499999732,133339.18820000067],[405033.70340000093,133315.55510000139],[405028.96109999716,133310.84430000186],[405009.63930000365,133291.5223999992],[404990.89329999685,133272.67650000006],[404981.58609999716,133263.42920000106],[404972.90590000153,133254.79899999872],[404961.96809999645,133243.93129999936],[404928.49279999733,133210.42599999905],[404923.7154000029,133205.65239999816],[404890.45549999923,133172.41869999841],[404889.46090000123,133171.42410000041],[404875.3825000003,133157.36569999903],[404865.4001000002,133147.40329999849],[404846.50020000339,133128.51339999959],[404832.84969999641,133114.89039999992],[404806.79559999704,133088.88879999891],[404798.40450000018,133080.48770000041],[404789.21369999647,133071.27690000087],[404782.625,133064.67819999903],[404770.67199999839,133052.7052000016],[404744.30820000172,133026.37889999896],[404728.51720000058,133010.61039999872],[404710.55160000175,132992.64479999989],[404704.71350000054,132986.82669999823],[404695.06059999764,132977.21379999816],[404686.41740000248,132968.59050000086],[404683.43100000173,132965.62409999967],[404656.04460000247,132938.33779999986],[404653.17010000348,132935.44319999963],[404646.77359999716,132929.01069999859],[404621.23160000145,132903.32490000129],[404620.11169999838,132902.21449999884],[404610.06469999999,132892.35399999842],[404598.10520000011,132880.23849999905],[404589.40179999918,132871.54500000179],[404579.35869999975,132861.52189999819],[404578.81930000335,132860.98250000179],[404552.88260000199,132835.00589999929],[404528.63539999723,132811.05840000138],[404527.20820000023,132809.63080000132],[404508.20210000128,132790.61529999971],[404507.41139999777,132789.82459999993],[404500.76739999652,132783.19060000032],[404500.39050000161,132782.81370000169],[404492.95920000225,132775.39240000024],[404480.90250000358,132763.34569999948],[404446.57769999653,132728.85069999844],[404416.44160000235,132698.45560000092],[404414.22999999672,132696.31989999861],[404406.34279999882,132688.70270000026],[404400.15829999745,132682.74799999967],[404388.52059999853,132671.51069999859],[404388.25509999692,132671.24780000001],[404366.85029999912,132649.52329999954],[404345.10390000045,132627.63729999959],[404343.70539999753,132626.25820000097],[404336.14490000159,132618.76779999956],[404328.13570000231,132610.8385999985],[404313.48480000347,132596.32789999992],[404272.55349999666,132555.48669999838],[404228.45820000023,132511.46130000055],[404187.7546999976,132471.15689999983],[404186.46840000153,132469.84010000154],[404179.5271999985,132462.73910000175],[404170.2520999983,132453.26419999823],[404167.01200000197,132449.95569999889],[404131.48600000143,132414.78750000149],[404131.21509999782,132414.52789999917],[404127.73650000244,132411.08940000087],[404124.12749999762,132407.51060000062],[404122.88530000299,132406.27840000018],[404122.25609999895,132405.64930000156],[404120.51340000331,132403.91649999842],[404116.90879999846,132400.33190000057],[404115.32180000097,132398.75120000169],[404114.35369999707,132397.78689999878],[404113.30820000172,132396.74139999971],[404109.71079999954,132393.15399999917],[404106.10599999875,132389.54919999838],[404102.51129999757,132385.94440000132],[404098.91650000215,132382.32959999889],[404095.4157000035,132378.79930000007],[404068.87889999896,132352.8115000017],[404045.81390000135,132329.65700000152],[404032.37820000201,132316.07250000164],[404017.88329999894,132302.08320000023],[404017.54710000008,132301.74830000103],[404014.69590000063,132298.81670000032],[404009.20539999753,132293.14860000089],[404009.01780000329,132292.95899999887],[404007.92149999738,132291.83179999888],[404007.66070000082,132291.56109999865],[404000.90730000287,132284.61050000042],[403999.94370000064,132283.64689999819],[403991.78339999914,132275.45679999888],[403966.02199999988,132250.10480000079],[403940.40200000256,132224.44519999996],[403935.91700000316,132219.98020000011],[403929.20409999788,132213.29710000008],[403928.74329999834,132212.84589999914],[403926.52399999648,132210.62719999999],[403921.36509999633,132205.48829999939],[403914.35540000349,132198.50860000029],[403905.93490000069,132190.05799999833],[403901.79230000079,132185.88540000096],[403895.18689999729,132179.25010000169],[403889.36969999969,132173.42300000042],[403863.09189999849,132147.66440000013],[403845.0129000023,132129.41589999944],[403838.8545999974,132123.19759999961],[403832.00400000066,132116.28669999912],[403830.932099998,132115.19590000063],[403811.08030000329,132095.61329999939],[403795.92620000243,132080.51940000057],[403789.41910000145,132074.04230000079],[403787.43519999832,132072.06830000132],[403784.23489999771,132068.87810000032],[403772.42750000209,132057.12929999828],[403751.57509999722,132036.28819999844],[403742.29630000144,132026.93980000168],[403720.45530000329,132005.45699999854],[403718.23920000345,132003.31010000035],[403710.22049999982,131995.50160000101],[403702.03890000284,131987.55009999871],[403701.57419999689,131987.09650000185],[403683.6529000029,131969.18609999865],[403657.79850000143,131943.31140000001],[403634.82150000334,131919.95870000124],[403633.18609999865,131918.46649999917],[403625.86460000277,131911.80429999903],[403624.11606772733,131909.91445234907],[403622.71647758706,131907.75342557978],[403621.70706396742,131905.384887338],[403621.11756596772,131902.87861892328],[403620.96535123524,131900.30845940809],[403621.25490428344,131897.75013020905],[403621.97769437061,131895.27900420089],[403623.11242683046,131892.96788509906],[403624.62567045027,131890.88486253427],[403626.47284241335,131889.09130601244],[403628.59952178714,131887.64005686101],[403630.94305285934,131886.57387143068],[403633.4343910857,131885.9241614182],[403636.00013726321,131885.71006842243],[403638.56469999999,131885.93789999932]]]},"properties":{"OBJECTID":76,"ROUTEID":"13081512","FROMMEASURE":4821.3780000000006,"TOMEASURE":8730.5480000000007,"ROUTENAME":"SOUTHERN AVE SE","CORRIDORID":"13081512_2","FROMSTREET":"BRANCH AVE SE","TOSTREET":"53RD ST SE","LENGTH_MI":2.42904097,"TIER_1":1,"TIER_2":0,"TIER_3":0,"GIS_ID":"HIN_CorridorsLn_76","SE_ANNO_CAD_DATA":null,"BUFF_DIST":15,"ORIG_FID":76,"SHAPE_Length":7912.5851843265027,"SHAPE_Area":117981.50721507268}},{"type":"Feature","id":77,"geometry":{"type":"Polygon","coordinates":[[[399888.45470000058,128152.46790000051],[399890.59597918933,128153.01060012983],[399892.63433009811,128153.86190828019],[399894.52554314426,128155.00336051683],[399896.22860000283,128156.41019999981],[399898.65200000256,128158.73270000145],[399898.94039999694,128159.01150000095],[399904.78549999744,128164.61679999903],[399910.65869999677,128170.25589999929],[399913.07289999723,128172.44940000027],[399915.63369999826,128174.82389999926],[399918.19389999658,128177.21930000186],[399920.74539999664,128179.65610000119],[399923.24289999902,128182.08139999956],[399925.74099999666,128184.52840000018],[399928.22969999909,128187.01669999957],[399930.6894999966,128189.50769999996],[399933.38509999961,128192.2862999998],[399936.05290000141,128195.08839999884],[399938.55849999934,128197.76000000164],[399940.18010000139,128199.42689999938],[399941.84309999645,128201.08989999816],[399943.53610000014,128202.73690000176],[399945.24490000308,128204.35390000045],[399946.9822999984,128205.95329999924],[399948.72320000082,128207.51190000027],[399950.50400000066,128209.05409999937],[399952.307099998,128210.5811999999],[399954.11349999905,128212.05920000002],[399956.04190000147,128213.59420000017],[399956.45019999892,128213.93200000003],[399969.60849999636,128225.40469999984],[399970.01359999925,128225.77109999955],[399984.75360000134,128239.60110000148],[399985.10559999943,128239.94240000099],[400014.60339999944,128269.49020000175],[400017.1352000013,128272.03370000049],[400064.02859999985,128319.14530000091],[400067.3171999976,128322.41409999877],[400073.28670000285,128328.3535999991],[400082.9552000016,128337.96209999919],[400102.63660000265,128357.53370000049],[400112.18869999796,128366.9609999992],[400132.50159999728,128387.00869999826],[400134.37479999661,128388.88159999996],[400140.89490000159,128395.42170000076],[400148.73420000076,128403.29100000113],[400170.04429999739,128424.66110000014],[400175.2248999998,128429.86180000007],[400176.68840000033,128431.33540000021],[400180.92779999971,128435.59679999948],[400190.1657000035,128444.88259999827],[400196.24210000038,128450.99500000104],[400198.48420000076,128453.3013000004],[400200.60159999877,128455.42810000107],[400202.72370000184,128457.5036999993],[400204.8797999993,128459.54780000076],[400207.08200000226,128461.5811999999],[400209.28989999741,128463.56560000032],[400211.54079999775,128465.52569999918],[400213.81889999658,128467.4664000012],[400216.10679999739,128469.35429999977],[400218.46369999647,128471.24740000069],[400221.9096999988,128473.9589000009],[400225.44250000268,128476.82239999995],[400228.92379999906,128479.71119999886],[400232.39419999719,128482.65940000117],[400235.82079999894,128485.65729999915],[400239.19690000266,128488.67940000072],[400242.55969999731,128491.76999999955],[400245.85239999741,128494.88489999995],[400249.10509999841,128498.02369999886],[400252.30080000311,128501.18769999966],[400272.23659999669,128521.12339999899],[400275.79200000316,128524.67880000174],[400276.39400000125,128525.28079999983],[400286.33950000256,128535.2164000012],[400311.190200001,128559.84710000083],[400338.08579999954,128586.61259999871],[400350.32620000094,128598.66759999841],[400357.62309999764,128606.09349999949],[400364.44520000368,128612.91200000048],[400372.07660000026,128620.54340000078],[400372.33200000226,128620.79910000041],[400386.38669999689,128635.04309999943],[400405.3703000024,128653.7873999998],[400424.5326000005,128672.85960000008],[400442.99809999764,128691.52470000088],[400448.6521999985,128697.14249999821],[400463.18389999866,128711.58080000058],[400481.94060000032,128730.2276000008],[400502.50680000335,128750.71379999816],[400523.13930000365,128771.5859999992],[400542.8423999995,128791.21930000186],[400558.48920000345,128807.01579999924],[400576.96040000021,128825.37730000168],[400594.93100000173,128843.2778000012],[400600.29410000145,128848.61019999906],[400610.57630000263,128858.83320000023],[400614.14079999924,128862.37759999931],[400626.02870000154,128874.21669999883],[400636.02340000123,128884.17029999942],[400639.5971999988,128887.71420000121],[400650.43180000037,128898.43879999965],[400662.93659999967,128910.81390000135],[400663.62139999866,128911.48849999905],[400682.84769999981,128930.60449999943],[400703.66600000113,128951.4728000015],[400727.55810000002,128975.30490000173],[400738.24580000341,128985.9849999994],[400741.65479999781,128989.3916000016],[400750.25370000303,128997.99049999937],[400768.20369999856,129015.92049999908],[400775.95499999821,129023.67179999873],[400792.63499999791,129040.34180000052],[400793.65100000054,129041.35779999942],[400815.70539999753,129063.53200000152],[400819.52929999679,129067.30490000173],[400838.85010000318,129086.36740000173],[400842.19510000199,129089.66230000183],[400843.61630000174,129091.09319999814],[400844.47089999914,129091.95120000094],[400848.70610000193,129096.20289999992],[400869.05749999732,129116.62429999933],[400898.3703000024,129145.95710000023],[400930.54670000076,129178.07349999994],[400956.78649999946,129204.36329999939],[400962.24629999697,129209.83309999853],[400967.71379999816,129215.30059999973],[400975.11860000342,129222.72540000081],[400985.98920000345,129233.61600000039],[401010.79569999874,129258.34259999916],[401033.77199999988,129281.05900000036],[401056.45369999856,129303.87469999865],[401060.81300000101,129308.25979999825],[401090.69420000166,129338.00109999999],[401101.74960000068,129349.05640000105],[401110.55259999633,129357.86939999834],[401111.03959999979,129358.35640000179],[401119.94259999692,129367.26940000057],[401121.61089999974,129368.93769999966],[401149.64050000161,129396.90729999915],[401185.66939999908,129433.0661999993],[401224.09340000153,129471.29030000046],[401243.35100000352,129490.40790000185],[401249.90389999747,129496.9208999984],[401256.74310000241,129503.69999999925],[401257.13400000334,129504.09079999849],[401289.3967999965,129536.44350000098],[401295.62269999832,129542.57389999926],[401304.34089999646,129551.15839999914],[401310.96880000085,129557.6763000004],[401319.65659999847,129566.22399999946],[401322.67790000141,129569.20560000092],[401348.7444999963,129595.85040000081],[401391.51619999856,129638.00319999829],[401410.62259999663,129657.16939999908],[401427.93419999629,129674.53110000119],[401453.08129999787,129699.86809999868],[401482.88000000268,129729.70710000023],[401500.1099999994,129747.19860000163],[401510.51630000025,129757.76289999858],[401542.27269999683,129789.36960000172],[401560.97680000216,129807.99370000139],[401578.91089999676,129825.93859999999],[401610.12009999901,129857.16690000147],[401664.65089999884,129911.59769999981],[401725.31440000236,129972.24109999835],[401782.10700000077,130029.003800001],[401833.82339999825,130080.56019999832],[401876.31499999762,130123.13179999962],[401921.95750000328,130168.41440000013],[401963.4469999969,130209.9338000007],[401972.85930000246,130219.19649999961],[401978.74840000272,130225.07519999892],[401986.02899999917,130232.34580000117],[401992.74989999831,130239.05669999868],[402011.71890000254,130258.00569999963],[402044.17319999635,130290.39999999851],[402080.87830000371,130327.12510000169],[402115.96599999815,130362.07279999927],[402117.41260000318,130363.51940000057],[402124.04259999841,130370.13940000162],[402131.39500000328,130377.49179999903],[402148.1467999965,130394.23360000178],[402186.67629999667,130432.64310000092],[402202.32280000299,130448.1895999983],[402210.61180000007,130456.48860000074],[402237.74939999729,130483.64620000124],[402269.42719999701,130515.33399999887],[402302.5298999995,130548.21669999883],[402330.03959999979,130575.73640000075],[402338.57599999756,130584.19310000166],[402343.7778000012,130589.34479999915],[402356.49350000173,130601.95039999858],[402360.21149999648,130605.66829999909],[402387.54309999943,130633.04989999905],[402392.10909999907,130637.59589999914],[402402.12669999897,130647.55359999835],[402411.65950000286,130657.0362999998],[402415.72999999672,130661.08680000156],[402438.10769999772,130683.60440000147],[402447.53440000117,130692.99120000005],[402454.80719999969,130700.23409999907],[402461.13589999825,130706.54270000011],[402469.76250000298,130715.12929999828],[402492.28989999741,130737.55669999868],[402520.81369999796,130765.92060000077],[402522.9952000007,130768.11190000176],[402531.56660000235,130776.64339999855],[402538.570600003,130783.62739999965],[402548.08280000091,130793.10960000008],[402577.03130000085,130822.10810000077],[402587.89509999752,130832.92199999839],[402593.64400000125,130838.65089999884],[402601.55690000206,130846.52409999818],[402601.94900000095,130846.90670000017],[402622.48149999976,130867.38830000162],[402638.71580000222,130883.46290000156],[402645.2547999993,130889.94179999828],[402654.04379999638,130898.64090000093],[402655.12340000272,130899.71029999852],[402727.39239999652,130972.03920000046],[402767.34359999746,131011.85040000081],[402785.31279999763,131029.86199999973],[402809.62269999832,131054.22949999943],[402843.19849999994,131087.4354000017],[402876.76959999651,131120.8964000009],[402915.10909999907,131159.11589999869],[402950.94810000062,131194.96489999816],[402955.07020000368,131199.08700000122],[402984.50310000032,131228.55990000069],[402996.90259999782,131240.92610000074],[403010.58579999954,131254.57259999961],[403012.50299999863,131256.47980000079],[403021.09260000288,131264.95980000123],[403039.92700000107,131283.58410000056],[403040.87070000172,131284.60819999874],[403041.30219999701,131285.14719999954],[403041.83030000329,131285.83889999986],[403076.48910000175,131320.58590000123],[403136.36710000038,131380.18389999866],[403145.57360000163,131389.40040000156],[403171.84470000118,131415.71150000021],[403179.06030000001,131422.92709999904],[403186.31220000237,131430.18899999931],[403200.19829999655,131444.08509999886],[403216.20579999685,131459.97920000181],[403256.64840000123,131500.13529999927],[403278.8954000026,131522.4765000008],[403301.49319999665,131545.14999999851],[403302.36069999635,131546.09820000082],[403302.6855000034,131546.49909999967],[403313.34549999982,131560.12909999862],[403314.70535551902,131562.19990122455],[403315.70582158474,131564.46628433463],[403316.31960807368,131566.86642826707],[403316.52997247997,131569.33486331117],[403316.3311766074,131571.80425695161],[403315.72864309256,131574.20725052501],[403314.73880748928,131576.47829658992],[403313.38866994943,131578.55544689114],[403311.71505872853,131580.38204214777],[403309.76362560643,131581.90825757172],[403307.58760062489,131583.0924619587],[403305.24634011008,131583.90235327987],[403302.8037075855,131584.31583979746],[403300.32633174054,131584.32164267002],[403297.88178897247,131583.91960361029],[403295.53676007723,131583.12068920262],[403293.35521136998,131581.94669176301],[403291.39664984972,131580.42963490126],[403289.71450000256,131578.61089999974],[403279.6101000011,131565.691300001],[403257.5474999994,131543.55469999835],[403235.45069999993,131521.36400000006],[403195.06819999963,131481.2677000016],[403179.01039999723,131465.32349999994],[403165.08789999783,131451.39110000059],[403157.83980000019,131444.13300000131],[403150.61940000206,131436.91259999946],[403124.34650000185,131410.59970000014],[403115.16520000249,131401.40839999914],[403055.27910000086,131341.8022999987],[403019.8898999989,131306.32310000062],[403019.01929999888,131305.37180000171],[403018.58780000359,131304.83280000091],[403018.09120000154,131304.18230000138],[403000.01070000231,131286.30350000039],[402991.38130000234,131277.78429999948],[402989.41420000046,131275.8273999989],[402975.71790000051,131262.16770000011],[402963.29699999839,131249.78009999916],[402933.8497999981,131220.29300000146],[402929.73269999772,131216.17590000108],[402893.91849999875,131180.35170000046],[402855.5904000029,131142.14359999821],[402822.06109999865,131108.72419999912],[402788.45660000294,131075.48970000073],[402764.07460000366,131051.05020000041],[402746.13949999958,131033.0727000013],[402706.20049999654,130993.27369999886],[402633.95090000331,130920.96409999952],[402632.93620000035,130919.95910000056],[402624.14530000091,130911.25820000097],[402617.60419999808,130904.7771999985],[402601.32620000094,130888.65929999948],[402580.89350000024,130868.27659999952],[402580.51789999753,130867.91019999981],[402572.47600000352,130859.90920000151],[402566.7248999998,130854.17810000107],[402555.84109999985,130843.34420000017],[402526.87730000168,130814.33040000126],[402517.38939999789,130804.87260000035],[402510.39339999855,130797.89660000056],[402501.79379999638,130789.33689999953],[402499.60909999907,130787.14229999855],[402471.13019999862,130758.82330000028],[402448.59759999812,130736.39070000127],[402439.96419999748,130727.79729999974],[402433.63279999793,130721.48600000143],[402426.36569999903,130714.24879999831],[402416.88819999993,130704.81129999831],[402394.51550000161,130682.29879999906],[402390.50050000101,130678.30370000005],[402380.97330000252,130668.82649999857],[402370.95099999756,130658.86410000175],[402366.35019999743,130654.28339999914],[402338.98860000074,130626.87180000171],[402335.32660000026,130623.20980000123],[402322.6622999981,130610.65520000085],[402317.46410000324,130605.50699999928],[402308.86739999801,130596.99049999937],[402281.3526000008,130569.46579999849],[402248.25029999763,130536.58339999989],[402216.53059999645,130504.85379999876],[402189.38830000162,130477.69150000066],[402181.1379000023,130469.4310999997],[402165.50869999826,130453.90190000087],[402126.95329999924,130415.46649999917],[402110.18500000238,130398.70820000023],[402102.84139999747,130391.36459999904],[402096.20740000159,130384.74060000107],[402094.7845999971,130383.31780000031],[402059.69259999692,130348.36580000073],[402022.97029999644,130311.62350000069],[401990.52109999955,130279.23429999873],[401971.55020000041,130260.28339999914],[401964.83100000024,130253.57420000061],[401957.55160000175,130246.30480000004],[401951.73879999667,130240.50200000033],[401942.31430000067,130231.22709999979],[401900.77839999646,130189.66160000116],[401855.12950000167,130144.37260000035],[401812.61980000138,130101.78299999982],[401760.9130000025,130050.23620000109],[401704.10570000112,129993.4589000009],[401643.44910000265,129932.82239999995],[401588.91669999808,129878.3898999989],[401557.69129999727,129847.14539999887],[401539.77250000089,129829.21570000052],[401521.1074000001,129810.63049999997],[401489.24620000273,129778.91899999976],[401478.73749999702,129768.25129999965],[401461.57999999821,129750.83309999853],[401431.82999999821,129721.04309999943],[401406.66589999944,129695.68899999931],[401389.37740000337,129678.35060000047],[401370.36580000073,129659.27910000086],[401327.49419999868,129617.02650000155],[401301.42180000246,129590.37579999864],[401298.60209999979,129587.59470000118],[401289.93129999936,129579.06379999965],[401283.29909999669,129572.54170000181],[401274.57410000265,129563.95050000027],[401268.25720000267,129557.73009999841],[401235.90609999746,129525.28920000046],[401235.57769999653,129524.96090000123],[401228.77319999784,129518.21620000154],[401222.20910000056,129511.69209999964],[401202.94669999927,129492.56969999894],[401164.45769999921,129454.28090000153],[401128.4157000035,129418.10889999941],[401100.40910000354,129390.16230000183],[401098.72039999813,129388.47360000014],[401089.82039999962,129379.56359999999],[401089.33039999753,129379.07360000163],[401080.52740000188,129370.26060000062],[401069.49689999968,129359.23020000011],[401039.5903000012,129329.46339999884],[401035.1780000031,129325.02519999817],[401012.59089999646,129302.30420000106],[400989.6622999981,129279.63529999927],[400964.78710000217,129254.8403000012],[400953.88139999658,129243.91459999979],[400946.48629999906,129236.49949999899],[400941.01860000193,129231.03180000186],[400935.55349999666,129225.55669999868],[400909.33320000023,129199.2864000015],[400877.16659999639,129167.17980000004],[400847.82249999791,129137.81569999829],[400827.45400000364,129117.3770999983],[400823.21620000154,129113.12269999832],[400822.34380000085,129112.24689999968],[400821.02369999886,129110.91730000079],[400817.78999999911,129107.73259999976],[400798.45920000225,129088.66019999981],[400794.53480000049,129084.78770000115],[400772.41309999675,129062.54630000144],[400771.42660000175,129061.559799999],[400754.74499999732,129044.88819999993],[400746.99930000305,129037.14249999821],[400729.04640000314,129019.20960000157],[400720.44709999859,129010.61030000076],[400717.0401000008,129007.20569999889],[400706.36200000346,128996.53519999981],[400682.45369999856,128972.68690000102],[400661.66110000014,128951.84439999983],[400642.50900000334,128932.80209999904],[400641.86119999737,128932.16389999911],[400629.32829999924,128919.7611999996],[400618.48279999942,128909.02580000088],[400614.87669999897,128905.44979999959],[400604.85920000076,128895.47360000014],[400592.97929999977,128883.64240000024],[400589.42369999737,128880.10680000111],[400579.14220000058,128869.88450000063],[400573.76910000294,128864.54219999909],[400555.7995999977,128846.64279999956],[400537.25400000066,128828.20710000023],[400521.59690000117,128812.40019999817],[400501.88229999691,128792.75530000031],[400481.24570000172,128771.87900000066],[400460.77939999849,128751.49260000139],[400442.03620000184,128732.85920000076],[400427.5075000003,128718.42390000075],[400421.76200000197,128712.71499999985],[400403.28419999778,128694.03750000149],[400384.25819999725,128675.10119999945],[400365.17180000246,128656.25450000167],[400350.95660000294,128641.84980000183],[400343.23629999906,128634.12950000167],[400336.3171999976,128627.2137000002],[400329.09730000049,128619.86510000005],[400316.96720000356,128607.92009999976],[400290.04990000278,128581.13300000131],[400265.17970000207,128556.48279999942],[400255.18609999865,128546.49929999933],[400254.57880000025,128545.89200000092],[400251.02340000123,128542.33659999818],[400231.13409999758,128522.44729999825],[400228.13610000163,128519.47830000147],[400225.127700001,128516.57559999824],[400222.09870000184,128513.70960000157],[400219.04200000316,128510.90049999952],[400215.94520000368,128508.1286999993],[400212.80189999938,128505.37819999829],[400209.63620000333,128502.68930000067],[400206.41359999776,128500.0150000006],[400203.19210000336,128497.40349999815],[400199.79670000076,128494.7324000001],[400197.1697999984,128492.62209999934],[400194.54140000045,128490.45289999992],[400191.96109999716,128488.25530000031],[400189.41130000353,128486.03420000151],[400186.87860000134,128483.75840000063],[400184.38189999759,128481.45300000161],[400181.91579999775,128479.11459999904],[400179.48080000281,128476.73330000043],[400177.09650000185,128474.3387000002],[400174.84449999779,128472.02219999954],[400168.89440000057,128466.03750000149],[400159.6596999988,128456.75490000099],[400155.41160000116,128452.48470000178],[400153.9550999999,128451.01819999889],[400148.79569999874,128445.83889999986],[400127.48589999974,128424.46900000051],[400119.64519999921,128416.59829999879],[400113.14530000091,128410.0784999989],[400111.35509999841,128408.28830000013],[400091.1155000031,128388.31329999864],[400081.53329999745,128378.85619999841],[400061.80479999632,128359.23790000007],[400052.13329999894,128349.62649999931],[400046.16279999912,128343.68600000069],[400042.8171999976,128340.36030000076],[399995.8729000017,128293.1977000013],[399993.35670000315,128290.6697999984],[399964.04829999804,128261.31179999933],[399949.684799999,128247.83500000089],[399937.0951000005,128236.85640000179],[399935.26979999989,128235.40260000154],[399933.09839999676,128233.62550000101],[399930.99310000241,128231.84279999882],[399928.89760000259,128230.02739999816],[399926.81759999692,128228.16560000181],[399924.77539999783,128226.28550000116],[399922.76539999992,128224.38360000029],[399920.77700000256,128222.44920000061],[399918.82090000063,128220.49309999868],[399916.86330000311,128218.48000000045],[399914.2444999963,128215.68919999897],[399911.75630000234,128213.07569999993],[399909.24930000305,128210.4915000014],[399906.94889999926,128208.16209999844],[399904.63650000095,128205.84970000014],[399902.3104000017,128203.57160000131],[399899.92989999801,128201.25970000029],[399897.59009999782,128199.02499999851],[399895.1799999997,128196.77039999887],[399892.78639999777,128194.55050000176],[399890.3342999965,128192.32310000062],[399890.03130000085,128192.0401000008],[399884.01460000128,128186.26330000162],[399878.14630000293,128180.63560000062],[399877.85419999808,128180.35330000147],[399875.47140000015,128178.06980000064],[399873.78760612005,128176.15620622521],[399872.45212065295,128173.98515082858],[399871.50350662065,128171.61932446432],[399870.96915587777,128169.12704192582],[399870.86449815374,128166.5802695118],[399871.19255550916,128164.05254695193],[399871.94385507196,128161.61686389887],[399873.09670257277,128159.34355230389],[399874.61780878127,128157.29825553557],[399876.46325075452,128155.54003288428],[399878.57974014082,128154.1196541863],[399880.90616191621,128153.07813381143],[399883.37533912057,128152.445546346],[399885.91597263701,128152.24015816943],[399888.45470000058,128152.46790000051]]]},"properties":{"OBJECTID":77,"ROUTEID":"13081512","FROMMEASURE":0,"TOMEASURE":4821.3770000000004,"ROUTENAME":"SOUTHERN AVE SE","CORRIDORID":"13081512_1","FROMSTREET":"Driveway-58014302/SOUTH CAPITOL ST BN","TOSTREET":"NAYLOR RD SE","LENGTH_MI":2.9960206400000002,"TIER_1":1,"TIER_2":0,"TIER_3":0,"GIS_ID":"HIN_CorridorsLn_77","SE_ANNO_CAD_DATA":null,"BUFF_DIST":15,"ORIG_FID":77,"SHAPE_Length":9736.9895073899552,"SHAPE_Area":145347.61288005934}}]}